2026-02-01 22:59:55,741:WARNING:
'cuml' is a soft dependency and not included in the pycaret installation. Please run: `pip install cuml` to install.
2026-02-01 22:59:55,741:WARNING:
'cuml' is a soft dependency and not included in the pycaret installation. Please run: `pip install cuml` to install.
2026-02-01 22:59:55,742:WARNING:
'cuml' is a soft dependency and not included in the pycaret installation. Please run: `pip install cuml` to install.
2026-02-01 22:59:55,742:WARNING:
'cuml' is a soft dependency and not included in the pycaret installation. Please run: `pip install cuml` to install.
2026-02-01 23:00:10,068:INFO:PyCaret RegressionExperiment
2026-02-01 23:00:10,068:INFO:Logging name: reg-default-name
2026-02-01 23:00:10,068:INFO:ML Usecase: MLUsecase.REGRESSION
2026-02-01 23:00:10,068:INFO:version 3.3.2
2026-02-01 23:00:10,069:INFO:Initializing setup()
2026-02-01 23:00:10,069:INFO:self.USI: f1a5
2026-02-01 23:00:10,069:INFO:self._variable_keys: {'html_param', 'fold_generator', 'logging_param', 'fold_shuffle_param', 'X', 'memory', 'n_jobs_param', 'exp_name_log', 'X_test', '_ml_usecase', 'y_test', 'gpu_param', 'log_plots_param', 'idx', 'target_param', 'pipeline', 'USI', 'y', 'fold_groups_param', 'X_train', 'data', 'exp_id', 'gpu_n_jobs_param', 'seed', 'y_train', 'transform_target_param', '_available_plots'}
2026-02-01 23:00:10,069:INFO:Checking environment
2026-02-01 23:00:10,069:INFO:python_version: 3.11.14
2026-02-01 23:00:10,069:INFO:python_build: ('main', 'Jan 27 2026 23:42:19')
2026-02-01 23:00:10,069:INFO:machine: AMD64
2026-02-01 23:00:10,069:INFO:platform: Windows-10-10.0.26200-SP0
2026-02-01 23:00:10,069:INFO:Memory: svmem(total=16591982592, available=3053096960, percent=81.6, used=13538885632, free=3053096960)
2026-02-01 23:00:10,070:INFO:Physical Core: 8
2026-02-01 23:00:10,070:INFO:Logical Core: 16
2026-02-01 23:00:10,070:INFO:Checking libraries
2026-02-01 23:00:10,070:INFO:System:
2026-02-01 23:00:10,070:INFO:    python: 3.11.14 (main, Jan 27 2026, 23:42:19) [MSC v.1944 64 bit (AMD64)]
2026-02-01 23:00:10,070:INFO:executable: c:\Users\Shuvo\sleep_data_analysis_bracu\.venv\Scripts\python.exe
2026-02-01 23:00:10,070:INFO:   machine: Windows-10-10.0.26200-SP0
2026-02-01 23:00:10,070:INFO:PyCaret required dependencies:
2026-02-01 23:00:10,071:WARNING:c:\Users\Shuvo\sleep_data_analysis_bracu\.venv\Lib\site-packages\_distutils_hack\__init__.py:30: UserWarning: Setuptools is replacing distutils. Support for replacing an already imported distutils is deprecated. In the future, this condition will fail. Register concerns at https://github.com/pypa/setuptools/issues/new?template=distutils-deprecation.yml
  warnings.warn(

2026-02-01 23:00:10,172:INFO:                 pip: 26.0
2026-02-01 23:00:10,172:INFO:          setuptools: 79.0.1
2026-02-01 23:00:10,172:INFO:             pycaret: 3.3.2
2026-02-01 23:00:10,172:INFO:             IPython: 9.9.0
2026-02-01 23:00:10,172:INFO:          ipywidgets: 8.1.8
2026-02-01 23:00:10,172:INFO:                tqdm: 4.67.2
2026-02-01 23:00:10,172:INFO:               numpy: 1.26.4
2026-02-01 23:00:10,172:INFO:              pandas: 2.1.4
2026-02-01 23:00:10,172:INFO:              jinja2: 3.1.6
2026-02-01 23:00:10,172:INFO:               scipy: 1.11.4
2026-02-01 23:00:10,172:INFO:              joblib: 1.3.2
2026-02-01 23:00:10,172:INFO:             sklearn: 1.4.2
2026-02-01 23:00:10,172:INFO:                pyod: 2.0.6
2026-02-01 23:00:10,172:INFO:            imblearn: 0.14.1
2026-02-01 23:00:10,172:INFO:   category_encoders: 2.7.0
2026-02-01 23:00:10,172:INFO:            lightgbm: 4.6.0
2026-02-01 23:00:10,172:INFO:               numba: 0.63.1
2026-02-01 23:00:10,172:INFO:            requests: 2.32.5
2026-02-01 23:00:10,172:INFO:          matplotlib: 3.7.5
2026-02-01 23:00:10,172:INFO:          scikitplot: 0.3.7
2026-02-01 23:00:10,172:INFO:         yellowbrick: 1.5
2026-02-01 23:00:10,172:INFO:              plotly: 6.5.2
2026-02-01 23:00:10,172:INFO:    plotly-resampler: Not installed
2026-02-01 23:00:10,172:INFO:             kaleido: 1.2.0
2026-02-01 23:00:10,173:INFO:           schemdraw: 0.15
2026-02-01 23:00:10,173:INFO:         statsmodels: 0.14.6
2026-02-01 23:00:10,173:INFO:              sktime: 0.26.0
2026-02-01 23:00:10,173:INFO:               tbats: 1.1.3
2026-02-01 23:00:10,173:INFO:            pmdarima: 2.0.4
2026-02-01 23:00:10,173:INFO:              psutil: 7.2.2
2026-02-01 23:00:10,173:INFO:          markupsafe: 3.0.3
2026-02-01 23:00:10,173:INFO:             pickle5: Not installed
2026-02-01 23:00:10,173:INFO:         cloudpickle: 3.1.2
2026-02-01 23:00:10,173:INFO:         deprecation: 2.1.0
2026-02-01 23:00:10,173:INFO:              xxhash: 3.6.0
2026-02-01 23:00:10,173:INFO:           wurlitzer: Not installed
2026-02-01 23:00:10,173:INFO:PyCaret optional dependencies:
2026-02-01 23:00:10,182:INFO:                shap: Not installed
2026-02-01 23:00:10,182:INFO:           interpret: Not installed
2026-02-01 23:00:10,182:INFO:                umap: Not installed
2026-02-01 23:00:10,182:INFO:     ydata_profiling: Not installed
2026-02-01 23:00:10,182:INFO:  explainerdashboard: Not installed
2026-02-01 23:00:10,182:INFO:             autoviz: Not installed
2026-02-01 23:00:10,182:INFO:           fairlearn: Not installed
2026-02-01 23:00:10,182:INFO:          deepchecks: Not installed
2026-02-01 23:00:10,182:INFO:             xgboost: Not installed
2026-02-01 23:00:10,182:INFO:            catboost: Not installed
2026-02-01 23:00:10,183:INFO:              kmodes: Not installed
2026-02-01 23:00:10,183:INFO:             mlxtend: Not installed
2026-02-01 23:00:10,183:INFO:       statsforecast: Not installed
2026-02-01 23:00:10,183:INFO:        tune_sklearn: Not installed
2026-02-01 23:00:10,183:INFO:                 ray: Not installed
2026-02-01 23:00:10,183:INFO:            hyperopt: Not installed
2026-02-01 23:00:10,183:INFO:              optuna: Not installed
2026-02-01 23:00:10,183:INFO:               skopt: Not installed
2026-02-01 23:00:10,183:INFO:              mlflow: Not installed
2026-02-01 23:00:10,183:INFO:              gradio: Not installed
2026-02-01 23:00:10,183:INFO:             fastapi: Not installed
2026-02-01 23:00:10,183:INFO:             uvicorn: Not installed
2026-02-01 23:00:10,183:INFO:              m2cgen: Not installed
2026-02-01 23:00:10,183:INFO:           evidently: Not installed
2026-02-01 23:00:10,183:INFO:               fugue: Not installed
2026-02-01 23:00:10,183:INFO:           streamlit: Not installed
2026-02-01 23:00:10,183:INFO:             prophet: Not installed
2026-02-01 23:00:10,183:INFO:None
2026-02-01 23:00:10,183:INFO:Set up data.
2026-02-01 23:00:37,034:INFO:PyCaret RegressionExperiment
2026-02-01 23:00:37,034:INFO:Logging name: reg-default-name
2026-02-01 23:00:37,034:INFO:ML Usecase: MLUsecase.REGRESSION
2026-02-01 23:00:37,034:INFO:version 3.3.2
2026-02-01 23:00:37,034:INFO:Initializing setup()
2026-02-01 23:00:37,034:INFO:self.USI: 15bd
2026-02-01 23:00:37,034:INFO:self._variable_keys: {'html_param', 'fold_generator', 'logging_param', 'fold_shuffle_param', 'X', 'memory', 'n_jobs_param', 'exp_name_log', 'X_test', '_ml_usecase', 'y_test', 'gpu_param', 'log_plots_param', 'idx', 'target_param', 'pipeline', 'USI', 'y', 'fold_groups_param', 'X_train', 'data', 'exp_id', 'gpu_n_jobs_param', 'seed', 'y_train', 'transform_target_param', '_available_plots'}
2026-02-01 23:00:37,034:INFO:Checking environment
2026-02-01 23:00:37,034:INFO:python_version: 3.11.14
2026-02-01 23:00:37,034:INFO:python_build: ('main', 'Jan 27 2026 23:42:19')
2026-02-01 23:00:37,034:INFO:machine: AMD64
2026-02-01 23:00:37,034:INFO:platform: Windows-10-10.0.26200-SP0
2026-02-01 23:00:37,034:INFO:Memory: svmem(total=16591982592, available=3195686912, percent=80.7, used=13396295680, free=3195686912)
2026-02-01 23:00:37,034:INFO:Physical Core: 8
2026-02-01 23:00:37,034:INFO:Logical Core: 16
2026-02-01 23:00:37,034:INFO:Checking libraries
2026-02-01 23:00:37,034:INFO:System:
2026-02-01 23:00:37,034:INFO:    python: 3.11.14 (main, Jan 27 2026, 23:42:19) [MSC v.1944 64 bit (AMD64)]
2026-02-01 23:00:37,034:INFO:executable: c:\Users\Shuvo\sleep_data_analysis_bracu\.venv\Scripts\python.exe
2026-02-01 23:00:37,034:INFO:   machine: Windows-10-10.0.26200-SP0
2026-02-01 23:00:37,034:INFO:PyCaret required dependencies:
2026-02-01 23:00:37,034:INFO:                 pip: 26.0
2026-02-01 23:00:37,034:INFO:          setuptools: 79.0.1
2026-02-01 23:00:37,034:INFO:             pycaret: 3.3.2
2026-02-01 23:00:37,034:INFO:             IPython: 9.9.0
2026-02-01 23:00:37,034:INFO:          ipywidgets: 8.1.8
2026-02-01 23:00:37,034:INFO:                tqdm: 4.67.2
2026-02-01 23:00:37,034:INFO:               numpy: 1.26.4
2026-02-01 23:00:37,034:INFO:              pandas: 2.1.4
2026-02-01 23:00:37,034:INFO:              jinja2: 3.1.6
2026-02-01 23:00:37,034:INFO:               scipy: 1.11.4
2026-02-01 23:00:37,034:INFO:              joblib: 1.3.2
2026-02-01 23:00:37,034:INFO:             sklearn: 1.4.2
2026-02-01 23:00:37,034:INFO:                pyod: 2.0.6
2026-02-01 23:00:37,034:INFO:            imblearn: 0.14.1
2026-02-01 23:00:37,034:INFO:   category_encoders: 2.7.0
2026-02-01 23:00:37,034:INFO:            lightgbm: 4.6.0
2026-02-01 23:00:37,034:INFO:               numba: 0.63.1
2026-02-01 23:00:37,034:INFO:            requests: 2.32.5
2026-02-01 23:00:37,034:INFO:          matplotlib: 3.7.5
2026-02-01 23:00:37,034:INFO:          scikitplot: 0.3.7
2026-02-01 23:00:37,034:INFO:         yellowbrick: 1.5
2026-02-01 23:00:37,034:INFO:              plotly: 6.5.2
2026-02-01 23:00:37,034:INFO:    plotly-resampler: Not installed
2026-02-01 23:00:37,034:INFO:             kaleido: 1.2.0
2026-02-01 23:00:37,034:INFO:           schemdraw: 0.15
2026-02-01 23:00:37,034:INFO:         statsmodels: 0.14.6
2026-02-01 23:00:37,034:INFO:              sktime: 0.26.0
2026-02-01 23:00:37,034:INFO:               tbats: 1.1.3
2026-02-01 23:00:37,034:INFO:            pmdarima: 2.0.4
2026-02-01 23:00:37,034:INFO:              psutil: 7.2.2
2026-02-01 23:00:37,034:INFO:          markupsafe: 3.0.3
2026-02-01 23:00:37,034:INFO:             pickle5: Not installed
2026-02-01 23:00:37,034:INFO:         cloudpickle: 3.1.2
2026-02-01 23:00:37,034:INFO:         deprecation: 2.1.0
2026-02-01 23:00:37,034:INFO:              xxhash: 3.6.0
2026-02-01 23:00:37,034:INFO:           wurlitzer: Not installed
2026-02-01 23:00:37,034:INFO:PyCaret optional dependencies:
2026-02-01 23:00:37,034:INFO:                shap: Not installed
2026-02-01 23:00:37,034:INFO:           interpret: Not installed
2026-02-01 23:00:37,034:INFO:                umap: Not installed
2026-02-01 23:00:37,034:INFO:     ydata_profiling: Not installed
2026-02-01 23:00:37,034:INFO:  explainerdashboard: Not installed
2026-02-01 23:00:37,034:INFO:             autoviz: Not installed
2026-02-01 23:00:37,034:INFO:           fairlearn: Not installed
2026-02-01 23:00:37,034:INFO:          deepchecks: Not installed
2026-02-01 23:00:37,034:INFO:             xgboost: Not installed
2026-02-01 23:00:37,034:INFO:            catboost: Not installed
2026-02-01 23:00:37,034:INFO:              kmodes: Not installed
2026-02-01 23:00:37,034:INFO:             mlxtend: Not installed
2026-02-01 23:00:37,034:INFO:       statsforecast: Not installed
2026-02-01 23:00:37,034:INFO:        tune_sklearn: Not installed
2026-02-01 23:00:37,038:INFO:                 ray: Not installed
2026-02-01 23:00:37,038:INFO:            hyperopt: Not installed
2026-02-01 23:00:37,038:INFO:              optuna: Not installed
2026-02-01 23:00:37,038:INFO:               skopt: Not installed
2026-02-01 23:00:37,038:INFO:              mlflow: Not installed
2026-02-01 23:00:37,038:INFO:              gradio: Not installed
2026-02-01 23:00:37,038:INFO:             fastapi: Not installed
2026-02-01 23:00:37,038:INFO:             uvicorn: Not installed
2026-02-01 23:00:37,038:INFO:              m2cgen: Not installed
2026-02-01 23:00:37,038:INFO:           evidently: Not installed
2026-02-01 23:00:37,038:INFO:               fugue: Not installed
2026-02-01 23:00:37,038:INFO:           streamlit: Not installed
2026-02-01 23:00:37,038:INFO:             prophet: Not installed
2026-02-01 23:00:37,038:INFO:None
2026-02-01 23:00:37,038:INFO:Set up data.
2026-02-01 23:01:39,036:INFO:PyCaret RegressionExperiment
2026-02-01 23:01:39,036:INFO:Logging name: reg-default-name
2026-02-01 23:01:39,036:INFO:ML Usecase: MLUsecase.REGRESSION
2026-02-01 23:01:39,036:INFO:version 3.3.2
2026-02-01 23:01:39,036:INFO:Initializing setup()
2026-02-01 23:01:39,036:INFO:self.USI: 331e
2026-02-01 23:01:39,036:INFO:self._variable_keys: {'html_param', 'fold_generator', 'logging_param', 'fold_shuffle_param', 'X', 'memory', 'n_jobs_param', 'exp_name_log', 'X_test', '_ml_usecase', 'y_test', 'gpu_param', 'log_plots_param', 'idx', 'target_param', 'pipeline', 'USI', 'y', 'fold_groups_param', 'X_train', 'data', 'exp_id', 'gpu_n_jobs_param', 'seed', 'y_train', 'transform_target_param', '_available_plots'}
2026-02-01 23:01:39,036:INFO:Checking environment
2026-02-01 23:01:39,036:INFO:python_version: 3.11.14
2026-02-01 23:01:39,036:INFO:python_build: ('main', 'Jan 27 2026 23:42:19')
2026-02-01 23:01:39,036:INFO:machine: AMD64
2026-02-01 23:01:39,036:INFO:platform: Windows-10-10.0.26200-SP0
2026-02-01 23:01:39,036:INFO:Memory: svmem(total=16591982592, available=2801917952, percent=83.1, used=13790064640, free=2801917952)
2026-02-01 23:01:39,036:INFO:Physical Core: 8
2026-02-01 23:01:39,036:INFO:Logical Core: 16
2026-02-01 23:01:39,036:INFO:Checking libraries
2026-02-01 23:01:39,036:INFO:System:
2026-02-01 23:01:39,036:INFO:    python: 3.11.14 (main, Jan 27 2026, 23:42:19) [MSC v.1944 64 bit (AMD64)]
2026-02-01 23:01:39,036:INFO:executable: c:\Users\Shuvo\sleep_data_analysis_bracu\.venv\Scripts\python.exe
2026-02-01 23:01:39,036:INFO:   machine: Windows-10-10.0.26200-SP0
2026-02-01 23:01:39,036:INFO:PyCaret required dependencies:
2026-02-01 23:01:39,036:INFO:                 pip: 26.0
2026-02-01 23:01:39,037:INFO:          setuptools: 79.0.1
2026-02-01 23:01:39,037:INFO:             pycaret: 3.3.2
2026-02-01 23:01:39,037:INFO:             IPython: 9.9.0
2026-02-01 23:01:39,037:INFO:          ipywidgets: 8.1.8
2026-02-01 23:01:39,037:INFO:                tqdm: 4.67.2
2026-02-01 23:01:39,037:INFO:               numpy: 1.26.4
2026-02-01 23:01:39,037:INFO:              pandas: 2.1.4
2026-02-01 23:01:39,037:INFO:              jinja2: 3.1.6
2026-02-01 23:01:39,037:INFO:               scipy: 1.11.4
2026-02-01 23:01:39,037:INFO:              joblib: 1.3.2
2026-02-01 23:01:39,037:INFO:             sklearn: 1.4.2
2026-02-01 23:01:39,037:INFO:                pyod: 2.0.6
2026-02-01 23:01:39,037:INFO:            imblearn: 0.14.1
2026-02-01 23:01:39,037:INFO:   category_encoders: 2.7.0
2026-02-01 23:01:39,037:INFO:            lightgbm: 4.6.0
2026-02-01 23:01:39,037:INFO:               numba: 0.63.1
2026-02-01 23:01:39,037:INFO:            requests: 2.32.5
2026-02-01 23:01:39,037:INFO:          matplotlib: 3.7.5
2026-02-01 23:01:39,037:INFO:          scikitplot: 0.3.7
2026-02-01 23:01:39,037:INFO:         yellowbrick: 1.5
2026-02-01 23:01:39,037:INFO:              plotly: 6.5.2
2026-02-01 23:01:39,037:INFO:    plotly-resampler: Not installed
2026-02-01 23:01:39,037:INFO:             kaleido: 1.2.0
2026-02-01 23:01:39,037:INFO:           schemdraw: 0.15
2026-02-01 23:01:39,037:INFO:         statsmodels: 0.14.6
2026-02-01 23:01:39,037:INFO:              sktime: 0.26.0
2026-02-01 23:01:39,037:INFO:               tbats: 1.1.3
2026-02-01 23:01:39,037:INFO:            pmdarima: 2.0.4
2026-02-01 23:01:39,037:INFO:              psutil: 7.2.2
2026-02-01 23:01:39,037:INFO:          markupsafe: 3.0.3
2026-02-01 23:01:39,037:INFO:             pickle5: Not installed
2026-02-01 23:01:39,037:INFO:         cloudpickle: 3.1.2
2026-02-01 23:01:39,038:INFO:         deprecation: 2.1.0
2026-02-01 23:01:39,038:INFO:              xxhash: 3.6.0
2026-02-01 23:01:39,038:INFO:           wurlitzer: Not installed
2026-02-01 23:01:39,038:INFO:PyCaret optional dependencies:
2026-02-01 23:01:39,038:INFO:                shap: Not installed
2026-02-01 23:01:39,038:INFO:           interpret: Not installed
2026-02-01 23:01:39,038:INFO:                umap: Not installed
2026-02-01 23:01:39,038:INFO:     ydata_profiling: Not installed
2026-02-01 23:01:39,038:INFO:  explainerdashboard: Not installed
2026-02-01 23:01:39,038:INFO:             autoviz: Not installed
2026-02-01 23:01:39,038:INFO:           fairlearn: Not installed
2026-02-01 23:01:39,038:INFO:          deepchecks: Not installed
2026-02-01 23:01:39,038:INFO:             xgboost: Not installed
2026-02-01 23:01:39,038:INFO:            catboost: Not installed
2026-02-01 23:01:39,038:INFO:              kmodes: Not installed
2026-02-01 23:01:39,038:INFO:             mlxtend: Not installed
2026-02-01 23:01:39,038:INFO:       statsforecast: Not installed
2026-02-01 23:01:39,038:INFO:        tune_sklearn: Not installed
2026-02-01 23:01:39,038:INFO:                 ray: Not installed
2026-02-01 23:01:39,038:INFO:            hyperopt: Not installed
2026-02-01 23:01:39,038:INFO:              optuna: Not installed
2026-02-01 23:01:39,038:INFO:               skopt: Not installed
2026-02-01 23:01:39,038:INFO:              mlflow: Not installed
2026-02-01 23:01:39,038:INFO:              gradio: Not installed
2026-02-01 23:01:39,038:INFO:             fastapi: Not installed
2026-02-01 23:01:39,038:INFO:             uvicorn: Not installed
2026-02-01 23:01:39,038:INFO:              m2cgen: Not installed
2026-02-01 23:01:39,039:INFO:           evidently: Not installed
2026-02-01 23:01:39,039:INFO:               fugue: Not installed
2026-02-01 23:01:39,039:INFO:           streamlit: Not installed
2026-02-01 23:01:39,039:INFO:             prophet: Not installed
2026-02-01 23:01:39,039:INFO:None
2026-02-01 23:01:39,039:INFO:Set up data.
2026-02-01 23:01:39,046:INFO:Set up folding strategy.
2026-02-01 23:01:39,046:INFO:Set up train/test split.
2026-02-01 23:01:39,095:INFO:Set up index.
2026-02-01 23:01:39,095:INFO:Assigning column types.
2026-02-01 23:01:39,098:INFO:Engine successfully changes for model 'lr' to 'sklearn'.
2026-02-01 23:01:39,098:INFO:Engine for model 'lasso' has not been set explicitly, hence returning None.
2026-02-01 23:01:39,103:INFO:Engine for model 'ridge' has not been set explicitly, hence returning None.
2026-02-01 23:01:39,108:INFO:Engine for model 'en' has not been set explicitly, hence returning None.
2026-02-01 23:01:39,163:INFO:Engine for model 'svm' has not been set explicitly, hence returning None.
2026-02-01 23:01:39,206:INFO:Engine for model 'knn' has not been set explicitly, hence returning None.
2026-02-01 23:01:39,207:WARNING:
'xgboost' is a soft dependency and not included in the pycaret installation. Please run: `pip install xgboost` to install.
Alternately, you can install this by running `pip install pycaret[models]`
2026-02-01 23:01:39,207:WARNING:
'catboost' is a soft dependency and not included in the pycaret installation. Please run: `pip install catboost` to install.
Alternately, you can install this by running `pip install pycaret[models]`
2026-02-01 23:01:39,207:INFO:Engine for model 'lasso' has not been set explicitly, hence returning None.
2026-02-01 23:01:39,212:INFO:Engine for model 'ridge' has not been set explicitly, hence returning None.
2026-02-01 23:01:39,216:INFO:Engine for model 'en' has not been set explicitly, hence returning None.
2026-02-01 23:01:39,270:INFO:Engine for model 'svm' has not been set explicitly, hence returning None.
2026-02-01 23:01:39,313:INFO:Engine for model 'knn' has not been set explicitly, hence returning None.
2026-02-01 23:01:39,313:WARNING:
'xgboost' is a soft dependency and not included in the pycaret installation. Please run: `pip install xgboost` to install.
Alternately, you can install this by running `pip install pycaret[models]`
2026-02-01 23:01:39,313:WARNING:
'catboost' is a soft dependency and not included in the pycaret installation. Please run: `pip install catboost` to install.
Alternately, you can install this by running `pip install pycaret[models]`
2026-02-01 23:01:39,314:INFO:Engine successfully changes for model 'lasso' to 'sklearn'.
2026-02-01 23:01:39,318:INFO:Engine for model 'ridge' has not been set explicitly, hence returning None.
2026-02-01 23:01:39,322:INFO:Engine for model 'en' has not been set explicitly, hence returning None.
2026-02-01 23:01:39,377:INFO:Engine for model 'svm' has not been set explicitly, hence returning None.
2026-02-01 23:01:39,421:INFO:Engine for model 'knn' has not been set explicitly, hence returning None.
2026-02-01 23:01:39,421:WARNING:
'xgboost' is a soft dependency and not included in the pycaret installation. Please run: `pip install xgboost` to install.
Alternately, you can install this by running `pip install pycaret[models]`
2026-02-01 23:01:39,421:WARNING:
'catboost' is a soft dependency and not included in the pycaret installation. Please run: `pip install catboost` to install.
Alternately, you can install this by running `pip install pycaret[models]`
2026-02-01 23:01:39,426:INFO:Engine for model 'ridge' has not been set explicitly, hence returning None.
2026-02-01 23:01:39,430:INFO:Engine for model 'en' has not been set explicitly, hence returning None.
2026-02-01 23:01:39,485:INFO:Engine for model 'svm' has not been set explicitly, hence returning None.
2026-02-01 23:01:39,528:INFO:Engine for model 'knn' has not been set explicitly, hence returning None.
2026-02-01 23:01:39,529:WARNING:
'xgboost' is a soft dependency and not included in the pycaret installation. Please run: `pip install xgboost` to install.
Alternately, you can install this by running `pip install pycaret[models]`
2026-02-01 23:01:39,529:WARNING:
'catboost' is a soft dependency and not included in the pycaret installation. Please run: `pip install catboost` to install.
Alternately, you can install this by running `pip install pycaret[models]`
2026-02-01 23:01:39,529:INFO:Engine successfully changes for model 'ridge' to 'sklearn'.
2026-02-01 23:01:39,538:INFO:Engine for model 'en' has not been set explicitly, hence returning None.
2026-02-01 23:01:39,592:INFO:Engine for model 'svm' has not been set explicitly, hence returning None.
2026-02-01 23:01:39,635:INFO:Engine for model 'knn' has not been set explicitly, hence returning None.
2026-02-01 23:01:39,635:WARNING:
'xgboost' is a soft dependency and not included in the pycaret installation. Please run: `pip install xgboost` to install.
Alternately, you can install this by running `pip install pycaret[models]`
2026-02-01 23:01:39,636:WARNING:
'catboost' is a soft dependency and not included in the pycaret installation. Please run: `pip install catboost` to install.
Alternately, you can install this by running `pip install pycaret[models]`
2026-02-01 23:01:39,645:INFO:Engine for model 'en' has not been set explicitly, hence returning None.
2026-02-01 23:01:39,699:INFO:Engine for model 'svm' has not been set explicitly, hence returning None.
2026-02-01 23:01:39,743:INFO:Engine for model 'knn' has not been set explicitly, hence returning None.
2026-02-01 23:01:39,743:WARNING:
'xgboost' is a soft dependency and not included in the pycaret installation. Please run: `pip install xgboost` to install.
Alternately, you can install this by running `pip install pycaret[models]`
2026-02-01 23:01:39,744:WARNING:
'catboost' is a soft dependency and not included in the pycaret installation. Please run: `pip install catboost` to install.
Alternately, you can install this by running `pip install pycaret[models]`
2026-02-01 23:01:39,744:INFO:Engine successfully changes for model 'en' to 'sklearn'.
2026-02-01 23:01:39,807:INFO:Engine for model 'svm' has not been set explicitly, hence returning None.
2026-02-01 23:01:39,850:INFO:Engine for model 'knn' has not been set explicitly, hence returning None.
2026-02-01 23:01:39,851:WARNING:
'xgboost' is a soft dependency and not included in the pycaret installation. Please run: `pip install xgboost` to install.
Alternately, you can install this by running `pip install pycaret[models]`
2026-02-01 23:01:39,851:WARNING:
'catboost' is a soft dependency and not included in the pycaret installation. Please run: `pip install catboost` to install.
Alternately, you can install this by running `pip install pycaret[models]`
2026-02-01 23:01:39,915:INFO:Engine for model 'svm' has not been set explicitly, hence returning None.
2026-02-01 23:01:39,959:INFO:Engine for model 'knn' has not been set explicitly, hence returning None.
2026-02-01 23:01:39,959:WARNING:
'xgboost' is a soft dependency and not included in the pycaret installation. Please run: `pip install xgboost` to install.
Alternately, you can install this by running `pip install pycaret[models]`
2026-02-01 23:01:39,959:WARNING:
'catboost' is a soft dependency and not included in the pycaret installation. Please run: `pip install catboost` to install.
Alternately, you can install this by running `pip install pycaret[models]`
2026-02-01 23:01:39,960:INFO:Engine successfully changes for model 'knn' to 'sklearn'.
2026-02-01 23:01:40,025:INFO:Engine for model 'svm' has not been set explicitly, hence returning None.
2026-02-01 23:01:40,071:WARNING:
'xgboost' is a soft dependency and not included in the pycaret installation. Please run: `pip install xgboost` to install.
Alternately, you can install this by running `pip install pycaret[models]`
2026-02-01 23:01:40,071:WARNING:
'catboost' is a soft dependency and not included in the pycaret installation. Please run: `pip install catboost` to install.
Alternately, you can install this by running `pip install pycaret[models]`
2026-02-01 23:01:40,140:INFO:Engine for model 'svm' has not been set explicitly, hence returning None.
2026-02-01 23:01:40,185:WARNING:
'xgboost' is a soft dependency and not included in the pycaret installation. Please run: `pip install xgboost` to install.
Alternately, you can install this by running `pip install pycaret[models]`
2026-02-01 23:01:40,185:WARNING:
'catboost' is a soft dependency and not included in the pycaret installation. Please run: `pip install catboost` to install.
Alternately, you can install this by running `pip install pycaret[models]`
2026-02-01 23:01:40,186:INFO:Engine successfully changes for model 'svm' to 'sklearn'.
2026-02-01 23:01:40,292:WARNING:
'xgboost' is a soft dependency and not included in the pycaret installation. Please run: `pip install xgboost` to install.
Alternately, you can install this by running `pip install pycaret[models]`
2026-02-01 23:01:40,292:WARNING:
'catboost' is a soft dependency and not included in the pycaret installation. Please run: `pip install catboost` to install.
Alternately, you can install this by running `pip install pycaret[models]`
2026-02-01 23:01:40,400:WARNING:
'xgboost' is a soft dependency and not included in the pycaret installation. Please run: `pip install xgboost` to install.
Alternately, you can install this by running `pip install pycaret[models]`
2026-02-01 23:01:40,401:WARNING:
'catboost' is a soft dependency and not included in the pycaret installation. Please run: `pip install catboost` to install.
Alternately, you can install this by running `pip install pycaret[models]`
2026-02-01 23:01:40,402:INFO:Preparing preprocessing pipeline...
2026-02-01 23:01:40,402:INFO:Set up simple imputation.
2026-02-01 23:01:40,405:INFO:Set up encoding of ordinal features.
2026-02-01 23:01:40,407:INFO:Set up encoding of categorical features.
2026-02-01 23:01:40,407:INFO:Set up column name cleaning.
2026-02-01 23:01:40,559:INFO:Finished creating preprocessing pipeline.
2026-02-01 23:01:40,587:INFO:Pipeline: Pipeline(memory=FastMemory(location=C:\Users\Shuvo\AppData\Local\Temp\joblib),
         steps=[('numerical_imputer',
                 TransformerWrapper(include=['Person ID', 'Age',
                                             'Sleep Duration',
                                             'Physical Activity Level',
                                             'Stress Level', 'Heart Rate',
                                             'Daily Steps'],
                                    transformer=SimpleImputer())),
                ('categorical_imputer',
                 TransformerWrapper(include=['Gender', 'Occupation',
                                             'BMI Category', 'B...
                                                                         'data_type': dtype('O'),
                                                                         'mapping': Insomnia       0
Sleep Apnea    1
NaN           -1
dtype: int64}]))),
                ('onehot_encoding',
                 TransformerWrapper(include=['Occupation', 'BMI Category',
                                             'Blood Pressure'],
                                    transformer=OneHotEncoder(cols=['Occupation',
                                                                    'BMI '
                                                                    'Category',
                                                                    'Blood '
                                                                    'Pressure'],
                                                              handle_missing='return_nan',
                                                              use_cat_names=True))),
                ('clean_column_names',
                 TransformerWrapper(transformer=CleanColumnNames()))])
2026-02-01 23:01:40,587:INFO:Creating final display dataframe.
2026-02-01 23:01:40,852:INFO:Setup _display_container:                     Description             Value
0                    Session id                12
1                        Target  Quality of Sleep
2                   Target type        Regression
3           Original data shape         (374, 13)
4        Transformed data shape         (374, 46)
5   Transformed train set shape         (261, 46)
6    Transformed test set shape         (113, 46)
7              Numeric features                 7
8          Categorical features                 5
9      Rows with missing values             58.6%
10                   Preprocess              True
11              Imputation type            simple
12           Numeric imputation              mean
13       Categorical imputation              mode
14     Maximum one-hot encoding                25
15              Encoding method              None
16               Fold Generator             KFold
17                  Fold Number                10
18                     CPU Jobs                -1
19                      Use GPU             False
20               Log Experiment             False
21              Experiment Name  reg-default-name
22                          USI              331e
2026-02-01 23:01:40,968:WARNING:
'xgboost' is a soft dependency and not included in the pycaret installation. Please run: `pip install xgboost` to install.
Alternately, you can install this by running `pip install pycaret[models]`
2026-02-01 23:01:40,968:WARNING:
'catboost' is a soft dependency and not included in the pycaret installation. Please run: `pip install catboost` to install.
Alternately, you can install this by running `pip install pycaret[models]`
2026-02-01 23:01:41,078:WARNING:
'xgboost' is a soft dependency and not included in the pycaret installation. Please run: `pip install xgboost` to install.
Alternately, you can install this by running `pip install pycaret[models]`
2026-02-01 23:01:41,079:WARNING:
'catboost' is a soft dependency and not included in the pycaret installation. Please run: `pip install catboost` to install.
Alternately, you can install this by running `pip install pycaret[models]`
2026-02-01 23:01:41,079:INFO:setup() successfully completed in 2.05s...............
2026-02-01 23:02:12,682:INFO:Initializing compare_models()
2026-02-01 23:02:12,682:INFO:compare_models(self=<pycaret.regression.oop.RegressionExperiment object at 0x000001220BA5CED0>, include=None, exclude=None, fold=None, round=4, cross_validation=True, sort=R2, n_select=1, budget_time=None, turbo=True, errors=ignore, fit_kwargs=None, groups=None, experiment_custom_tags=None, probability_threshold=None, verbose=True, parallel=None, caller_params={'self': <pycaret.regression.oop.RegressionExperiment object at 0x000001220BA5CED0>, 'include': None, 'exclude': None, 'fold': None, 'round': 4, 'cross_validation': True, 'sort': 'R2', 'n_select': 1, 'budget_time': None, 'turbo': True, 'errors': 'ignore', 'fit_kwargs': None, 'groups': None, 'experiment_custom_tags': None, 'engine': None, 'verbose': True, 'parallel': None, '__class__': <class 'pycaret.regression.oop.RegressionExperiment'>})
2026-02-01 23:02:12,682:INFO:Checking exceptions
2026-02-01 23:02:12,685:INFO:Preparing display monitor
2026-02-01 23:02:12,708:INFO:Initializing Linear Regression
2026-02-01 23:02:12,709:INFO:Total runtime is 1.6717116038004556e-05 minutes
2026-02-01 23:02:12,712:INFO:SubProcess create_model() called ==================================
2026-02-01 23:02:12,712:INFO:Initializing create_model()
2026-02-01 23:02:12,713:INFO:create_model(self=<pycaret.regression.oop.RegressionExperiment object at 0x000001220BA5CED0>, estimator=lr, fold=KFold(n_splits=10, random_state=None, shuffle=False), round=4, cross_validation=True, predict=True, fit_kwargs={}, groups=None, refit=False, probability_threshold=None, experiment_custom_tags=None, verbose=False, system=False, add_to_model_list=True, metrics=None, display=<pycaret.internal.display.display.CommonDisplay object at 0x00000122110357D0>, model_only=True, return_train_score=False, error_score=0.0, kwargs={})
2026-02-01 23:02:12,713:INFO:Checking exceptions
2026-02-01 23:02:12,713:INFO:Importing libraries
2026-02-01 23:02:12,713:INFO:Copying training dataset
2026-02-01 23:02:12,718:INFO:Defining folds
2026-02-01 23:02:12,718:INFO:Declaring metric variables
2026-02-01 23:02:12,722:INFO:Importing untrained model
2026-02-01 23:02:12,725:INFO:Linear Regression Imported successfully
2026-02-01 23:02:12,732:INFO:Starting cross validation
2026-02-01 23:02:12,743:INFO:Cross validating with KFold(n_splits=10, random_state=None, shuffle=False), n_jobs=-1
2026-02-01 23:02:17,632:WARNING:c:\Users\Shuvo\sleep_data_analysis_bracu\.venv\Lib\site-packages\_distutils_hack\__init__.py:30: UserWarning: Setuptools is replacing distutils. Support for replacing an already imported distutils is deprecated. In the future, this condition will fail. Register concerns at https://github.com/pypa/setuptools/issues/new?template=distutils-deprecation.yml
  warnings.warn(

2026-02-01 23:02:17,640:WARNING:c:\Users\Shuvo\sleep_data_analysis_bracu\.venv\Lib\site-packages\_distutils_hack\__init__.py:30: UserWarning: Setuptools is replacing distutils. Support for replacing an already imported distutils is deprecated. In the future, this condition will fail. Register concerns at https://github.com/pypa/setuptools/issues/new?template=distutils-deprecation.yml
  warnings.warn(

2026-02-01 23:02:17,641:WARNING:c:\Users\Shuvo\sleep_data_analysis_bracu\.venv\Lib\site-packages\_distutils_hack\__init__.py:30: UserWarning: Setuptools is replacing distutils. Support for replacing an already imported distutils is deprecated. In the future, this condition will fail. Register concerns at https://github.com/pypa/setuptools/issues/new?template=distutils-deprecation.yml
  warnings.warn(

2026-02-01 23:02:17,647:WARNING:c:\Users\Shuvo\sleep_data_analysis_bracu\.venv\Lib\site-packages\_distutils_hack\__init__.py:30: UserWarning: Setuptools is replacing distutils. Support for replacing an already imported distutils is deprecated. In the future, this condition will fail. Register concerns at https://github.com/pypa/setuptools/issues/new?template=distutils-deprecation.yml
  warnings.warn(

2026-02-01 23:02:17,662:WARNING:c:\Users\Shuvo\sleep_data_analysis_bracu\.venv\Lib\site-packages\_distutils_hack\__init__.py:30: UserWarning: Setuptools is replacing distutils. Support for replacing an already imported distutils is deprecated. In the future, this condition will fail. Register concerns at https://github.com/pypa/setuptools/issues/new?template=distutils-deprecation.yml
  warnings.warn(

2026-02-01 23:02:17,675:WARNING:c:\Users\Shuvo\sleep_data_analysis_bracu\.venv\Lib\site-packages\_distutils_hack\__init__.py:30: UserWarning: Setuptools is replacing distutils. Support for replacing an already imported distutils is deprecated. In the future, this condition will fail. Register concerns at https://github.com/pypa/setuptools/issues/new?template=distutils-deprecation.yml
  warnings.warn(

2026-02-01 23:02:17,713:WARNING:c:\Users\Shuvo\sleep_data_analysis_bracu\.venv\Lib\site-packages\_distutils_hack\__init__.py:30: UserWarning: Setuptools is replacing distutils. Support for replacing an already imported distutils is deprecated. In the future, this condition will fail. Register concerns at https://github.com/pypa/setuptools/issues/new?template=distutils-deprecation.yml
  warnings.warn(

2026-02-01 23:02:17,722:WARNING:c:\Users\Shuvo\sleep_data_analysis_bracu\.venv\Lib\site-packages\_distutils_hack\__init__.py:30: UserWarning: Setuptools is replacing distutils. Support for replacing an already imported distutils is deprecated. In the future, this condition will fail. Register concerns at https://github.com/pypa/setuptools/issues/new?template=distutils-deprecation.yml
  warnings.warn(

2026-02-01 23:02:17,724:WARNING:c:\Users\Shuvo\sleep_data_analysis_bracu\.venv\Lib\site-packages\_distutils_hack\__init__.py:30: UserWarning: Setuptools is replacing distutils. Support for replacing an already imported distutils is deprecated. In the future, this condition will fail. Register concerns at https://github.com/pypa/setuptools/issues/new?template=distutils-deprecation.yml
  warnings.warn(

2026-02-01 23:02:17,734:WARNING:c:\Users\Shuvo\sleep_data_analysis_bracu\.venv\Lib\site-packages\_distutils_hack\__init__.py:30: UserWarning: Setuptools is replacing distutils. Support for replacing an already imported distutils is deprecated. In the future, this condition will fail. Register concerns at https://github.com/pypa/setuptools/issues/new?template=distutils-deprecation.yml
  warnings.warn(

2026-02-01 23:02:17,997:INFO:Calculating mean and std
2026-02-01 23:02:18,000:INFO:Creating metrics dataframe
2026-02-01 23:02:18,004:INFO:Uploading results into container
2026-02-01 23:02:18,005:INFO:Uploading model into container now
2026-02-01 23:02:18,007:INFO:_master_model_container: 1
2026-02-01 23:02:18,007:INFO:_display_container: 2
2026-02-01 23:02:18,007:INFO:LinearRegression(n_jobs=-1)
2026-02-01 23:02:18,007:INFO:create_model() successfully completed......................................
2026-02-01 23:02:18,207:INFO:SubProcess create_model() end ==================================
2026-02-01 23:02:18,207:INFO:Creating metrics dataframe
2026-02-01 23:02:18,214:INFO:Initializing Lasso Regression
2026-02-01 23:02:18,214:INFO:Total runtime is 0.09176575740178425 minutes
2026-02-01 23:02:18,217:INFO:SubProcess create_model() called ==================================
2026-02-01 23:02:18,218:INFO:Initializing create_model()
2026-02-01 23:02:18,218:INFO:create_model(self=<pycaret.regression.oop.RegressionExperiment object at 0x000001220BA5CED0>, estimator=lasso, fold=KFold(n_splits=10, random_state=None, shuffle=False), round=4, cross_validation=True, predict=True, fit_kwargs={}, groups=None, refit=False, probability_threshold=None, experiment_custom_tags=None, verbose=False, system=False, add_to_model_list=True, metrics=None, display=<pycaret.internal.display.display.CommonDisplay object at 0x00000122110357D0>, model_only=True, return_train_score=False, error_score=0.0, kwargs={})
2026-02-01 23:02:18,218:INFO:Checking exceptions
2026-02-01 23:02:18,218:INFO:Importing libraries
2026-02-01 23:02:18,218:INFO:Copying training dataset
2026-02-01 23:02:18,224:INFO:Defining folds
2026-02-01 23:02:18,224:INFO:Declaring metric variables
2026-02-01 23:02:18,228:INFO:Importing untrained model
2026-02-01 23:02:18,232:INFO:Lasso Regression Imported successfully
2026-02-01 23:02:18,240:INFO:Starting cross validation
2026-02-01 23:02:18,242:INFO:Cross validating with KFold(n_splits=10, random_state=None, shuffle=False), n_jobs=-1
2026-02-01 23:02:21,506:WARNING:c:\Users\Shuvo\sleep_data_analysis_bracu\.venv\Lib\site-packages\_distutils_hack\__init__.py:30: UserWarning: Setuptools is replacing distutils. Support for replacing an already imported distutils is deprecated. In the future, this condition will fail. Register concerns at https://github.com/pypa/setuptools/issues/new?template=distutils-deprecation.yml
  warnings.warn(

2026-02-01 23:02:21,514:WARNING:c:\Users\Shuvo\sleep_data_analysis_bracu\.venv\Lib\site-packages\_distutils_hack\__init__.py:30: UserWarning: Setuptools is replacing distutils. Support for replacing an already imported distutils is deprecated. In the future, this condition will fail. Register concerns at https://github.com/pypa/setuptools/issues/new?template=distutils-deprecation.yml
  warnings.warn(

2026-02-01 23:02:21,522:WARNING:c:\Users\Shuvo\sleep_data_analysis_bracu\.venv\Lib\site-packages\_distutils_hack\__init__.py:30: UserWarning: Setuptools is replacing distutils. Support for replacing an already imported distutils is deprecated. In the future, this condition will fail. Register concerns at https://github.com/pypa/setuptools/issues/new?template=distutils-deprecation.yml
  warnings.warn(

2026-02-01 23:02:21,525:WARNING:c:\Users\Shuvo\sleep_data_analysis_bracu\.venv\Lib\site-packages\_distutils_hack\__init__.py:30: UserWarning: Setuptools is replacing distutils. Support for replacing an already imported distutils is deprecated. In the future, this condition will fail. Register concerns at https://github.com/pypa/setuptools/issues/new?template=distutils-deprecation.yml
  warnings.warn(

2026-02-01 23:02:21,533:WARNING:c:\Users\Shuvo\sleep_data_analysis_bracu\.venv\Lib\site-packages\_distutils_hack\__init__.py:30: UserWarning: Setuptools is replacing distutils. Support for replacing an already imported distutils is deprecated. In the future, this condition will fail. Register concerns at https://github.com/pypa/setuptools/issues/new?template=distutils-deprecation.yml
  warnings.warn(

2026-02-01 23:02:21,535:WARNING:c:\Users\Shuvo\sleep_data_analysis_bracu\.venv\Lib\site-packages\_distutils_hack\__init__.py:30: UserWarning: Setuptools is replacing distutils. Support for replacing an already imported distutils is deprecated. In the future, this condition will fail. Register concerns at https://github.com/pypa/setuptools/issues/new?template=distutils-deprecation.yml
  warnings.warn(

2026-02-01 23:02:21,690:INFO:Calculating mean and std
2026-02-01 23:02:21,691:INFO:Creating metrics dataframe
2026-02-01 23:02:21,694:INFO:Uploading results into container
2026-02-01 23:02:21,694:INFO:Uploading model into container now
2026-02-01 23:02:21,695:INFO:_master_model_container: 2
2026-02-01 23:02:21,695:INFO:_display_container: 2
2026-02-01 23:02:21,696:INFO:Lasso(random_state=12)
2026-02-01 23:02:21,696:INFO:create_model() successfully completed......................................
2026-02-01 23:02:21,867:INFO:SubProcess create_model() end ==================================
2026-02-01 23:02:21,867:INFO:Creating metrics dataframe
2026-02-01 23:02:21,880:INFO:Initializing Ridge Regression
2026-02-01 23:02:21,880:INFO:Total runtime is 0.15287125905354815 minutes
2026-02-01 23:02:21,883:INFO:SubProcess create_model() called ==================================
2026-02-01 23:02:21,884:INFO:Initializing create_model()
2026-02-01 23:02:21,884:INFO:create_model(self=<pycaret.regression.oop.RegressionExperiment object at 0x000001220BA5CED0>, estimator=ridge, fold=KFold(n_splits=10, random_state=None, shuffle=False), round=4, cross_validation=True, predict=True, fit_kwargs={}, groups=None, refit=False, probability_threshold=None, experiment_custom_tags=None, verbose=False, system=False, add_to_model_list=True, metrics=None, display=<pycaret.internal.display.display.CommonDisplay object at 0x00000122110357D0>, model_only=True, return_train_score=False, error_score=0.0, kwargs={})
2026-02-01 23:02:21,884:INFO:Checking exceptions
2026-02-01 23:02:21,884:INFO:Importing libraries
2026-02-01 23:02:21,884:INFO:Copying training dataset
2026-02-01 23:02:21,888:INFO:Defining folds
2026-02-01 23:02:21,888:INFO:Declaring metric variables
2026-02-01 23:02:21,892:INFO:Importing untrained model
2026-02-01 23:02:21,896:INFO:Ridge Regression Imported successfully
2026-02-01 23:02:21,902:INFO:Starting cross validation
2026-02-01 23:02:21,905:INFO:Cross validating with KFold(n_splits=10, random_state=None, shuffle=False), n_jobs=-1
2026-02-01 23:02:22,151:INFO:Calculating mean and std
2026-02-01 23:02:22,153:INFO:Creating metrics dataframe
2026-02-01 23:02:22,156:INFO:Uploading results into container
2026-02-01 23:02:22,156:INFO:Uploading model into container now
2026-02-01 23:02:22,157:INFO:_master_model_container: 3
2026-02-01 23:02:22,157:INFO:_display_container: 2
2026-02-01 23:02:22,158:INFO:Ridge(random_state=12)
2026-02-01 23:02:22,158:INFO:create_model() successfully completed......................................
2026-02-01 23:02:22,299:INFO:SubProcess create_model() end ==================================
2026-02-01 23:02:22,299:INFO:Creating metrics dataframe
2026-02-01 23:02:22,304:INFO:Initializing Elastic Net
2026-02-01 23:02:22,305:INFO:Total runtime is 0.1599586208661397 minutes
2026-02-01 23:02:22,308:INFO:SubProcess create_model() called ==================================
2026-02-01 23:02:22,310:INFO:Initializing create_model()
2026-02-01 23:02:22,310:INFO:create_model(self=<pycaret.regression.oop.RegressionExperiment object at 0x000001220BA5CED0>, estimator=en, fold=KFold(n_splits=10, random_state=None, shuffle=False), round=4, cross_validation=True, predict=True, fit_kwargs={}, groups=None, refit=False, probability_threshold=None, experiment_custom_tags=None, verbose=False, system=False, add_to_model_list=True, metrics=None, display=<pycaret.internal.display.display.CommonDisplay object at 0x00000122110357D0>, model_only=True, return_train_score=False, error_score=0.0, kwargs={})
2026-02-01 23:02:22,310:INFO:Checking exceptions
2026-02-01 23:02:22,310:INFO:Importing libraries
2026-02-01 23:02:22,310:INFO:Copying training dataset
2026-02-01 23:02:22,313:INFO:Defining folds
2026-02-01 23:02:22,314:INFO:Declaring metric variables
2026-02-01 23:02:22,317:INFO:Importing untrained model
2026-02-01 23:02:22,321:INFO:Elastic Net Imported successfully
2026-02-01 23:02:22,328:INFO:Starting cross validation
2026-02-01 23:02:22,330:INFO:Cross validating with KFold(n_splits=10, random_state=None, shuffle=False), n_jobs=-1
2026-02-01 23:02:22,527:INFO:Calculating mean and std
2026-02-01 23:02:22,529:INFO:Creating metrics dataframe
2026-02-01 23:02:22,531:INFO:Uploading results into container
2026-02-01 23:02:22,532:INFO:Uploading model into container now
2026-02-01 23:02:22,532:INFO:_master_model_container: 4
2026-02-01 23:02:22,532:INFO:_display_container: 2
2026-02-01 23:02:22,532:INFO:ElasticNet(random_state=12)
2026-02-01 23:02:22,533:INFO:create_model() successfully completed......................................
2026-02-01 23:02:22,713:INFO:SubProcess create_model() end ==================================
2026-02-01 23:02:22,714:INFO:Creating metrics dataframe
2026-02-01 23:02:22,721:INFO:Initializing Least Angle Regression
2026-02-01 23:02:22,721:INFO:Total runtime is 0.16688191493352253 minutes
2026-02-01 23:02:22,724:INFO:SubProcess create_model() called ==================================
2026-02-01 23:02:22,724:INFO:Initializing create_model()
2026-02-01 23:02:22,724:INFO:create_model(self=<pycaret.regression.oop.RegressionExperiment object at 0x000001220BA5CED0>, estimator=lar, fold=KFold(n_splits=10, random_state=None, shuffle=False), round=4, cross_validation=True, predict=True, fit_kwargs={}, groups=None, refit=False, probability_threshold=None, experiment_custom_tags=None, verbose=False, system=False, add_to_model_list=True, metrics=None, display=<pycaret.internal.display.display.CommonDisplay object at 0x00000122110357D0>, model_only=True, return_train_score=False, error_score=0.0, kwargs={})
2026-02-01 23:02:22,725:INFO:Checking exceptions
2026-02-01 23:02:22,725:INFO:Importing libraries
2026-02-01 23:02:22,725:INFO:Copying training dataset
2026-02-01 23:02:22,729:INFO:Defining folds
2026-02-01 23:02:22,729:INFO:Declaring metric variables
2026-02-01 23:02:22,733:INFO:Importing untrained model
2026-02-01 23:02:22,737:INFO:Least Angle Regression Imported successfully
2026-02-01 23:02:22,744:INFO:Starting cross validation
2026-02-01 23:02:22,747:INFO:Cross validating with KFold(n_splits=10, random_state=None, shuffle=False), n_jobs=-1
2026-02-01 23:02:22,860:WARNING:c:\Users\Shuvo\sleep_data_analysis_bracu\.venv\Lib\site-packages\sklearn\linear_model\_least_angle.py:688: ConvergenceWarning: Regressors in active set degenerate. Dropping a regressor, after 59 iterations, i.e. alpha=3.311e-02, with an active set of 44 regressors, and the smallest cholesky pivot element being 2.220e-16. Reduce max_iter or increase eps parameters.
  warnings.warn(

2026-02-01 23:02:22,863:WARNING:c:\Users\Shuvo\sleep_data_analysis_bracu\.venv\Lib\site-packages\sklearn\linear_model\_least_angle.py:688: ConvergenceWarning: Regressors in active set degenerate. Dropping a regressor, after 59 iterations, i.e. alpha=1.686e+00, with an active set of 43 regressors, and the smallest cholesky pivot element being 8.025e-08. Reduce max_iter or increase eps parameters.
  warnings.warn(

2026-02-01 23:02:22,908:WARNING:c:\Users\Shuvo\sleep_data_analysis_bracu\.venv\Lib\site-packages\sklearn\linear_model\_least_angle.py:688: ConvergenceWarning: Regressors in active set degenerate. Dropping a regressor, after 60 iterations, i.e. alpha=7.661e+00, with an active set of 44 regressors, and the smallest cholesky pivot element being 5.162e-08. Reduce max_iter or increase eps parameters.
  warnings.warn(

2026-02-01 23:02:22,961:INFO:Calculating mean and std
2026-02-01 23:02:22,963:INFO:Creating metrics dataframe
2026-02-01 23:02:22,966:INFO:Uploading results into container
2026-02-01 23:02:22,966:INFO:Uploading model into container now
2026-02-01 23:02:22,967:INFO:_master_model_container: 5
2026-02-01 23:02:22,967:INFO:_display_container: 2
2026-02-01 23:02:22,967:INFO:Lars(random_state=12)
2026-02-01 23:02:22,968:INFO:create_model() successfully completed......................................
2026-02-01 23:02:23,106:INFO:SubProcess create_model() end ==================================
2026-02-01 23:02:23,106:INFO:Creating metrics dataframe
2026-02-01 23:02:23,115:INFO:Initializing Lasso Least Angle Regression
2026-02-01 23:02:23,115:INFO:Total runtime is 0.17345276673634846 minutes
2026-02-01 23:02:23,119:INFO:SubProcess create_model() called ==================================
2026-02-01 23:02:23,120:INFO:Initializing create_model()
2026-02-01 23:02:23,120:INFO:create_model(self=<pycaret.regression.oop.RegressionExperiment object at 0x000001220BA5CED0>, estimator=llar, fold=KFold(n_splits=10, random_state=None, shuffle=False), round=4, cross_validation=True, predict=True, fit_kwargs={}, groups=None, refit=False, probability_threshold=None, experiment_custom_tags=None, verbose=False, system=False, add_to_model_list=True, metrics=None, display=<pycaret.internal.display.display.CommonDisplay object at 0x00000122110357D0>, model_only=True, return_train_score=False, error_score=0.0, kwargs={})
2026-02-01 23:02:23,120:INFO:Checking exceptions
2026-02-01 23:02:23,120:INFO:Importing libraries
2026-02-01 23:02:23,120:INFO:Copying training dataset
2026-02-01 23:02:23,126:INFO:Defining folds
2026-02-01 23:02:23,126:INFO:Declaring metric variables
2026-02-01 23:02:23,129:INFO:Importing untrained model
2026-02-01 23:02:23,134:INFO:Lasso Least Angle Regression Imported successfully
2026-02-01 23:02:23,144:INFO:Starting cross validation
2026-02-01 23:02:23,146:INFO:Cross validating with KFold(n_splits=10, random_state=None, shuffle=False), n_jobs=-1
2026-02-01 23:02:23,376:INFO:Calculating mean and std
2026-02-01 23:02:23,377:INFO:Creating metrics dataframe
2026-02-01 23:02:23,380:INFO:Uploading results into container
2026-02-01 23:02:23,380:INFO:Uploading model into container now
2026-02-01 23:02:23,381:INFO:_master_model_container: 6
2026-02-01 23:02:23,381:INFO:_display_container: 2
2026-02-01 23:02:23,381:INFO:LassoLars(random_state=12)
2026-02-01 23:02:23,381:INFO:create_model() successfully completed......................................
2026-02-01 23:02:23,528:INFO:SubProcess create_model() end ==================================
2026-02-01 23:02:23,529:INFO:Creating metrics dataframe
2026-02-01 23:02:23,536:INFO:Initializing Orthogonal Matching Pursuit
2026-02-01 23:02:23,536:INFO:Total runtime is 0.1804627537727356 minutes
2026-02-01 23:02:23,541:INFO:SubProcess create_model() called ==================================
2026-02-01 23:02:23,542:INFO:Initializing create_model()
2026-02-01 23:02:23,542:INFO:create_model(self=<pycaret.regression.oop.RegressionExperiment object at 0x000001220BA5CED0>, estimator=omp, fold=KFold(n_splits=10, random_state=None, shuffle=False), round=4, cross_validation=True, predict=True, fit_kwargs={}, groups=None, refit=False, probability_threshold=None, experiment_custom_tags=None, verbose=False, system=False, add_to_model_list=True, metrics=None, display=<pycaret.internal.display.display.CommonDisplay object at 0x00000122110357D0>, model_only=True, return_train_score=False, error_score=0.0, kwargs={})
2026-02-01 23:02:23,542:INFO:Checking exceptions
2026-02-01 23:02:23,542:INFO:Importing libraries
2026-02-01 23:02:23,542:INFO:Copying training dataset
2026-02-01 23:02:23,547:INFO:Defining folds
2026-02-01 23:02:23,548:INFO:Declaring metric variables
2026-02-01 23:02:23,550:INFO:Importing untrained model
2026-02-01 23:02:23,558:INFO:Orthogonal Matching Pursuit Imported successfully
2026-02-01 23:02:23,568:INFO:Starting cross validation
2026-02-01 23:02:23,570:INFO:Cross validating with KFold(n_splits=10, random_state=None, shuffle=False), n_jobs=-1
2026-02-01 23:02:23,766:INFO:Calculating mean and std
2026-02-01 23:02:23,768:INFO:Creating metrics dataframe
2026-02-01 23:02:23,769:INFO:Uploading results into container
2026-02-01 23:02:23,770:INFO:Uploading model into container now
2026-02-01 23:02:23,771:INFO:_master_model_container: 7
2026-02-01 23:02:23,771:INFO:_display_container: 2
2026-02-01 23:02:23,771:INFO:OrthogonalMatchingPursuit()
2026-02-01 23:02:23,771:INFO:create_model() successfully completed......................................
2026-02-01 23:02:23,910:INFO:SubProcess create_model() end ==================================
2026-02-01 23:02:23,910:INFO:Creating metrics dataframe
2026-02-01 23:02:23,917:INFO:Initializing Bayesian Ridge
2026-02-01 23:02:23,918:INFO:Total runtime is 0.18684118588765464 minutes
2026-02-01 23:02:23,921:INFO:SubProcess create_model() called ==================================
2026-02-01 23:02:23,922:INFO:Initializing create_model()
2026-02-01 23:02:23,922:INFO:create_model(self=<pycaret.regression.oop.RegressionExperiment object at 0x000001220BA5CED0>, estimator=br, fold=KFold(n_splits=10, random_state=None, shuffle=False), round=4, cross_validation=True, predict=True, fit_kwargs={}, groups=None, refit=False, probability_threshold=None, experiment_custom_tags=None, verbose=False, system=False, add_to_model_list=True, metrics=None, display=<pycaret.internal.display.display.CommonDisplay object at 0x00000122110357D0>, model_only=True, return_train_score=False, error_score=0.0, kwargs={})
2026-02-01 23:02:23,922:INFO:Checking exceptions
2026-02-01 23:02:23,922:INFO:Importing libraries
2026-02-01 23:02:23,922:INFO:Copying training dataset
2026-02-01 23:02:23,926:INFO:Defining folds
2026-02-01 23:02:23,927:INFO:Declaring metric variables
2026-02-01 23:02:23,929:INFO:Importing untrained model
2026-02-01 23:02:23,932:INFO:Bayesian Ridge Imported successfully
2026-02-01 23:02:23,939:INFO:Starting cross validation
2026-02-01 23:02:23,943:INFO:Cross validating with KFold(n_splits=10, random_state=None, shuffle=False), n_jobs=-1
2026-02-01 23:02:24,179:INFO:Calculating mean and std
2026-02-01 23:02:24,180:INFO:Creating metrics dataframe
2026-02-01 23:02:24,182:INFO:Uploading results into container
2026-02-01 23:02:24,183:INFO:Uploading model into container now
2026-02-01 23:02:24,183:INFO:_master_model_container: 8
2026-02-01 23:02:24,184:INFO:_display_container: 2
2026-02-01 23:02:24,184:INFO:BayesianRidge()
2026-02-01 23:02:24,184:INFO:create_model() successfully completed......................................
2026-02-01 23:02:24,331:INFO:SubProcess create_model() end ==================================
2026-02-01 23:02:24,332:INFO:Creating metrics dataframe
2026-02-01 23:02:24,339:INFO:Initializing Passive Aggressive Regressor
2026-02-01 23:02:24,340:INFO:Total runtime is 0.1938700000445048 minutes
2026-02-01 23:02:24,343:INFO:SubProcess create_model() called ==================================
2026-02-01 23:02:24,343:INFO:Initializing create_model()
2026-02-01 23:02:24,344:INFO:create_model(self=<pycaret.regression.oop.RegressionExperiment object at 0x000001220BA5CED0>, estimator=par, fold=KFold(n_splits=10, random_state=None, shuffle=False), round=4, cross_validation=True, predict=True, fit_kwargs={}, groups=None, refit=False, probability_threshold=None, experiment_custom_tags=None, verbose=False, system=False, add_to_model_list=True, metrics=None, display=<pycaret.internal.display.display.CommonDisplay object at 0x00000122110357D0>, model_only=True, return_train_score=False, error_score=0.0, kwargs={})
2026-02-01 23:02:24,344:INFO:Checking exceptions
2026-02-01 23:02:24,344:INFO:Importing libraries
2026-02-01 23:02:24,344:INFO:Copying training dataset
2026-02-01 23:02:24,349:INFO:Defining folds
2026-02-01 23:02:24,349:INFO:Declaring metric variables
2026-02-01 23:02:24,351:INFO:Importing untrained model
2026-02-01 23:02:24,356:INFO:Passive Aggressive Regressor Imported successfully
2026-02-01 23:02:24,365:INFO:Starting cross validation
2026-02-01 23:02:24,368:INFO:Cross validating with KFold(n_splits=10, random_state=None, shuffle=False), n_jobs=-1
2026-02-01 23:02:24,603:INFO:Calculating mean and std
2026-02-01 23:02:24,606:INFO:Creating metrics dataframe
2026-02-01 23:02:24,608:INFO:Uploading results into container
2026-02-01 23:02:24,608:INFO:Uploading model into container now
2026-02-01 23:02:24,609:INFO:_master_model_container: 9
2026-02-01 23:02:24,609:INFO:_display_container: 2
2026-02-01 23:02:24,609:INFO:PassiveAggressiveRegressor(random_state=12)
2026-02-01 23:02:24,609:INFO:create_model() successfully completed......................................
2026-02-01 23:02:24,761:INFO:SubProcess create_model() end ==================================
2026-02-01 23:02:24,762:INFO:Creating metrics dataframe
2026-02-01 23:02:24,773:INFO:Initializing Huber Regressor
2026-02-01 23:02:24,773:INFO:Total runtime is 0.20108259518941243 minutes
2026-02-01 23:02:24,777:INFO:SubProcess create_model() called ==================================
2026-02-01 23:02:24,777:INFO:Initializing create_model()
2026-02-01 23:02:24,778:INFO:create_model(self=<pycaret.regression.oop.RegressionExperiment object at 0x000001220BA5CED0>, estimator=huber, fold=KFold(n_splits=10, random_state=None, shuffle=False), round=4, cross_validation=True, predict=True, fit_kwargs={}, groups=None, refit=False, probability_threshold=None, experiment_custom_tags=None, verbose=False, system=False, add_to_model_list=True, metrics=None, display=<pycaret.internal.display.display.CommonDisplay object at 0x00000122110357D0>, model_only=True, return_train_score=False, error_score=0.0, kwargs={})
2026-02-01 23:02:24,778:INFO:Checking exceptions
2026-02-01 23:02:24,778:INFO:Importing libraries
2026-02-01 23:02:24,778:INFO:Copying training dataset
2026-02-01 23:02:24,783:INFO:Defining folds
2026-02-01 23:02:24,783:INFO:Declaring metric variables
2026-02-01 23:02:24,787:INFO:Importing untrained model
2026-02-01 23:02:24,792:INFO:Huber Regressor Imported successfully
2026-02-01 23:02:24,802:INFO:Starting cross validation
2026-02-01 23:02:24,806:INFO:Cross validating with KFold(n_splits=10, random_state=None, shuffle=False), n_jobs=-1
2026-02-01 23:02:24,963:WARNING:c:\Users\Shuvo\sleep_data_analysis_bracu\.venv\Lib\site-packages\sklearn\linear_model\_huber.py:342: ConvergenceWarning: lbfgs failed to converge (status=1):
STOP: TOTAL NO. of ITERATIONS REACHED LIMIT.

Increase the number of iterations (max_iter) or scale the data as shown in:
    https://scikit-learn.org/stable/modules/preprocessing.html
  self.n_iter_ = _check_optimize_result("lbfgs", opt_res, self.max_iter)

2026-02-01 23:02:24,963:WARNING:c:\Users\Shuvo\sleep_data_analysis_bracu\.venv\Lib\site-packages\sklearn\linear_model\_huber.py:342: ConvergenceWarning: lbfgs failed to converge (status=1):
STOP: TOTAL NO. of ITERATIONS REACHED LIMIT.

Increase the number of iterations (max_iter) or scale the data as shown in:
    https://scikit-learn.org/stable/modules/preprocessing.html
  self.n_iter_ = _check_optimize_result("lbfgs", opt_res, self.max_iter)

2026-02-01 23:02:24,977:WARNING:c:\Users\Shuvo\sleep_data_analysis_bracu\.venv\Lib\site-packages\sklearn\linear_model\_huber.py:342: ConvergenceWarning: lbfgs failed to converge (status=1):
STOP: TOTAL NO. of ITERATIONS REACHED LIMIT.

Increase the number of iterations (max_iter) or scale the data as shown in:
    https://scikit-learn.org/stable/modules/preprocessing.html
  self.n_iter_ = _check_optimize_result("lbfgs", opt_res, self.max_iter)

2026-02-01 23:02:24,992:WARNING:c:\Users\Shuvo\sleep_data_analysis_bracu\.venv\Lib\site-packages\sklearn\linear_model\_huber.py:342: ConvergenceWarning: lbfgs failed to converge (status=1):
STOP: TOTAL NO. of ITERATIONS REACHED LIMIT.

Increase the number of iterations (max_iter) or scale the data as shown in:
    https://scikit-learn.org/stable/modules/preprocessing.html
  self.n_iter_ = _check_optimize_result("lbfgs", opt_res, self.max_iter)

2026-02-01 23:02:25,004:WARNING:c:\Users\Shuvo\sleep_data_analysis_bracu\.venv\Lib\site-packages\sklearn\linear_model\_huber.py:342: ConvergenceWarning: lbfgs failed to converge (status=1):
STOP: TOTAL NO. of ITERATIONS REACHED LIMIT.

Increase the number of iterations (max_iter) or scale the data as shown in:
    https://scikit-learn.org/stable/modules/preprocessing.html
  self.n_iter_ = _check_optimize_result("lbfgs", opt_res, self.max_iter)

2026-02-01 23:02:25,009:WARNING:c:\Users\Shuvo\sleep_data_analysis_bracu\.venv\Lib\site-packages\sklearn\linear_model\_huber.py:342: ConvergenceWarning: lbfgs failed to converge (status=1):
STOP: TOTAL NO. of ITERATIONS REACHED LIMIT.

Increase the number of iterations (max_iter) or scale the data as shown in:
    https://scikit-learn.org/stable/modules/preprocessing.html
  self.n_iter_ = _check_optimize_result("lbfgs", opt_res, self.max_iter)

2026-02-01 23:02:25,013:WARNING:c:\Users\Shuvo\sleep_data_analysis_bracu\.venv\Lib\site-packages\sklearn\linear_model\_huber.py:342: ConvergenceWarning: lbfgs failed to converge (status=1):
STOP: TOTAL NO. of ITERATIONS REACHED LIMIT.

Increase the number of iterations (max_iter) or scale the data as shown in:
    https://scikit-learn.org/stable/modules/preprocessing.html
  self.n_iter_ = _check_optimize_result("lbfgs", opt_res, self.max_iter)

2026-02-01 23:02:25,023:WARNING:c:\Users\Shuvo\sleep_data_analysis_bracu\.venv\Lib\site-packages\sklearn\linear_model\_huber.py:342: ConvergenceWarning: lbfgs failed to converge (status=1):
STOP: TOTAL NO. of ITERATIONS REACHED LIMIT.

Increase the number of iterations (max_iter) or scale the data as shown in:
    https://scikit-learn.org/stable/modules/preprocessing.html
  self.n_iter_ = _check_optimize_result("lbfgs", opt_res, self.max_iter)

2026-02-01 23:02:25,028:WARNING:c:\Users\Shuvo\sleep_data_analysis_bracu\.venv\Lib\site-packages\sklearn\linear_model\_huber.py:342: ConvergenceWarning: lbfgs failed to converge (status=1):
STOP: TOTAL NO. of ITERATIONS REACHED LIMIT.

Increase the number of iterations (max_iter) or scale the data as shown in:
    https://scikit-learn.org/stable/modules/preprocessing.html
  self.n_iter_ = _check_optimize_result("lbfgs", opt_res, self.max_iter)

2026-02-01 23:02:25,040:WARNING:c:\Users\Shuvo\sleep_data_analysis_bracu\.venv\Lib\site-packages\sklearn\linear_model\_huber.py:342: ConvergenceWarning: lbfgs failed to converge (status=1):
STOP: TOTAL NO. of ITERATIONS REACHED LIMIT.

Increase the number of iterations (max_iter) or scale the data as shown in:
    https://scikit-learn.org/stable/modules/preprocessing.html
  self.n_iter_ = _check_optimize_result("lbfgs", opt_res, self.max_iter)

2026-02-01 23:02:25,078:INFO:Calculating mean and std
2026-02-01 23:02:25,080:INFO:Creating metrics dataframe
2026-02-01 23:02:25,082:INFO:Uploading results into container
2026-02-01 23:02:25,083:INFO:Uploading model into container now
2026-02-01 23:02:25,083:INFO:_master_model_container: 10
2026-02-01 23:02:25,083:INFO:_display_container: 2
2026-02-01 23:02:25,083:INFO:HuberRegressor()
2026-02-01 23:02:25,084:INFO:create_model() successfully completed......................................
2026-02-01 23:02:25,228:INFO:SubProcess create_model() end ==================================
2026-02-01 23:02:25,228:INFO:Creating metrics dataframe
2026-02-01 23:02:25,236:INFO:Initializing K Neighbors Regressor
2026-02-01 23:02:25,236:INFO:Total runtime is 0.20880472262700397 minutes
2026-02-01 23:02:25,241:INFO:SubProcess create_model() called ==================================
2026-02-01 23:02:25,241:INFO:Initializing create_model()
2026-02-01 23:02:25,241:INFO:create_model(self=<pycaret.regression.oop.RegressionExperiment object at 0x000001220BA5CED0>, estimator=knn, fold=KFold(n_splits=10, random_state=None, shuffle=False), round=4, cross_validation=True, predict=True, fit_kwargs={}, groups=None, refit=False, probability_threshold=None, experiment_custom_tags=None, verbose=False, system=False, add_to_model_list=True, metrics=None, display=<pycaret.internal.display.display.CommonDisplay object at 0x00000122110357D0>, model_only=True, return_train_score=False, error_score=0.0, kwargs={})
2026-02-01 23:02:25,241:INFO:Checking exceptions
2026-02-01 23:02:25,241:INFO:Importing libraries
2026-02-01 23:02:25,241:INFO:Copying training dataset
2026-02-01 23:02:25,246:INFO:Defining folds
2026-02-01 23:02:25,246:INFO:Declaring metric variables
2026-02-01 23:02:25,250:INFO:Importing untrained model
2026-02-01 23:02:25,253:INFO:K Neighbors Regressor Imported successfully
2026-02-01 23:02:25,262:INFO:Starting cross validation
2026-02-01 23:02:25,264:INFO:Cross validating with KFold(n_splits=10, random_state=None, shuffle=False), n_jobs=-1
2026-02-01 23:02:25,473:INFO:Calculating mean and std
2026-02-01 23:02:25,474:INFO:Creating metrics dataframe
2026-02-01 23:02:25,476:INFO:Uploading results into container
2026-02-01 23:02:25,477:INFO:Uploading model into container now
2026-02-01 23:02:25,478:INFO:_master_model_container: 11
2026-02-01 23:02:25,478:INFO:_display_container: 2
2026-02-01 23:02:25,478:INFO:KNeighborsRegressor(n_jobs=-1)
2026-02-01 23:02:25,478:INFO:create_model() successfully completed......................................
2026-02-01 23:02:25,613:INFO:SubProcess create_model() end ==================================
2026-02-01 23:02:25,613:INFO:Creating metrics dataframe
2026-02-01 23:02:25,620:INFO:Initializing Decision Tree Regressor
2026-02-01 23:02:25,620:INFO:Total runtime is 0.21520681778589884 minutes
2026-02-01 23:02:25,624:INFO:SubProcess create_model() called ==================================
2026-02-01 23:02:25,624:INFO:Initializing create_model()
2026-02-01 23:02:25,624:INFO:create_model(self=<pycaret.regression.oop.RegressionExperiment object at 0x000001220BA5CED0>, estimator=dt, fold=KFold(n_splits=10, random_state=None, shuffle=False), round=4, cross_validation=True, predict=True, fit_kwargs={}, groups=None, refit=False, probability_threshold=None, experiment_custom_tags=None, verbose=False, system=False, add_to_model_list=True, metrics=None, display=<pycaret.internal.display.display.CommonDisplay object at 0x00000122110357D0>, model_only=True, return_train_score=False, error_score=0.0, kwargs={})
2026-02-01 23:02:25,624:INFO:Checking exceptions
2026-02-01 23:02:25,624:INFO:Importing libraries
2026-02-01 23:02:25,624:INFO:Copying training dataset
2026-02-01 23:02:25,629:INFO:Defining folds
2026-02-01 23:02:25,629:INFO:Declaring metric variables
2026-02-01 23:02:25,632:INFO:Importing untrained model
2026-02-01 23:02:25,634:INFO:Decision Tree Regressor Imported successfully
2026-02-01 23:02:25,641:INFO:Starting cross validation
2026-02-01 23:02:25,643:INFO:Cross validating with KFold(n_splits=10, random_state=None, shuffle=False), n_jobs=-1
2026-02-01 23:02:25,878:INFO:Calculating mean and std
2026-02-01 23:02:25,879:INFO:Creating metrics dataframe
2026-02-01 23:02:25,881:INFO:Uploading results into container
2026-02-01 23:02:25,881:INFO:Uploading model into container now
2026-02-01 23:02:25,881:INFO:_master_model_container: 12
2026-02-01 23:02:25,882:INFO:_display_container: 2
2026-02-01 23:02:25,882:INFO:DecisionTreeRegressor(random_state=12)
2026-02-01 23:02:25,882:INFO:create_model() successfully completed......................................
2026-02-01 23:02:26,019:INFO:SubProcess create_model() end ==================================
2026-02-01 23:02:26,019:INFO:Creating metrics dataframe
2026-02-01 23:02:26,026:INFO:Initializing Random Forest Regressor
2026-02-01 23:02:26,026:INFO:Total runtime is 0.22197452386220295 minutes
2026-02-01 23:02:26,029:INFO:SubProcess create_model() called ==================================
2026-02-01 23:02:26,030:INFO:Initializing create_model()
2026-02-01 23:02:26,030:INFO:create_model(self=<pycaret.regression.oop.RegressionExperiment object at 0x000001220BA5CED0>, estimator=rf, fold=KFold(n_splits=10, random_state=None, shuffle=False), round=4, cross_validation=True, predict=True, fit_kwargs={}, groups=None, refit=False, probability_threshold=None, experiment_custom_tags=None, verbose=False, system=False, add_to_model_list=True, metrics=None, display=<pycaret.internal.display.display.CommonDisplay object at 0x00000122110357D0>, model_only=True, return_train_score=False, error_score=0.0, kwargs={})
2026-02-01 23:02:26,030:INFO:Checking exceptions
2026-02-01 23:02:26,030:INFO:Importing libraries
2026-02-01 23:02:26,030:INFO:Copying training dataset
2026-02-01 23:02:26,034:INFO:Defining folds
2026-02-01 23:02:26,035:INFO:Declaring metric variables
2026-02-01 23:02:26,038:INFO:Importing untrained model
2026-02-01 23:02:26,041:INFO:Random Forest Regressor Imported successfully
2026-02-01 23:02:26,049:INFO:Starting cross validation
2026-02-01 23:02:26,052:INFO:Cross validating with KFold(n_splits=10, random_state=None, shuffle=False), n_jobs=-1
2026-02-01 23:02:26,517:INFO:Calculating mean and std
2026-02-01 23:02:26,519:INFO:Creating metrics dataframe
2026-02-01 23:02:26,521:INFO:Uploading results into container
2026-02-01 23:02:26,522:INFO:Uploading model into container now
2026-02-01 23:02:26,523:INFO:_master_model_container: 13
2026-02-01 23:02:26,523:INFO:_display_container: 2
2026-02-01 23:02:26,524:INFO:RandomForestRegressor(n_jobs=-1, random_state=12)
2026-02-01 23:02:26,524:INFO:create_model() successfully completed......................................
2026-02-01 23:02:26,663:INFO:SubProcess create_model() end ==================================
2026-02-01 23:02:26,663:INFO:Creating metrics dataframe
2026-02-01 23:02:26,670:INFO:Initializing Extra Trees Regressor
2026-02-01 23:02:26,670:INFO:Total runtime is 0.23270988861719766 minutes
2026-02-01 23:02:26,674:INFO:SubProcess create_model() called ==================================
2026-02-01 23:02:26,675:INFO:Initializing create_model()
2026-02-01 23:02:26,675:INFO:create_model(self=<pycaret.regression.oop.RegressionExperiment object at 0x000001220BA5CED0>, estimator=et, fold=KFold(n_splits=10, random_state=None, shuffle=False), round=4, cross_validation=True, predict=True, fit_kwargs={}, groups=None, refit=False, probability_threshold=None, experiment_custom_tags=None, verbose=False, system=False, add_to_model_list=True, metrics=None, display=<pycaret.internal.display.display.CommonDisplay object at 0x00000122110357D0>, model_only=True, return_train_score=False, error_score=0.0, kwargs={})
2026-02-01 23:02:26,675:INFO:Checking exceptions
2026-02-01 23:02:26,675:INFO:Importing libraries
2026-02-01 23:02:26,675:INFO:Copying training dataset
2026-02-01 23:02:26,679:INFO:Defining folds
2026-02-01 23:02:26,680:INFO:Declaring metric variables
2026-02-01 23:02:26,683:INFO:Importing untrained model
2026-02-01 23:02:26,686:INFO:Extra Trees Regressor Imported successfully
2026-02-01 23:02:26,692:INFO:Starting cross validation
2026-02-01 23:02:26,694:INFO:Cross validating with KFold(n_splits=10, random_state=None, shuffle=False), n_jobs=-1
2026-02-01 23:02:27,105:INFO:Calculating mean and std
2026-02-01 23:02:27,107:INFO:Creating metrics dataframe
2026-02-01 23:02:27,108:INFO:Uploading results into container
2026-02-01 23:02:27,109:INFO:Uploading model into container now
2026-02-01 23:02:27,109:INFO:_master_model_container: 14
2026-02-01 23:02:27,109:INFO:_display_container: 2
2026-02-01 23:02:27,110:INFO:ExtraTreesRegressor(n_jobs=-1, random_state=12)
2026-02-01 23:02:27,110:INFO:create_model() successfully completed......................................
2026-02-01 23:02:27,249:INFO:SubProcess create_model() end ==================================
2026-02-01 23:02:27,249:INFO:Creating metrics dataframe
2026-02-01 23:02:27,257:INFO:Initializing AdaBoost Regressor
2026-02-01 23:02:27,257:INFO:Total runtime is 0.24249416987101235 minutes
2026-02-01 23:02:27,260:INFO:SubProcess create_model() called ==================================
2026-02-01 23:02:27,260:INFO:Initializing create_model()
2026-02-01 23:02:27,260:INFO:create_model(self=<pycaret.regression.oop.RegressionExperiment object at 0x000001220BA5CED0>, estimator=ada, fold=KFold(n_splits=10, random_state=None, shuffle=False), round=4, cross_validation=True, predict=True, fit_kwargs={}, groups=None, refit=False, probability_threshold=None, experiment_custom_tags=None, verbose=False, system=False, add_to_model_list=True, metrics=None, display=<pycaret.internal.display.display.CommonDisplay object at 0x00000122110357D0>, model_only=True, return_train_score=False, error_score=0.0, kwargs={})
2026-02-01 23:02:27,260:INFO:Checking exceptions
2026-02-01 23:02:27,260:INFO:Importing libraries
2026-02-01 23:02:27,260:INFO:Copying training dataset
2026-02-01 23:02:27,265:INFO:Defining folds
2026-02-01 23:02:27,265:INFO:Declaring metric variables
2026-02-01 23:02:27,269:INFO:Importing untrained model
2026-02-01 23:02:27,272:INFO:AdaBoost Regressor Imported successfully
2026-02-01 23:02:27,279:INFO:Starting cross validation
2026-02-01 23:02:27,281:INFO:Cross validating with KFold(n_splits=10, random_state=None, shuffle=False), n_jobs=-1
2026-02-01 23:02:27,596:INFO:Calculating mean and std
2026-02-01 23:02:27,598:INFO:Creating metrics dataframe
2026-02-01 23:02:27,600:INFO:Uploading results into container
2026-02-01 23:02:27,600:INFO:Uploading model into container now
2026-02-01 23:02:27,601:INFO:_master_model_container: 15
2026-02-01 23:02:27,601:INFO:_display_container: 2
2026-02-01 23:02:27,601:INFO:AdaBoostRegressor(random_state=12)
2026-02-01 23:02:27,601:INFO:create_model() successfully completed......................................
2026-02-01 23:02:27,740:INFO:SubProcess create_model() end ==================================
2026-02-01 23:02:27,740:INFO:Creating metrics dataframe
2026-02-01 23:02:27,748:INFO:Initializing Gradient Boosting Regressor
2026-02-01 23:02:27,748:INFO:Total runtime is 0.25067163308461504 minutes
2026-02-01 23:02:27,751:INFO:SubProcess create_model() called ==================================
2026-02-01 23:02:27,752:INFO:Initializing create_model()
2026-02-01 23:02:27,752:INFO:create_model(self=<pycaret.regression.oop.RegressionExperiment object at 0x000001220BA5CED0>, estimator=gbr, fold=KFold(n_splits=10, random_state=None, shuffle=False), round=4, cross_validation=True, predict=True, fit_kwargs={}, groups=None, refit=False, probability_threshold=None, experiment_custom_tags=None, verbose=False, system=False, add_to_model_list=True, metrics=None, display=<pycaret.internal.display.display.CommonDisplay object at 0x00000122110357D0>, model_only=True, return_train_score=False, error_score=0.0, kwargs={})
2026-02-01 23:02:27,752:INFO:Checking exceptions
2026-02-01 23:02:27,752:INFO:Importing libraries
2026-02-01 23:02:27,752:INFO:Copying training dataset
2026-02-01 23:02:27,756:INFO:Defining folds
2026-02-01 23:02:27,756:INFO:Declaring metric variables
2026-02-01 23:02:27,760:INFO:Importing untrained model
2026-02-01 23:02:27,763:INFO:Gradient Boosting Regressor Imported successfully
2026-02-01 23:02:27,770:INFO:Starting cross validation
2026-02-01 23:02:27,772:INFO:Cross validating with KFold(n_splits=10, random_state=None, shuffle=False), n_jobs=-1
2026-02-01 23:02:28,115:INFO:Calculating mean and std
2026-02-01 23:02:28,116:INFO:Creating metrics dataframe
2026-02-01 23:02:28,117:INFO:Uploading results into container
2026-02-01 23:02:28,118:INFO:Uploading model into container now
2026-02-01 23:02:28,119:INFO:_master_model_container: 16
2026-02-01 23:02:28,119:INFO:_display_container: 2
2026-02-01 23:02:28,119:INFO:GradientBoostingRegressor(random_state=12)
2026-02-01 23:02:28,120:INFO:create_model() successfully completed......................................
2026-02-01 23:02:28,266:INFO:SubProcess create_model() end ==================================
2026-02-01 23:02:28,266:INFO:Creating metrics dataframe
2026-02-01 23:02:28,276:INFO:Initializing Light Gradient Boosting Machine
2026-02-01 23:02:28,276:INFO:Total runtime is 0.259475032488505 minutes
2026-02-01 23:02:28,280:INFO:SubProcess create_model() called ==================================
2026-02-01 23:02:28,280:INFO:Initializing create_model()
2026-02-01 23:02:28,280:INFO:create_model(self=<pycaret.regression.oop.RegressionExperiment object at 0x000001220BA5CED0>, estimator=lightgbm, fold=KFold(n_splits=10, random_state=None, shuffle=False), round=4, cross_validation=True, predict=True, fit_kwargs={}, groups=None, refit=False, probability_threshold=None, experiment_custom_tags=None, verbose=False, system=False, add_to_model_list=True, metrics=None, display=<pycaret.internal.display.display.CommonDisplay object at 0x00000122110357D0>, model_only=True, return_train_score=False, error_score=0.0, kwargs={})
2026-02-01 23:02:28,281:INFO:Checking exceptions
2026-02-01 23:02:28,281:INFO:Importing libraries
2026-02-01 23:02:28,281:INFO:Copying training dataset
2026-02-01 23:02:28,285:INFO:Defining folds
2026-02-01 23:02:28,285:INFO:Declaring metric variables
2026-02-01 23:02:28,290:INFO:Importing untrained model
2026-02-01 23:02:28,294:INFO:Light Gradient Boosting Machine Imported successfully
2026-02-01 23:02:28,301:INFO:Starting cross validation
2026-02-01 23:02:28,303:INFO:Cross validating with KFold(n_splits=10, random_state=None, shuffle=False), n_jobs=-1
2026-02-01 23:02:28,841:INFO:Calculating mean and std
2026-02-01 23:02:28,843:INFO:Creating metrics dataframe
2026-02-01 23:02:28,846:INFO:Uploading results into container
2026-02-01 23:02:28,847:INFO:Uploading model into container now
2026-02-01 23:02:28,848:INFO:_master_model_container: 17
2026-02-01 23:02:28,848:INFO:_display_container: 2
2026-02-01 23:02:28,849:INFO:LGBMRegressor(n_jobs=-1, random_state=12)
2026-02-01 23:02:28,849:INFO:create_model() successfully completed......................................
2026-02-01 23:02:29,021:INFO:SubProcess create_model() end ==================================
2026-02-01 23:02:29,021:INFO:Creating metrics dataframe
2026-02-01 23:02:29,030:INFO:Initializing Dummy Regressor
2026-02-01 23:02:29,030:INFO:Total runtime is 0.27203365166982013 minutes
2026-02-01 23:02:29,033:INFO:SubProcess create_model() called ==================================
2026-02-01 23:02:29,034:INFO:Initializing create_model()
2026-02-01 23:02:29,034:INFO:create_model(self=<pycaret.regression.oop.RegressionExperiment object at 0x000001220BA5CED0>, estimator=dummy, fold=KFold(n_splits=10, random_state=None, shuffle=False), round=4, cross_validation=True, predict=True, fit_kwargs={}, groups=None, refit=False, probability_threshold=None, experiment_custom_tags=None, verbose=False, system=False, add_to_model_list=True, metrics=None, display=<pycaret.internal.display.display.CommonDisplay object at 0x00000122110357D0>, model_only=True, return_train_score=False, error_score=0.0, kwargs={})
2026-02-01 23:02:29,034:INFO:Checking exceptions
2026-02-01 23:02:29,034:INFO:Importing libraries
2026-02-01 23:02:29,034:INFO:Copying training dataset
2026-02-01 23:02:29,038:INFO:Defining folds
2026-02-01 23:02:29,039:INFO:Declaring metric variables
2026-02-01 23:02:29,043:INFO:Importing untrained model
2026-02-01 23:02:29,047:INFO:Dummy Regressor Imported successfully
2026-02-01 23:02:29,054:INFO:Starting cross validation
2026-02-01 23:02:29,056:INFO:Cross validating with KFold(n_splits=10, random_state=None, shuffle=False), n_jobs=-1
2026-02-01 23:02:29,269:INFO:Calculating mean and std
2026-02-01 23:02:29,271:INFO:Creating metrics dataframe
2026-02-01 23:02:29,273:INFO:Uploading results into container
2026-02-01 23:02:29,274:INFO:Uploading model into container now
2026-02-01 23:02:29,275:INFO:_master_model_container: 18
2026-02-01 23:02:29,275:INFO:_display_container: 2
2026-02-01 23:02:29,275:INFO:DummyRegressor()
2026-02-01 23:02:29,275:INFO:create_model() successfully completed......................................
2026-02-01 23:02:29,422:INFO:SubProcess create_model() end ==================================
2026-02-01 23:02:29,422:INFO:Creating metrics dataframe
2026-02-01 23:02:29,434:WARNING:c:\Users\Shuvo\sleep_data_analysis_bracu\.venv\Lib\site-packages\pycaret\internal\pycaret_experiment\supervised_experiment.py:339: FutureWarning: Styler.applymap has been deprecated. Use Styler.map instead.
  .applymap(highlight_cols, subset=["TT (Sec)"])

2026-02-01 23:02:29,443:INFO:Initializing create_model()
2026-02-01 23:02:29,443:INFO:create_model(self=<pycaret.regression.oop.RegressionExperiment object at 0x000001220BA5CED0>, estimator=ExtraTreesRegressor(n_jobs=-1, random_state=12), fold=KFold(n_splits=10, random_state=None, shuffle=False), round=4, cross_validation=False, predict=False, fit_kwargs={}, groups=None, refit=True, probability_threshold=None, experiment_custom_tags=None, verbose=False, system=False, add_to_model_list=True, metrics=None, display=None, model_only=True, return_train_score=False, error_score=0.0, kwargs={})
2026-02-01 23:02:29,443:INFO:Checking exceptions
2026-02-01 23:02:29,444:INFO:Importing libraries
2026-02-01 23:02:29,445:INFO:Copying training dataset
2026-02-01 23:02:29,448:INFO:Defining folds
2026-02-01 23:02:29,448:INFO:Declaring metric variables
2026-02-01 23:02:29,448:INFO:Importing untrained model
2026-02-01 23:02:29,448:INFO:Declaring custom model
2026-02-01 23:02:29,450:INFO:Extra Trees Regressor Imported successfully
2026-02-01 23:02:29,451:INFO:Cross validation set to False
2026-02-01 23:02:29,451:INFO:Fitting Model
2026-02-01 23:02:29,596:INFO:ExtraTreesRegressor(n_jobs=-1, random_state=12)
2026-02-01 23:02:29,596:INFO:create_model() successfully completed......................................
2026-02-01 23:02:29,760:INFO:_master_model_container: 18
2026-02-01 23:02:29,761:INFO:_display_container: 2
2026-02-01 23:02:29,761:INFO:ExtraTreesRegressor(n_jobs=-1, random_state=12)
2026-02-01 23:02:29,761:INFO:compare_models() successfully completed......................................
2026-02-01 23:04:52,206:WARNING:
'cuml' is a soft dependency and not included in the pycaret installation. Please run: `pip install cuml` to install.
2026-02-01 23:04:52,206:WARNING:
'cuml' is a soft dependency and not included in the pycaret installation. Please run: `pip install cuml` to install.
2026-02-01 23:04:52,206:WARNING:
'cuml' is a soft dependency and not included in the pycaret installation. Please run: `pip install cuml` to install.
2026-02-01 23:04:52,206:WARNING:
'cuml' is a soft dependency and not included in the pycaret installation. Please run: `pip install cuml` to install.
2026-02-01 23:04:52,537:INFO:PyCaret RegressionExperiment
2026-02-01 23:04:52,538:INFO:Logging name: reg-default-name
2026-02-01 23:04:52,538:INFO:ML Usecase: MLUsecase.REGRESSION
2026-02-01 23:04:52,538:INFO:version 3.3.2
2026-02-01 23:04:52,538:INFO:Initializing setup()
2026-02-01 23:04:52,538:INFO:self.USI: a8db
2026-02-01 23:04:52,538:INFO:self._variable_keys: {'target_param', 'exp_name_log', 'logging_param', 'fold_generator', 'memory', 'seed', 'data', 'gpu_n_jobs_param', '_available_plots', 'y_train', 'X_test', 'transform_target_param', 'y', 'gpu_param', 'X_train', 'idx', 'X', 'USI', '_ml_usecase', 'exp_id', 'n_jobs_param', 'y_test', 'fold_shuffle_param', 'fold_groups_param', 'pipeline', 'log_plots_param', 'html_param'}
2026-02-01 23:04:52,538:INFO:Checking environment
2026-02-01 23:04:52,538:INFO:python_version: 3.11.14
2026-02-01 23:04:52,538:INFO:python_build: ('main', 'Jan 27 2026 23:42:19')
2026-02-01 23:04:52,538:INFO:machine: AMD64
2026-02-01 23:04:52,538:INFO:platform: Windows-10-10.0.26200-SP0
2026-02-01 23:04:52,539:INFO:Memory: svmem(total=16591982592, available=4238413824, percent=74.5, used=12353568768, free=4238413824)
2026-02-01 23:04:52,539:INFO:Physical Core: 8
2026-02-01 23:04:52,539:INFO:Logical Core: 16
2026-02-01 23:04:52,539:INFO:Checking libraries
2026-02-01 23:04:52,539:INFO:System:
2026-02-01 23:04:52,539:INFO:    python: 3.11.14 (main, Jan 27 2026, 23:42:19) [MSC v.1944 64 bit (AMD64)]
2026-02-01 23:04:52,539:INFO:executable: c:\Users\Shuvo\sleep_data_analysis_bracu\.venv\Scripts\python.exe
2026-02-01 23:04:52,539:INFO:   machine: Windows-10-10.0.26200-SP0
2026-02-01 23:04:52,539:INFO:PyCaret required dependencies:
2026-02-01 23:04:52,540:WARNING:c:\Users\Shuvo\sleep_data_analysis_bracu\.venv\Lib\site-packages\_distutils_hack\__init__.py:30: UserWarning: Setuptools is replacing distutils. Support for replacing an already imported distutils is deprecated. In the future, this condition will fail. Register concerns at https://github.com/pypa/setuptools/issues/new?template=distutils-deprecation.yml
  warnings.warn(

2026-02-01 23:04:52,565:INFO:                 pip: 26.0
2026-02-01 23:04:52,565:INFO:          setuptools: 79.0.1
2026-02-01 23:04:52,565:INFO:             pycaret: 3.3.2
2026-02-01 23:04:52,565:INFO:             IPython: 9.9.0
2026-02-01 23:04:52,565:INFO:          ipywidgets: 8.1.8
2026-02-01 23:04:52,566:INFO:                tqdm: 4.67.2
2026-02-01 23:04:52,566:INFO:               numpy: 1.26.4
2026-02-01 23:04:52,566:INFO:              pandas: 2.1.4
2026-02-01 23:04:52,566:INFO:              jinja2: 3.1.6
2026-02-01 23:04:52,566:INFO:               scipy: 1.11.4
2026-02-01 23:04:52,566:INFO:              joblib: 1.3.2
2026-02-01 23:04:52,566:INFO:             sklearn: 1.4.2
2026-02-01 23:04:52,566:INFO:                pyod: 2.0.6
2026-02-01 23:04:52,566:INFO:            imblearn: 0.14.1
2026-02-01 23:04:52,566:INFO:   category_encoders: 2.7.0
2026-02-01 23:04:52,566:INFO:            lightgbm: 4.6.0
2026-02-01 23:04:52,566:INFO:               numba: 0.63.1
2026-02-01 23:04:52,566:INFO:            requests: 2.32.5
2026-02-01 23:04:52,566:INFO:          matplotlib: 3.7.5
2026-02-01 23:04:52,566:INFO:          scikitplot: 0.3.7
2026-02-01 23:04:52,566:INFO:         yellowbrick: 1.5
2026-02-01 23:04:52,566:INFO:              plotly: 6.5.2
2026-02-01 23:04:52,566:INFO:    plotly-resampler: Not installed
2026-02-01 23:04:52,566:INFO:             kaleido: 1.2.0
2026-02-01 23:04:52,566:INFO:           schemdraw: 0.15
2026-02-01 23:04:52,566:INFO:         statsmodels: 0.14.6
2026-02-01 23:04:52,566:INFO:              sktime: 0.26.0
2026-02-01 23:04:52,566:INFO:               tbats: 1.1.3
2026-02-01 23:04:52,566:INFO:            pmdarima: 2.0.4
2026-02-01 23:04:52,566:INFO:              psutil: 7.2.2
2026-02-01 23:04:52,566:INFO:          markupsafe: 3.0.3
2026-02-01 23:04:52,566:INFO:             pickle5: Not installed
2026-02-01 23:04:52,566:INFO:         cloudpickle: 3.1.2
2026-02-01 23:04:52,566:INFO:         deprecation: 2.1.0
2026-02-01 23:04:52,566:INFO:              xxhash: 3.6.0
2026-02-01 23:04:52,566:INFO:           wurlitzer: Not installed
2026-02-01 23:04:52,566:INFO:PyCaret optional dependencies:
2026-02-01 23:04:52,575:INFO:                shap: Not installed
2026-02-01 23:04:52,576:INFO:           interpret: Not installed
2026-02-01 23:04:52,576:INFO:                umap: Not installed
2026-02-01 23:04:52,576:INFO:     ydata_profiling: Not installed
2026-02-01 23:04:52,576:INFO:  explainerdashboard: Not installed
2026-02-01 23:04:52,576:INFO:             autoviz: Not installed
2026-02-01 23:04:52,576:INFO:           fairlearn: Not installed
2026-02-01 23:04:52,576:INFO:          deepchecks: Not installed
2026-02-01 23:04:52,576:INFO:             xgboost: Not installed
2026-02-01 23:04:52,576:INFO:            catboost: Not installed
2026-02-01 23:04:52,576:INFO:              kmodes: Not installed
2026-02-01 23:04:52,576:INFO:             mlxtend: Not installed
2026-02-01 23:04:52,576:INFO:       statsforecast: Not installed
2026-02-01 23:04:52,576:INFO:        tune_sklearn: Not installed
2026-02-01 23:04:52,576:INFO:                 ray: Not installed
2026-02-01 23:04:52,577:INFO:            hyperopt: Not installed
2026-02-01 23:04:52,577:INFO:              optuna: Not installed
2026-02-01 23:04:52,577:INFO:               skopt: Not installed
2026-02-01 23:04:52,577:INFO:              mlflow: Not installed
2026-02-01 23:04:52,577:INFO:              gradio: Not installed
2026-02-01 23:04:52,577:INFO:             fastapi: Not installed
2026-02-01 23:04:52,577:INFO:             uvicorn: Not installed
2026-02-01 23:04:52,577:INFO:              m2cgen: Not installed
2026-02-01 23:04:52,577:INFO:           evidently: Not installed
2026-02-01 23:04:52,577:INFO:               fugue: Not installed
2026-02-01 23:04:52,577:INFO:           streamlit: Not installed
2026-02-01 23:04:52,577:INFO:             prophet: Not installed
2026-02-01 23:04:52,577:INFO:None
2026-02-01 23:04:52,577:INFO:Set up data.
2026-02-01 23:05:14,263:INFO:PyCaret RegressionExperiment
2026-02-01 23:05:14,263:INFO:Logging name: reg-default-name
2026-02-01 23:05:14,263:INFO:ML Usecase: MLUsecase.REGRESSION
2026-02-01 23:05:14,263:INFO:version 3.3.2
2026-02-01 23:05:14,263:INFO:Initializing setup()
2026-02-01 23:05:14,263:INFO:self.USI: 0523
2026-02-01 23:05:14,264:INFO:self._variable_keys: {'target_param', 'exp_name_log', 'logging_param', 'fold_generator', 'memory', 'seed', 'data', 'gpu_n_jobs_param', '_available_plots', 'y_train', 'X_test', 'transform_target_param', 'y', 'gpu_param', 'X_train', 'idx', 'X', 'USI', '_ml_usecase', 'exp_id', 'n_jobs_param', 'y_test', 'fold_shuffle_param', 'fold_groups_param', 'pipeline', 'log_plots_param', 'html_param'}
2026-02-01 23:05:14,264:INFO:Checking environment
2026-02-01 23:05:14,264:INFO:python_version: 3.11.14
2026-02-01 23:05:14,264:INFO:python_build: ('main', 'Jan 27 2026 23:42:19')
2026-02-01 23:05:14,264:INFO:machine: AMD64
2026-02-01 23:05:14,264:INFO:platform: Windows-10-10.0.26200-SP0
2026-02-01 23:05:14,264:INFO:Memory: svmem(total=16591982592, available=3759267840, percent=77.3, used=12832714752, free=3759267840)
2026-02-01 23:05:14,264:INFO:Physical Core: 8
2026-02-01 23:05:14,264:INFO:Logical Core: 16
2026-02-01 23:05:14,264:INFO:Checking libraries
2026-02-01 23:05:14,264:INFO:System:
2026-02-01 23:05:14,264:INFO:    python: 3.11.14 (main, Jan 27 2026, 23:42:19) [MSC v.1944 64 bit (AMD64)]
2026-02-01 23:05:14,264:INFO:executable: c:\Users\Shuvo\sleep_data_analysis_bracu\.venv\Scripts\python.exe
2026-02-01 23:05:14,264:INFO:   machine: Windows-10-10.0.26200-SP0
2026-02-01 23:05:14,264:INFO:PyCaret required dependencies:
2026-02-01 23:05:14,265:INFO:                 pip: 26.0
2026-02-01 23:05:14,265:INFO:          setuptools: 79.0.1
2026-02-01 23:05:14,265:INFO:             pycaret: 3.3.2
2026-02-01 23:05:14,265:INFO:             IPython: 9.9.0
2026-02-01 23:05:14,265:INFO:          ipywidgets: 8.1.8
2026-02-01 23:05:14,265:INFO:                tqdm: 4.67.2
2026-02-01 23:05:14,265:INFO:               numpy: 1.26.4
2026-02-01 23:05:14,265:INFO:              pandas: 2.1.4
2026-02-01 23:05:14,265:INFO:              jinja2: 3.1.6
2026-02-01 23:05:14,265:INFO:               scipy: 1.11.4
2026-02-01 23:05:14,265:INFO:              joblib: 1.3.2
2026-02-01 23:05:14,265:INFO:             sklearn: 1.4.2
2026-02-01 23:05:14,265:INFO:                pyod: 2.0.6
2026-02-01 23:05:14,265:INFO:            imblearn: 0.14.1
2026-02-01 23:05:14,265:INFO:   category_encoders: 2.7.0
2026-02-01 23:05:14,265:INFO:            lightgbm: 4.6.0
2026-02-01 23:05:14,265:INFO:               numba: 0.63.1
2026-02-01 23:05:14,265:INFO:            requests: 2.32.5
2026-02-01 23:05:14,265:INFO:          matplotlib: 3.7.5
2026-02-01 23:05:14,265:INFO:          scikitplot: 0.3.7
2026-02-01 23:05:14,265:INFO:         yellowbrick: 1.5
2026-02-01 23:05:14,265:INFO:              plotly: 6.5.2
2026-02-01 23:05:14,265:INFO:    plotly-resampler: Not installed
2026-02-01 23:05:14,265:INFO:             kaleido: 1.2.0
2026-02-01 23:05:14,265:INFO:           schemdraw: 0.15
2026-02-01 23:05:14,266:INFO:         statsmodels: 0.14.6
2026-02-01 23:05:14,266:INFO:              sktime: 0.26.0
2026-02-01 23:05:14,266:INFO:               tbats: 1.1.3
2026-02-01 23:05:14,266:INFO:            pmdarima: 2.0.4
2026-02-01 23:05:14,266:INFO:              psutil: 7.2.2
2026-02-01 23:05:14,266:INFO:          markupsafe: 3.0.3
2026-02-01 23:05:14,266:INFO:             pickle5: Not installed
2026-02-01 23:05:14,266:INFO:         cloudpickle: 3.1.2
2026-02-01 23:05:14,266:INFO:         deprecation: 2.1.0
2026-02-01 23:05:14,266:INFO:              xxhash: 3.6.0
2026-02-01 23:05:14,266:INFO:           wurlitzer: Not installed
2026-02-01 23:05:14,266:INFO:PyCaret optional dependencies:
2026-02-01 23:05:14,266:INFO:                shap: Not installed
2026-02-01 23:05:14,266:INFO:           interpret: Not installed
2026-02-01 23:05:14,266:INFO:                umap: Not installed
2026-02-01 23:05:14,266:INFO:     ydata_profiling: Not installed
2026-02-01 23:05:14,267:INFO:  explainerdashboard: Not installed
2026-02-01 23:05:14,267:INFO:             autoviz: Not installed
2026-02-01 23:05:14,267:INFO:           fairlearn: Not installed
2026-02-01 23:05:14,267:INFO:          deepchecks: Not installed
2026-02-01 23:05:14,267:INFO:             xgboost: Not installed
2026-02-01 23:05:14,267:INFO:            catboost: Not installed
2026-02-01 23:05:14,267:INFO:              kmodes: Not installed
2026-02-01 23:05:14,267:INFO:             mlxtend: Not installed
2026-02-01 23:05:14,267:INFO:       statsforecast: Not installed
2026-02-01 23:05:14,267:INFO:        tune_sklearn: Not installed
2026-02-01 23:05:14,267:INFO:                 ray: Not installed
2026-02-01 23:05:14,267:INFO:            hyperopt: Not installed
2026-02-01 23:05:14,267:INFO:              optuna: Not installed
2026-02-01 23:05:14,267:INFO:               skopt: Not installed
2026-02-01 23:05:14,267:INFO:              mlflow: Not installed
2026-02-01 23:05:14,267:INFO:              gradio: Not installed
2026-02-01 23:05:14,267:INFO:             fastapi: Not installed
2026-02-01 23:05:14,267:INFO:             uvicorn: Not installed
2026-02-01 23:05:14,267:INFO:              m2cgen: Not installed
2026-02-01 23:05:14,267:INFO:           evidently: Not installed
2026-02-01 23:05:14,267:INFO:               fugue: Not installed
2026-02-01 23:05:14,267:INFO:           streamlit: Not installed
2026-02-01 23:05:14,267:INFO:             prophet: Not installed
2026-02-01 23:05:14,267:INFO:None
2026-02-01 23:05:14,267:INFO:Set up data.
2026-02-01 23:08:49,813:INFO:PyCaret ClassificationExperiment
2026-02-01 23:08:49,813:INFO:Logging name: clf-default-name
2026-02-01 23:08:49,813:INFO:ML Usecase: MLUsecase.CLASSIFICATION
2026-02-01 23:08:49,814:INFO:version 3.3.2
2026-02-01 23:08:49,814:INFO:Initializing setup()
2026-02-01 23:08:49,814:INFO:self.USI: f70e
2026-02-01 23:08:49,814:INFO:self._variable_keys: {'target_param', 'exp_name_log', 'logging_param', 'fold_generator', 'is_multiclass', 'memory', 'seed', 'data', 'gpu_n_jobs_param', '_available_plots', 'y_train', 'X_test', 'y', 'gpu_param', 'X_train', 'idx', 'X', 'fix_imbalance', 'USI', '_ml_usecase', 'exp_id', 'n_jobs_param', 'y_test', 'fold_shuffle_param', 'fold_groups_param', 'pipeline', 'log_plots_param', 'html_param'}
2026-02-01 23:08:49,814:INFO:Checking environment
2026-02-01 23:08:49,814:INFO:python_version: 3.11.14
2026-02-01 23:08:49,814:INFO:python_build: ('main', 'Jan 27 2026 23:42:19')
2026-02-01 23:08:49,814:INFO:machine: AMD64
2026-02-01 23:08:49,814:INFO:platform: Windows-10-10.0.26200-SP0
2026-02-01 23:08:49,814:INFO:Memory: svmem(total=16591982592, available=2840563712, percent=82.9, used=13751418880, free=2840563712)
2026-02-01 23:08:49,814:INFO:Physical Core: 8
2026-02-01 23:08:49,814:INFO:Logical Core: 16
2026-02-01 23:08:49,814:INFO:Checking libraries
2026-02-01 23:08:49,814:INFO:System:
2026-02-01 23:08:49,815:INFO:    python: 3.11.14 (main, Jan 27 2026, 23:42:19) [MSC v.1944 64 bit (AMD64)]
2026-02-01 23:08:49,815:INFO:executable: c:\Users\Shuvo\sleep_data_analysis_bracu\.venv\Scripts\python.exe
2026-02-01 23:08:49,815:INFO:   machine: Windows-10-10.0.26200-SP0
2026-02-01 23:08:49,815:INFO:PyCaret required dependencies:
2026-02-01 23:08:49,815:INFO:                 pip: 26.0
2026-02-01 23:08:49,815:INFO:          setuptools: 79.0.1
2026-02-01 23:08:49,815:INFO:             pycaret: 3.3.2
2026-02-01 23:08:49,815:INFO:             IPython: 9.9.0
2026-02-01 23:08:49,815:INFO:          ipywidgets: 8.1.8
2026-02-01 23:08:49,815:INFO:                tqdm: 4.67.2
2026-02-01 23:08:49,815:INFO:               numpy: 1.26.4
2026-02-01 23:08:49,815:INFO:              pandas: 2.1.4
2026-02-01 23:08:49,815:INFO:              jinja2: 3.1.6
2026-02-01 23:08:49,815:INFO:               scipy: 1.11.4
2026-02-01 23:08:49,815:INFO:              joblib: 1.3.2
2026-02-01 23:08:49,815:INFO:             sklearn: 1.4.2
2026-02-01 23:08:49,815:INFO:                pyod: 2.0.6
2026-02-01 23:08:49,815:INFO:            imblearn: 0.14.1
2026-02-01 23:08:49,815:INFO:   category_encoders: 2.7.0
2026-02-01 23:08:49,815:INFO:            lightgbm: 4.6.0
2026-02-01 23:08:49,815:INFO:               numba: 0.63.1
2026-02-01 23:08:49,815:INFO:            requests: 2.32.5
2026-02-01 23:08:49,815:INFO:          matplotlib: 3.7.5
2026-02-01 23:08:49,815:INFO:          scikitplot: 0.3.7
2026-02-01 23:08:49,816:INFO:         yellowbrick: 1.5
2026-02-01 23:08:49,816:INFO:              plotly: 6.5.2
2026-02-01 23:08:49,816:INFO:    plotly-resampler: Not installed
2026-02-01 23:08:49,816:INFO:             kaleido: 1.2.0
2026-02-01 23:08:49,816:INFO:           schemdraw: 0.15
2026-02-01 23:08:49,816:INFO:         statsmodels: 0.14.6
2026-02-01 23:08:49,816:INFO:              sktime: 0.26.0
2026-02-01 23:08:49,816:INFO:               tbats: 1.1.3
2026-02-01 23:08:49,816:INFO:            pmdarima: 2.0.4
2026-02-01 23:08:49,816:INFO:              psutil: 7.2.2
2026-02-01 23:08:49,816:INFO:          markupsafe: 3.0.3
2026-02-01 23:08:49,816:INFO:             pickle5: Not installed
2026-02-01 23:08:49,816:INFO:         cloudpickle: 3.1.2
2026-02-01 23:08:49,816:INFO:         deprecation: 2.1.0
2026-02-01 23:08:49,816:INFO:              xxhash: 3.6.0
2026-02-01 23:08:49,816:INFO:           wurlitzer: Not installed
2026-02-01 23:08:49,816:INFO:PyCaret optional dependencies:
2026-02-01 23:08:49,816:INFO:                shap: Not installed
2026-02-01 23:08:49,816:INFO:           interpret: Not installed
2026-02-01 23:08:49,816:INFO:                umap: Not installed
2026-02-01 23:08:49,816:INFO:     ydata_profiling: Not installed
2026-02-01 23:08:49,816:INFO:  explainerdashboard: Not installed
2026-02-01 23:08:49,816:INFO:             autoviz: Not installed
2026-02-01 23:08:49,816:INFO:           fairlearn: Not installed
2026-02-01 23:08:49,816:INFO:          deepchecks: Not installed
2026-02-01 23:08:49,816:INFO:             xgboost: Not installed
2026-02-01 23:08:49,816:INFO:            catboost: Not installed
2026-02-01 23:08:49,816:INFO:              kmodes: Not installed
2026-02-01 23:08:49,816:INFO:             mlxtend: Not installed
2026-02-01 23:08:49,816:INFO:       statsforecast: Not installed
2026-02-01 23:08:49,816:INFO:        tune_sklearn: Not installed
2026-02-01 23:08:49,816:INFO:                 ray: Not installed
2026-02-01 23:08:49,816:INFO:            hyperopt: Not installed
2026-02-01 23:08:49,816:INFO:              optuna: Not installed
2026-02-01 23:08:49,816:INFO:               skopt: Not installed
2026-02-01 23:08:49,817:INFO:              mlflow: Not installed
2026-02-01 23:08:49,817:INFO:              gradio: Not installed
2026-02-01 23:08:49,817:INFO:             fastapi: Not installed
2026-02-01 23:08:49,817:INFO:             uvicorn: Not installed
2026-02-01 23:08:49,817:INFO:              m2cgen: Not installed
2026-02-01 23:08:49,817:INFO:           evidently: Not installed
2026-02-01 23:08:49,817:INFO:               fugue: Not installed
2026-02-01 23:08:49,817:INFO:           streamlit: Not installed
2026-02-01 23:08:49,817:INFO:             prophet: Not installed
2026-02-01 23:08:49,817:INFO:None
2026-02-01 23:08:49,817:INFO:Set up data.
2026-02-01 23:08:49,824:INFO:Set up folding strategy.
2026-02-01 23:08:49,824:INFO:Set up train/test split.
2026-02-01 23:08:49,835:INFO:Set up index.
2026-02-01 23:08:49,835:INFO:Assigning column types.
2026-02-01 23:08:49,838:INFO:Engine successfully changes for model 'lr' to 'sklearn'.
2026-02-01 23:08:49,881:INFO:Engine for model 'knn' has not been set explicitly, hence returning None.
2026-02-01 23:08:49,886:INFO:Engine for model 'rbfsvm' has not been set explicitly, hence returning None.
2026-02-01 23:08:49,923:WARNING:
'xgboost' is a soft dependency and not included in the pycaret installation. Please run: `pip install xgboost` to install.
Alternately, you can install this by running `pip install pycaret[models]`
2026-02-01 23:08:49,923:WARNING:
'catboost' is a soft dependency and not included in the pycaret installation. Please run: `pip install catboost` to install.
Alternately, you can install this by running `pip install pycaret[models]`
2026-02-01 23:08:49,969:INFO:Engine for model 'knn' has not been set explicitly, hence returning None.
2026-02-01 23:08:49,970:INFO:Engine for model 'rbfsvm' has not been set explicitly, hence returning None.
2026-02-01 23:08:49,996:WARNING:
'xgboost' is a soft dependency and not included in the pycaret installation. Please run: `pip install xgboost` to install.
Alternately, you can install this by running `pip install pycaret[models]`
2026-02-01 23:08:49,996:WARNING:
'catboost' is a soft dependency and not included in the pycaret installation. Please run: `pip install catboost` to install.
Alternately, you can install this by running `pip install pycaret[models]`
2026-02-01 23:08:49,997:INFO:Engine successfully changes for model 'knn' to 'sklearn'.
2026-02-01 23:08:50,040:INFO:Engine for model 'rbfsvm' has not been set explicitly, hence returning None.
2026-02-01 23:08:50,067:WARNING:
'xgboost' is a soft dependency and not included in the pycaret installation. Please run: `pip install xgboost` to install.
Alternately, you can install this by running `pip install pycaret[models]`
2026-02-01 23:08:50,067:WARNING:
'catboost' is a soft dependency and not included in the pycaret installation. Please run: `pip install catboost` to install.
Alternately, you can install this by running `pip install pycaret[models]`
2026-02-01 23:08:50,110:INFO:Engine for model 'rbfsvm' has not been set explicitly, hence returning None.
2026-02-01 23:08:50,137:WARNING:
'xgboost' is a soft dependency and not included in the pycaret installation. Please run: `pip install xgboost` to install.
Alternately, you can install this by running `pip install pycaret[models]`
2026-02-01 23:08:50,137:WARNING:
'catboost' is a soft dependency and not included in the pycaret installation. Please run: `pip install catboost` to install.
Alternately, you can install this by running `pip install pycaret[models]`
2026-02-01 23:08:50,137:INFO:Engine successfully changes for model 'rbfsvm' to 'sklearn'.
2026-02-01 23:08:50,207:WARNING:
'xgboost' is a soft dependency and not included in the pycaret installation. Please run: `pip install xgboost` to install.
Alternately, you can install this by running `pip install pycaret[models]`
2026-02-01 23:08:50,207:WARNING:
'catboost' is a soft dependency and not included in the pycaret installation. Please run: `pip install catboost` to install.
Alternately, you can install this by running `pip install pycaret[models]`
2026-02-01 23:08:50,276:WARNING:
'xgboost' is a soft dependency and not included in the pycaret installation. Please run: `pip install xgboost` to install.
Alternately, you can install this by running `pip install pycaret[models]`
2026-02-01 23:08:50,276:WARNING:
'catboost' is a soft dependency and not included in the pycaret installation. Please run: `pip install catboost` to install.
Alternately, you can install this by running `pip install pycaret[models]`
2026-02-01 23:08:50,279:INFO:Preparing preprocessing pipeline...
2026-02-01 23:08:50,280:INFO:Set up label encoding.
2026-02-01 23:08:50,280:INFO:Set up simple imputation.
2026-02-01 23:08:50,283:INFO:Set up encoding of ordinal features.
2026-02-01 23:08:50,284:INFO:Set up encoding of categorical features.
2026-02-01 23:08:50,284:INFO:Set up column name cleaning.
2026-02-01 23:08:50,395:INFO:Finished creating preprocessing pipeline.
2026-02-01 23:08:50,409:INFO:Pipeline: Pipeline(memory=FastMemory(location=C:\Users\Shuvo\AppData\Local\Temp\joblib),
         steps=[('label_encoding',
                 TransformerWrapperWithInverse(exclude=None, include=None,
                                               transformer=LabelEncoder())),
                ('numerical_imputer',
                 TransformerWrapper(exclude=None,
                                    include=['Person ID', 'Age',
                                             'Sleep Duration',
                                             'Quality of Sleep',
                                             'Physical Activity Level',
                                             'Stress Level', 'Heart Rate',...
                                             'Blood Pressure'],
                                    transformer=OneHotEncoder(cols=['Occupation',
                                                                    'BMI '
                                                                    'Category',
                                                                    'Blood '
                                                                    'Pressure'],
                                                              drop_invariant=False,
                                                              handle_missing='return_nan',
                                                              handle_unknown='value',
                                                              return_df=True,
                                                              use_cat_names=True,
                                                              verbose=0))),
                ('clean_column_names',
                 TransformerWrapper(exclude=None, include=None,
                                    transformer=CleanColumnNames(match='[\\]\\[\\,\\{\\}\\"\\:]+')))],
         verbose=False)
2026-02-01 23:08:50,409:INFO:Creating final display dataframe.
2026-02-01 23:08:50,669:INFO:Setup _display_container:                     Description                                 Value
0                    Session id                                    12
1                        Target                        Sleep Disorder
2                   Target type                            Multiclass
3                Target mapping  Insomnia: 0, None: 1, Sleep Apnea: 2
4           Original data shape                             (374, 13)
5        Transformed data shape                             (374, 45)
6   Transformed train set shape                             (261, 45)
7    Transformed test set shape                             (113, 45)
8              Numeric features                                     8
9          Categorical features                                     4
10                   Preprocess                                  True
11              Imputation type                                simple
12           Numeric imputation                                  mean
13       Categorical imputation                                  mode
14     Maximum one-hot encoding                                    25
15              Encoding method                                  None
16               Fold Generator                       StratifiedKFold
17                  Fold Number                                    10
18                     CPU Jobs                                    -1
19                      Use GPU                                 False
20               Log Experiment                                 False
21              Experiment Name                      clf-default-name
22                          USI                                  f70e
2026-02-01 23:08:50,745:WARNING:
'xgboost' is a soft dependency and not included in the pycaret installation. Please run: `pip install xgboost` to install.
Alternately, you can install this by running `pip install pycaret[models]`
2026-02-01 23:08:50,746:WARNING:
'catboost' is a soft dependency and not included in the pycaret installation. Please run: `pip install catboost` to install.
Alternately, you can install this by running `pip install pycaret[models]`
2026-02-01 23:08:50,818:WARNING:
'xgboost' is a soft dependency and not included in the pycaret installation. Please run: `pip install xgboost` to install.
Alternately, you can install this by running `pip install pycaret[models]`
2026-02-01 23:08:50,819:WARNING:
'catboost' is a soft dependency and not included in the pycaret installation. Please run: `pip install catboost` to install.
Alternately, you can install this by running `pip install pycaret[models]`
2026-02-01 23:08:50,820:INFO:setup() successfully completed in 1.01s...............
2026-02-01 23:08:55,185:INFO:Initializing compare_models()
2026-02-01 23:08:55,185:INFO:compare_models(self=<pycaret.classification.oop.ClassificationExperiment object at 0x0000027B8AE03350>, include=None, exclude=None, fold=None, round=4, cross_validation=True, sort=Accuracy, n_select=1, budget_time=None, turbo=True, errors=ignore, fit_kwargs=None, groups=None, experiment_custom_tags=None, probability_threshold=None, verbose=True, parallel=None, caller_params={'self': <pycaret.classification.oop.ClassificationExperiment object at 0x0000027B8AE03350>, 'include': None, 'exclude': None, 'fold': None, 'round': 4, 'cross_validation': True, 'sort': 'Accuracy', 'n_select': 1, 'budget_time': None, 'turbo': True, 'errors': 'ignore', 'fit_kwargs': None, 'groups': None, 'experiment_custom_tags': None, 'probability_threshold': None, 'engine': None, 'verbose': True, 'parallel': None, '__class__': <class 'pycaret.classification.oop.ClassificationExperiment'>})
2026-02-01 23:08:55,185:INFO:Checking exceptions
2026-02-01 23:08:55,190:INFO:Preparing display monitor
2026-02-01 23:08:55,218:INFO:Initializing Logistic Regression
2026-02-01 23:08:55,219:INFO:Total runtime is 1.6637643178304036e-05 minutes
2026-02-01 23:08:55,223:INFO:SubProcess create_model() called ==================================
2026-02-01 23:08:55,223:INFO:Initializing create_model()
2026-02-01 23:08:55,223:INFO:create_model(self=<pycaret.classification.oop.ClassificationExperiment object at 0x0000027B8AE03350>, estimator=lr, fold=StratifiedKFold(n_splits=10, random_state=None, shuffle=False), round=4, cross_validation=True, predict=True, fit_kwargs={}, groups=None, refit=False, probability_threshold=None, experiment_custom_tags=None, verbose=False, system=False, add_to_model_list=True, metrics=None, display=<pycaret.internal.display.display.CommonDisplay object at 0x0000027B8ADF7050>, model_only=True, return_train_score=False, error_score=0.0, kwargs={})
2026-02-01 23:08:55,223:INFO:Checking exceptions
2026-02-01 23:08:55,223:INFO:Importing libraries
2026-02-01 23:08:55,224:INFO:Copying training dataset
2026-02-01 23:08:55,229:INFO:Defining folds
2026-02-01 23:08:55,230:INFO:Declaring metric variables
2026-02-01 23:08:55,234:INFO:Importing untrained model
2026-02-01 23:08:55,238:INFO:Logistic Regression Imported successfully
2026-02-01 23:08:55,245:INFO:Starting cross validation
2026-02-01 23:08:55,248:INFO:Cross validating with StratifiedKFold(n_splits=10, random_state=None, shuffle=False), n_jobs=-1
2026-02-01 23:09:00,328:WARNING:c:\Users\Shuvo\sleep_data_analysis_bracu\.venv\Lib\site-packages\_distutils_hack\__init__.py:30: UserWarning: Setuptools is replacing distutils. Support for replacing an already imported distutils is deprecated. In the future, this condition will fail. Register concerns at https://github.com/pypa/setuptools/issues/new?template=distutils-deprecation.yml
  warnings.warn(

2026-02-01 23:09:00,351:WARNING:c:\Users\Shuvo\sleep_data_analysis_bracu\.venv\Lib\site-packages\_distutils_hack\__init__.py:30: UserWarning: Setuptools is replacing distutils. Support for replacing an already imported distutils is deprecated. In the future, this condition will fail. Register concerns at https://github.com/pypa/setuptools/issues/new?template=distutils-deprecation.yml
  warnings.warn(

2026-02-01 23:09:00,359:WARNING:c:\Users\Shuvo\sleep_data_analysis_bracu\.venv\Lib\site-packages\_distutils_hack\__init__.py:30: UserWarning: Setuptools is replacing distutils. Support for replacing an already imported distutils is deprecated. In the future, this condition will fail. Register concerns at https://github.com/pypa/setuptools/issues/new?template=distutils-deprecation.yml
  warnings.warn(

2026-02-01 23:09:00,363:WARNING:c:\Users\Shuvo\sleep_data_analysis_bracu\.venv\Lib\site-packages\_distutils_hack\__init__.py:30: UserWarning: Setuptools is replacing distutils. Support for replacing an already imported distutils is deprecated. In the future, this condition will fail. Register concerns at https://github.com/pypa/setuptools/issues/new?template=distutils-deprecation.yml
  warnings.warn(

2026-02-01 23:09:00,380:WARNING:c:\Users\Shuvo\sleep_data_analysis_bracu\.venv\Lib\site-packages\_distutils_hack\__init__.py:30: UserWarning: Setuptools is replacing distutils. Support for replacing an already imported distutils is deprecated. In the future, this condition will fail. Register concerns at https://github.com/pypa/setuptools/issues/new?template=distutils-deprecation.yml
  warnings.warn(

2026-02-01 23:09:00,385:WARNING:c:\Users\Shuvo\sleep_data_analysis_bracu\.venv\Lib\site-packages\_distutils_hack\__init__.py:30: UserWarning: Setuptools is replacing distutils. Support for replacing an already imported distutils is deprecated. In the future, this condition will fail. Register concerns at https://github.com/pypa/setuptools/issues/new?template=distutils-deprecation.yml
  warnings.warn(

2026-02-01 23:09:00,397:WARNING:c:\Users\Shuvo\sleep_data_analysis_bracu\.venv\Lib\site-packages\_distutils_hack\__init__.py:30: UserWarning: Setuptools is replacing distutils. Support for replacing an already imported distutils is deprecated. In the future, this condition will fail. Register concerns at https://github.com/pypa/setuptools/issues/new?template=distutils-deprecation.yml
  warnings.warn(

2026-02-01 23:09:00,404:WARNING:c:\Users\Shuvo\sleep_data_analysis_bracu\.venv\Lib\site-packages\_distutils_hack\__init__.py:30: UserWarning: Setuptools is replacing distutils. Support for replacing an already imported distutils is deprecated. In the future, this condition will fail. Register concerns at https://github.com/pypa/setuptools/issues/new?template=distutils-deprecation.yml
  warnings.warn(

2026-02-01 23:09:00,405:WARNING:c:\Users\Shuvo\sleep_data_analysis_bracu\.venv\Lib\site-packages\_distutils_hack\__init__.py:30: UserWarning: Setuptools is replacing distutils. Support for replacing an already imported distutils is deprecated. In the future, this condition will fail. Register concerns at https://github.com/pypa/setuptools/issues/new?template=distutils-deprecation.yml
  warnings.warn(

2026-02-01 23:09:00,417:WARNING:c:\Users\Shuvo\sleep_data_analysis_bracu\.venv\Lib\site-packages\_distutils_hack\__init__.py:30: UserWarning: Setuptools is replacing distutils. Support for replacing an already imported distutils is deprecated. In the future, this condition will fail. Register concerns at https://github.com/pypa/setuptools/issues/new?template=distutils-deprecation.yml
  warnings.warn(

2026-02-01 23:09:00,800:WARNING:c:\Users\Shuvo\sleep_data_analysis_bracu\.venv\Lib\site-packages\sklearn\linear_model\_logistic.py:469: ConvergenceWarning: lbfgs failed to converge (status=1):
STOP: TOTAL NO. of ITERATIONS REACHED LIMIT.

Increase the number of iterations (max_iter) or scale the data as shown in:
    https://scikit-learn.org/stable/modules/preprocessing.html
Please also refer to the documentation for alternative solver options:
    https://scikit-learn.org/stable/modules/linear_model.html#logistic-regression
  n_iter_i = _check_optimize_result(

2026-02-01 23:09:00,822:WARNING:c:\Users\Shuvo\sleep_data_analysis_bracu\.venv\Lib\site-packages\sklearn\linear_model\_logistic.py:469: ConvergenceWarning: lbfgs failed to converge (status=1):
STOP: TOTAL NO. of ITERATIONS REACHED LIMIT.

Increase the number of iterations (max_iter) or scale the data as shown in:
    https://scikit-learn.org/stable/modules/preprocessing.html
Please also refer to the documentation for alternative solver options:
    https://scikit-learn.org/stable/modules/linear_model.html#logistic-regression
  n_iter_i = _check_optimize_result(

2026-02-01 23:09:00,822:WARNING:c:\Users\Shuvo\sleep_data_analysis_bracu\.venv\Lib\site-packages\sklearn\linear_model\_logistic.py:469: ConvergenceWarning: lbfgs failed to converge (status=1):
STOP: TOTAL NO. of ITERATIONS REACHED LIMIT.

Increase the number of iterations (max_iter) or scale the data as shown in:
    https://scikit-learn.org/stable/modules/preprocessing.html
Please also refer to the documentation for alternative solver options:
    https://scikit-learn.org/stable/modules/linear_model.html#logistic-regression
  n_iter_i = _check_optimize_result(

2026-02-01 23:09:00,834:WARNING:c:\Users\Shuvo\sleep_data_analysis_bracu\.venv\Lib\site-packages\sklearn\linear_model\_logistic.py:469: ConvergenceWarning: lbfgs failed to converge (status=1):
STOP: TOTAL NO. of ITERATIONS REACHED LIMIT.

Increase the number of iterations (max_iter) or scale the data as shown in:
    https://scikit-learn.org/stable/modules/preprocessing.html
Please also refer to the documentation for alternative solver options:
    https://scikit-learn.org/stable/modules/linear_model.html#logistic-regression
  n_iter_i = _check_optimize_result(

2026-02-01 23:09:00,850:WARNING:c:\Users\Shuvo\sleep_data_analysis_bracu\.venv\Lib\site-packages\sklearn\linear_model\_logistic.py:469: ConvergenceWarning: lbfgs failed to converge (status=1):
STOP: TOTAL NO. of ITERATIONS REACHED LIMIT.

Increase the number of iterations (max_iter) or scale the data as shown in:
    https://scikit-learn.org/stable/modules/preprocessing.html
Please also refer to the documentation for alternative solver options:
    https://scikit-learn.org/stable/modules/linear_model.html#logistic-regression
  n_iter_i = _check_optimize_result(

2026-02-01 23:09:00,858:WARNING:c:\Users\Shuvo\sleep_data_analysis_bracu\.venv\Lib\site-packages\sklearn\linear_model\_logistic.py:469: ConvergenceWarning: lbfgs failed to converge (status=1):
STOP: TOTAL NO. of ITERATIONS REACHED LIMIT.

Increase the number of iterations (max_iter) or scale the data as shown in:
    https://scikit-learn.org/stable/modules/preprocessing.html
Please also refer to the documentation for alternative solver options:
    https://scikit-learn.org/stable/modules/linear_model.html#logistic-regression
  n_iter_i = _check_optimize_result(

2026-02-01 23:09:00,864:WARNING:c:\Users\Shuvo\sleep_data_analysis_bracu\.venv\Lib\site-packages\pycaret\internal\metrics.py:204: FitFailedWarning: Metric 'make_scorer(roc_auc_score, response_method=('decision_function', 'predict_proba'), average=weighted, multi_class=ovr)' failed and error score 0.0 has been returned instead. If this is a custom metric, this usually means that the error is in the metric code. Full exception below:
Traceback (most recent call last):
  File "c:\Users\Shuvo\sleep_data_analysis_bracu\.venv\Lib\site-packages\pycaret\internal\metrics.py", line 196, in _score
    return super()._score(
           ^^^^^^^^^^^^^^^
  File "c:\Users\Shuvo\sleep_data_analysis_bracu\.venv\Lib\site-packages\sklearn\metrics\_scorer.py", line 350, in _score
    return self._sign * self._score_func(y_true, y_pred, **scoring_kwargs)
                        ^^^^^^^^^^^^^^^^^^^^^^^^^^^^^^^^^^^^^^^^^^^^^^^^^^
  File "c:\Users\Shuvo\sleep_data_analysis_bracu\.venv\Lib\site-packages\pycaret\internal\metrics.py", line 144, in __call__
    return self.score_func(y_true, y_pred, **kwargs)
           ^^^^^^^^^^^^^^^^^^^^^^^^^^^^^^^^^^^^^^^^^
  File "c:\Users\Shuvo\sleep_data_analysis_bracu\.venv\Lib\site-packages\sklearn\utils\_param_validation.py", line 213, in wrapper
    return func(*args, **kwargs)
           ^^^^^^^^^^^^^^^^^^^^^
  File "c:\Users\Shuvo\sleep_data_analysis_bracu\.venv\Lib\site-packages\sklearn\metrics\_ranking.py", line 634, in roc_auc_score
    return _multiclass_roc_auc_score(
           ^^^^^^^^^^^^^^^^^^^^^^^^^^
  File "c:\Users\Shuvo\sleep_data_analysis_bracu\.venv\Lib\site-packages\sklearn\metrics\_ranking.py", line 707, in _multiclass_roc_auc_score
    raise ValueError(
ValueError: Target scores need to be probabilities for multiclass roc_auc, i.e. they should sum up to 1.0 over classes

  warnings.warn(

2026-02-01 23:09:00,866:WARNING:c:\Users\Shuvo\sleep_data_analysis_bracu\.venv\Lib\site-packages\sklearn\metrics\_classification.py:1561: UserWarning: Note that pos_label (set to 'Sleep Apnea') is ignored when average != 'binary' (got 'weighted'). You may use labels=[pos_label] to specify a single positive class.
  warnings.warn(

2026-02-01 23:09:00,873:WARNING:c:\Users\Shuvo\sleep_data_analysis_bracu\.venv\Lib\site-packages\sklearn\metrics\_classification.py:1561: UserWarning: Note that pos_label (set to 'Sleep Apnea') is ignored when average != 'binary' (got 'weighted'). You may use labels=[pos_label] to specify a single positive class.
  warnings.warn(

2026-02-01 23:09:00,876:WARNING:c:\Users\Shuvo\sleep_data_analysis_bracu\.venv\Lib\site-packages\sklearn\metrics\_classification.py:1561: UserWarning: Note that pos_label (set to 'Sleep Apnea') is ignored when average != 'binary' (got 'weighted'). You may use labels=[pos_label] to specify a single positive class.
  warnings.warn(

2026-02-01 23:09:00,880:WARNING:c:\Users\Shuvo\sleep_data_analysis_bracu\.venv\Lib\site-packages\pycaret\internal\metrics.py:204: FitFailedWarning: Metric 'make_scorer(roc_auc_score, response_method=('decision_function', 'predict_proba'), average=weighted, multi_class=ovr)' failed and error score 0.0 has been returned instead. If this is a custom metric, this usually means that the error is in the metric code. Full exception below:
Traceback (most recent call last):
  File "c:\Users\Shuvo\sleep_data_analysis_bracu\.venv\Lib\site-packages\pycaret\internal\metrics.py", line 196, in _score
    return super()._score(
           ^^^^^^^^^^^^^^^
  File "c:\Users\Shuvo\sleep_data_analysis_bracu\.venv\Lib\site-packages\sklearn\metrics\_scorer.py", line 350, in _score
    return self._sign * self._score_func(y_true, y_pred, **scoring_kwargs)
                        ^^^^^^^^^^^^^^^^^^^^^^^^^^^^^^^^^^^^^^^^^^^^^^^^^^
  File "c:\Users\Shuvo\sleep_data_analysis_bracu\.venv\Lib\site-packages\pycaret\internal\metrics.py", line 144, in __call__
    return self.score_func(y_true, y_pred, **kwargs)
           ^^^^^^^^^^^^^^^^^^^^^^^^^^^^^^^^^^^^^^^^^
  File "c:\Users\Shuvo\sleep_data_analysis_bracu\.venv\Lib\site-packages\sklearn\utils\_param_validation.py", line 213, in wrapper
    return func(*args, **kwargs)
           ^^^^^^^^^^^^^^^^^^^^^
  File "c:\Users\Shuvo\sleep_data_analysis_bracu\.venv\Lib\site-packages\sklearn\metrics\_ranking.py", line 634, in roc_auc_score
    return _multiclass_roc_auc_score(
           ^^^^^^^^^^^^^^^^^^^^^^^^^^
  File "c:\Users\Shuvo\sleep_data_analysis_bracu\.venv\Lib\site-packages\sklearn\metrics\_ranking.py", line 707, in _multiclass_roc_auc_score
    raise ValueError(
ValueError: Target scores need to be probabilities for multiclass roc_auc, i.e. they should sum up to 1.0 over classes

  warnings.warn(

2026-02-01 23:09:00,881:WARNING:c:\Users\Shuvo\sleep_data_analysis_bracu\.venv\Lib\site-packages\pycaret\internal\metrics.py:204: FitFailedWarning: Metric 'make_scorer(roc_auc_score, response_method=('decision_function', 'predict_proba'), average=weighted, multi_class=ovr)' failed and error score 0.0 has been returned instead. If this is a custom metric, this usually means that the error is in the metric code. Full exception below:
Traceback (most recent call last):
  File "c:\Users\Shuvo\sleep_data_analysis_bracu\.venv\Lib\site-packages\pycaret\internal\metrics.py", line 196, in _score
    return super()._score(
           ^^^^^^^^^^^^^^^
  File "c:\Users\Shuvo\sleep_data_analysis_bracu\.venv\Lib\site-packages\sklearn\metrics\_scorer.py", line 350, in _score
    return self._sign * self._score_func(y_true, y_pred, **scoring_kwargs)
                        ^^^^^^^^^^^^^^^^^^^^^^^^^^^^^^^^^^^^^^^^^^^^^^^^^^
  File "c:\Users\Shuvo\sleep_data_analysis_bracu\.venv\Lib\site-packages\pycaret\internal\metrics.py", line 144, in __call__
    return self.score_func(y_true, y_pred, **kwargs)
           ^^^^^^^^^^^^^^^^^^^^^^^^^^^^^^^^^^^^^^^^^
  File "c:\Users\Shuvo\sleep_data_analysis_bracu\.venv\Lib\site-packages\sklearn\utils\_param_validation.py", line 213, in wrapper
    return func(*args, **kwargs)
           ^^^^^^^^^^^^^^^^^^^^^
  File "c:\Users\Shuvo\sleep_data_analysis_bracu\.venv\Lib\site-packages\sklearn\metrics\_ranking.py", line 634, in roc_auc_score
    return _multiclass_roc_auc_score(
           ^^^^^^^^^^^^^^^^^^^^^^^^^^
  File "c:\Users\Shuvo\sleep_data_analysis_bracu\.venv\Lib\site-packages\sklearn\metrics\_ranking.py", line 707, in _multiclass_roc_auc_score
    raise ValueError(
ValueError: Target scores need to be probabilities for multiclass roc_auc, i.e. they should sum up to 1.0 over classes

  warnings.warn(

2026-02-01 23:09:00,882:WARNING:c:\Users\Shuvo\sleep_data_analysis_bracu\.venv\Lib\site-packages\pycaret\internal\metrics.py:204: FitFailedWarning: Metric 'make_scorer(roc_auc_score, response_method=('decision_function', 'predict_proba'), average=weighted, multi_class=ovr)' failed and error score 0.0 has been returned instead. If this is a custom metric, this usually means that the error is in the metric code. Full exception below:
Traceback (most recent call last):
  File "c:\Users\Shuvo\sleep_data_analysis_bracu\.venv\Lib\site-packages\pycaret\internal\metrics.py", line 196, in _score
    return super()._score(
           ^^^^^^^^^^^^^^^
  File "c:\Users\Shuvo\sleep_data_analysis_bracu\.venv\Lib\site-packages\sklearn\metrics\_scorer.py", line 350, in _score
    return self._sign * self._score_func(y_true, y_pred, **scoring_kwargs)
                        ^^^^^^^^^^^^^^^^^^^^^^^^^^^^^^^^^^^^^^^^^^^^^^^^^^
  File "c:\Users\Shuvo\sleep_data_analysis_bracu\.venv\Lib\site-packages\pycaret\internal\metrics.py", line 144, in __call__
    return self.score_func(y_true, y_pred, **kwargs)
           ^^^^^^^^^^^^^^^^^^^^^^^^^^^^^^^^^^^^^^^^^
  File "c:\Users\Shuvo\sleep_data_analysis_bracu\.venv\Lib\site-packages\sklearn\utils\_param_validation.py", line 213, in wrapper
    return func(*args, **kwargs)
           ^^^^^^^^^^^^^^^^^^^^^
  File "c:\Users\Shuvo\sleep_data_analysis_bracu\.venv\Lib\site-packages\sklearn\metrics\_ranking.py", line 634, in roc_auc_score
    return _multiclass_roc_auc_score(
           ^^^^^^^^^^^^^^^^^^^^^^^^^^
  File "c:\Users\Shuvo\sleep_data_analysis_bracu\.venv\Lib\site-packages\sklearn\metrics\_ranking.py", line 707, in _multiclass_roc_auc_score
    raise ValueError(
ValueError: Target scores need to be probabilities for multiclass roc_auc, i.e. they should sum up to 1.0 over classes

  warnings.warn(

2026-02-01 23:09:00,883:WARNING:c:\Users\Shuvo\sleep_data_analysis_bracu\.venv\Lib\site-packages\sklearn\metrics\_classification.py:1561: UserWarning: Note that pos_label (set to 'Sleep Apnea') is ignored when average != 'binary' (got 'weighted'). You may use labels=[pos_label] to specify a single positive class.
  warnings.warn(

2026-02-01 23:09:00,885:WARNING:c:\Users\Shuvo\sleep_data_analysis_bracu\.venv\Lib\site-packages\sklearn\metrics\_classification.py:1561: UserWarning: Note that pos_label (set to 'Sleep Apnea') is ignored when average != 'binary' (got 'weighted'). You may use labels=[pos_label] to specify a single positive class.
  warnings.warn(

2026-02-01 23:09:00,885:WARNING:c:\Users\Shuvo\sleep_data_analysis_bracu\.venv\Lib\site-packages\sklearn\metrics\_classification.py:1561: UserWarning: Note that pos_label (set to 'Sleep Apnea') is ignored when average != 'binary' (got 'weighted'). You may use labels=[pos_label] to specify a single positive class.
  warnings.warn(

2026-02-01 23:09:00,887:WARNING:c:\Users\Shuvo\sleep_data_analysis_bracu\.venv\Lib\site-packages\sklearn\metrics\_classification.py:1561: UserWarning: Note that pos_label (set to 'Sleep Apnea') is ignored when average != 'binary' (got 'weighted'). You may use labels=[pos_label] to specify a single positive class.
  warnings.warn(

2026-02-01 23:09:00,888:WARNING:c:\Users\Shuvo\sleep_data_analysis_bracu\.venv\Lib\site-packages\sklearn\linear_model\_logistic.py:469: ConvergenceWarning: lbfgs failed to converge (status=1):
STOP: TOTAL NO. of ITERATIONS REACHED LIMIT.

Increase the number of iterations (max_iter) or scale the data as shown in:
    https://scikit-learn.org/stable/modules/preprocessing.html
Please also refer to the documentation for alternative solver options:
    https://scikit-learn.org/stable/modules/linear_model.html#logistic-regression
  n_iter_i = _check_optimize_result(

2026-02-01 23:09:00,889:WARNING:c:\Users\Shuvo\sleep_data_analysis_bracu\.venv\Lib\site-packages\sklearn\metrics\_classification.py:1561: UserWarning: Note that pos_label (set to 'Sleep Apnea') is ignored when average != 'binary' (got 'weighted'). You may use labels=[pos_label] to specify a single positive class.
  warnings.warn(

2026-02-01 23:09:00,890:WARNING:c:\Users\Shuvo\sleep_data_analysis_bracu\.venv\Lib\site-packages\sklearn\metrics\_classification.py:1561: UserWarning: Note that pos_label (set to 'Sleep Apnea') is ignored when average != 'binary' (got 'weighted'). You may use labels=[pos_label] to specify a single positive class.
  warnings.warn(

2026-02-01 23:09:00,891:WARNING:c:\Users\Shuvo\sleep_data_analysis_bracu\.venv\Lib\site-packages\sklearn\metrics\_classification.py:1561: UserWarning: Note that pos_label (set to 'Sleep Apnea') is ignored when average != 'binary' (got 'weighted'). You may use labels=[pos_label] to specify a single positive class.
  warnings.warn(

2026-02-01 23:09:00,893:WARNING:c:\Users\Shuvo\sleep_data_analysis_bracu\.venv\Lib\site-packages\sklearn\metrics\_classification.py:1561: UserWarning: Note that pos_label (set to 'Sleep Apnea') is ignored when average != 'binary' (got 'weighted'). You may use labels=[pos_label] to specify a single positive class.
  warnings.warn(

2026-02-01 23:09:00,894:WARNING:c:\Users\Shuvo\sleep_data_analysis_bracu\.venv\Lib\site-packages\sklearn\metrics\_classification.py:1561: UserWarning: Note that pos_label (set to 'Sleep Apnea') is ignored when average != 'binary' (got 'weighted'). You may use labels=[pos_label] to specify a single positive class.
  warnings.warn(

2026-02-01 23:09:00,897:WARNING:c:\Users\Shuvo\sleep_data_analysis_bracu\.venv\Lib\site-packages\sklearn\linear_model\_logistic.py:469: ConvergenceWarning: lbfgs failed to converge (status=1):
STOP: TOTAL NO. of ITERATIONS REACHED LIMIT.

Increase the number of iterations (max_iter) or scale the data as shown in:
    https://scikit-learn.org/stable/modules/preprocessing.html
Please also refer to the documentation for alternative solver options:
    https://scikit-learn.org/stable/modules/linear_model.html#logistic-regression
  n_iter_i = _check_optimize_result(

2026-02-01 23:09:00,899:WARNING:c:\Users\Shuvo\sleep_data_analysis_bracu\.venv\Lib\site-packages\pycaret\internal\metrics.py:204: FitFailedWarning: Metric 'make_scorer(roc_auc_score, response_method=('decision_function', 'predict_proba'), average=weighted, multi_class=ovr)' failed and error score 0.0 has been returned instead. If this is a custom metric, this usually means that the error is in the metric code. Full exception below:
Traceback (most recent call last):
  File "c:\Users\Shuvo\sleep_data_analysis_bracu\.venv\Lib\site-packages\pycaret\internal\metrics.py", line 196, in _score
    return super()._score(
           ^^^^^^^^^^^^^^^
  File "c:\Users\Shuvo\sleep_data_analysis_bracu\.venv\Lib\site-packages\sklearn\metrics\_scorer.py", line 350, in _score
    return self._sign * self._score_func(y_true, y_pred, **scoring_kwargs)
                        ^^^^^^^^^^^^^^^^^^^^^^^^^^^^^^^^^^^^^^^^^^^^^^^^^^
  File "c:\Users\Shuvo\sleep_data_analysis_bracu\.venv\Lib\site-packages\pycaret\internal\metrics.py", line 144, in __call__
    return self.score_func(y_true, y_pred, **kwargs)
           ^^^^^^^^^^^^^^^^^^^^^^^^^^^^^^^^^^^^^^^^^
  File "c:\Users\Shuvo\sleep_data_analysis_bracu\.venv\Lib\site-packages\sklearn\utils\_param_validation.py", line 213, in wrapper
    return func(*args, **kwargs)
           ^^^^^^^^^^^^^^^^^^^^^
  File "c:\Users\Shuvo\sleep_data_analysis_bracu\.venv\Lib\site-packages\sklearn\metrics\_ranking.py", line 634, in roc_auc_score
    return _multiclass_roc_auc_score(
           ^^^^^^^^^^^^^^^^^^^^^^^^^^
  File "c:\Users\Shuvo\sleep_data_analysis_bracu\.venv\Lib\site-packages\sklearn\metrics\_ranking.py", line 707, in _multiclass_roc_auc_score
    raise ValueError(
ValueError: Target scores need to be probabilities for multiclass roc_auc, i.e. they should sum up to 1.0 over classes

  warnings.warn(

2026-02-01 23:09:00,902:WARNING:c:\Users\Shuvo\sleep_data_analysis_bracu\.venv\Lib\site-packages\sklearn\metrics\_classification.py:1561: UserWarning: Note that pos_label (set to 'Sleep Apnea') is ignored when average != 'binary' (got 'weighted'). You may use labels=[pos_label] to specify a single positive class.
  warnings.warn(

2026-02-01 23:09:00,904:WARNING:c:\Users\Shuvo\sleep_data_analysis_bracu\.venv\Lib\site-packages\sklearn\linear_model\_logistic.py:469: ConvergenceWarning: lbfgs failed to converge (status=1):
STOP: TOTAL NO. of ITERATIONS REACHED LIMIT.

Increase the number of iterations (max_iter) or scale the data as shown in:
    https://scikit-learn.org/stable/modules/preprocessing.html
Please also refer to the documentation for alternative solver options:
    https://scikit-learn.org/stable/modules/linear_model.html#logistic-regression
  n_iter_i = _check_optimize_result(

2026-02-01 23:09:00,905:WARNING:c:\Users\Shuvo\sleep_data_analysis_bracu\.venv\Lib\site-packages\sklearn\metrics\_classification.py:1561: UserWarning: Note that pos_label (set to 'Sleep Apnea') is ignored when average != 'binary' (got 'weighted'). You may use labels=[pos_label] to specify a single positive class.
  warnings.warn(

2026-02-01 23:09:00,907:WARNING:c:\Users\Shuvo\sleep_data_analysis_bracu\.venv\Lib\site-packages\sklearn\metrics\_classification.py:1561: UserWarning: Note that pos_label (set to 'Sleep Apnea') is ignored when average != 'binary' (got 'weighted'). You may use labels=[pos_label] to specify a single positive class.
  warnings.warn(

2026-02-01 23:09:00,920:WARNING:c:\Users\Shuvo\sleep_data_analysis_bracu\.venv\Lib\site-packages\pycaret\internal\metrics.py:204: FitFailedWarning: Metric 'make_scorer(roc_auc_score, response_method=('decision_function', 'predict_proba'), average=weighted, multi_class=ovr)' failed and error score 0.0 has been returned instead. If this is a custom metric, this usually means that the error is in the metric code. Full exception below:
Traceback (most recent call last):
  File "c:\Users\Shuvo\sleep_data_analysis_bracu\.venv\Lib\site-packages\pycaret\internal\metrics.py", line 196, in _score
    return super()._score(
           ^^^^^^^^^^^^^^^
  File "c:\Users\Shuvo\sleep_data_analysis_bracu\.venv\Lib\site-packages\sklearn\metrics\_scorer.py", line 350, in _score
    return self._sign * self._score_func(y_true, y_pred, **scoring_kwargs)
                        ^^^^^^^^^^^^^^^^^^^^^^^^^^^^^^^^^^^^^^^^^^^^^^^^^^
  File "c:\Users\Shuvo\sleep_data_analysis_bracu\.venv\Lib\site-packages\pycaret\internal\metrics.py", line 144, in __call__
    return self.score_func(y_true, y_pred, **kwargs)
           ^^^^^^^^^^^^^^^^^^^^^^^^^^^^^^^^^^^^^^^^^
  File "c:\Users\Shuvo\sleep_data_analysis_bracu\.venv\Lib\site-packages\sklearn\utils\_param_validation.py", line 213, in wrapper
    return func(*args, **kwargs)
           ^^^^^^^^^^^^^^^^^^^^^
  File "c:\Users\Shuvo\sleep_data_analysis_bracu\.venv\Lib\site-packages\sklearn\metrics\_ranking.py", line 634, in roc_auc_score
    return _multiclass_roc_auc_score(
           ^^^^^^^^^^^^^^^^^^^^^^^^^^
  File "c:\Users\Shuvo\sleep_data_analysis_bracu\.venv\Lib\site-packages\sklearn\metrics\_ranking.py", line 707, in _multiclass_roc_auc_score
    raise ValueError(
ValueError: Target scores need to be probabilities for multiclass roc_auc, i.e. they should sum up to 1.0 over classes

  warnings.warn(

2026-02-01 23:09:00,924:WARNING:c:\Users\Shuvo\sleep_data_analysis_bracu\.venv\Lib\site-packages\sklearn\metrics\_classification.py:1561: UserWarning: Note that pos_label (set to 'Sleep Apnea') is ignored when average != 'binary' (got 'weighted'). You may use labels=[pos_label] to specify a single positive class.
  warnings.warn(

2026-02-01 23:09:00,929:WARNING:c:\Users\Shuvo\sleep_data_analysis_bracu\.venv\Lib\site-packages\sklearn\metrics\_classification.py:1561: UserWarning: Note that pos_label (set to 'Sleep Apnea') is ignored when average != 'binary' (got 'weighted'). You may use labels=[pos_label] to specify a single positive class.
  warnings.warn(

2026-02-01 23:09:00,932:WARNING:c:\Users\Shuvo\sleep_data_analysis_bracu\.venv\Lib\site-packages\sklearn\metrics\_classification.py:1561: UserWarning: Note that pos_label (set to 'Sleep Apnea') is ignored when average != 'binary' (got 'weighted'). You may use labels=[pos_label] to specify a single positive class.
  warnings.warn(

2026-02-01 23:09:00,934:WARNING:c:\Users\Shuvo\sleep_data_analysis_bracu\.venv\Lib\site-packages\pycaret\internal\metrics.py:204: FitFailedWarning: Metric 'make_scorer(roc_auc_score, response_method=('decision_function', 'predict_proba'), average=weighted, multi_class=ovr)' failed and error score 0.0 has been returned instead. If this is a custom metric, this usually means that the error is in the metric code. Full exception below:
Traceback (most recent call last):
  File "c:\Users\Shuvo\sleep_data_analysis_bracu\.venv\Lib\site-packages\pycaret\internal\metrics.py", line 196, in _score
    return super()._score(
           ^^^^^^^^^^^^^^^
  File "c:\Users\Shuvo\sleep_data_analysis_bracu\.venv\Lib\site-packages\sklearn\metrics\_scorer.py", line 350, in _score
    return self._sign * self._score_func(y_true, y_pred, **scoring_kwargs)
                        ^^^^^^^^^^^^^^^^^^^^^^^^^^^^^^^^^^^^^^^^^^^^^^^^^^
  File "c:\Users\Shuvo\sleep_data_analysis_bracu\.venv\Lib\site-packages\pycaret\internal\metrics.py", line 144, in __call__
    return self.score_func(y_true, y_pred, **kwargs)
           ^^^^^^^^^^^^^^^^^^^^^^^^^^^^^^^^^^^^^^^^^
  File "c:\Users\Shuvo\sleep_data_analysis_bracu\.venv\Lib\site-packages\sklearn\utils\_param_validation.py", line 213, in wrapper
    return func(*args, **kwargs)
           ^^^^^^^^^^^^^^^^^^^^^
  File "c:\Users\Shuvo\sleep_data_analysis_bracu\.venv\Lib\site-packages\sklearn\metrics\_ranking.py", line 634, in roc_auc_score
    return _multiclass_roc_auc_score(
           ^^^^^^^^^^^^^^^^^^^^^^^^^^
  File "c:\Users\Shuvo\sleep_data_analysis_bracu\.venv\Lib\site-packages\sklearn\metrics\_ranking.py", line 707, in _multiclass_roc_auc_score
    raise ValueError(
ValueError: Target scores need to be probabilities for multiclass roc_auc, i.e. they should sum up to 1.0 over classes

  warnings.warn(

2026-02-01 23:09:00,937:WARNING:c:\Users\Shuvo\sleep_data_analysis_bracu\.venv\Lib\site-packages\sklearn\metrics\_classification.py:1561: UserWarning: Note that pos_label (set to 'Sleep Apnea') is ignored when average != 'binary' (got 'weighted'). You may use labels=[pos_label] to specify a single positive class.
  warnings.warn(

2026-02-01 23:09:00,942:WARNING:c:\Users\Shuvo\sleep_data_analysis_bracu\.venv\Lib\site-packages\pycaret\internal\metrics.py:204: FitFailedWarning: Metric 'make_scorer(roc_auc_score, response_method=('decision_function', 'predict_proba'), average=weighted, multi_class=ovr)' failed and error score 0.0 has been returned instead. If this is a custom metric, this usually means that the error is in the metric code. Full exception below:
Traceback (most recent call last):
  File "c:\Users\Shuvo\sleep_data_analysis_bracu\.venv\Lib\site-packages\pycaret\internal\metrics.py", line 196, in _score
    return super()._score(
           ^^^^^^^^^^^^^^^
  File "c:\Users\Shuvo\sleep_data_analysis_bracu\.venv\Lib\site-packages\sklearn\metrics\_scorer.py", line 350, in _score
    return self._sign * self._score_func(y_true, y_pred, **scoring_kwargs)
                        ^^^^^^^^^^^^^^^^^^^^^^^^^^^^^^^^^^^^^^^^^^^^^^^^^^
  File "c:\Users\Shuvo\sleep_data_analysis_bracu\.venv\Lib\site-packages\pycaret\internal\metrics.py", line 144, in __call__
    return self.score_func(y_true, y_pred, **kwargs)
           ^^^^^^^^^^^^^^^^^^^^^^^^^^^^^^^^^^^^^^^^^
  File "c:\Users\Shuvo\sleep_data_analysis_bracu\.venv\Lib\site-packages\sklearn\utils\_param_validation.py", line 213, in wrapper
    return func(*args, **kwargs)
           ^^^^^^^^^^^^^^^^^^^^^
  File "c:\Users\Shuvo\sleep_data_analysis_bracu\.venv\Lib\site-packages\sklearn\metrics\_ranking.py", line 634, in roc_auc_score
    return _multiclass_roc_auc_score(
           ^^^^^^^^^^^^^^^^^^^^^^^^^^
  File "c:\Users\Shuvo\sleep_data_analysis_bracu\.venv\Lib\site-packages\sklearn\metrics\_ranking.py", line 707, in _multiclass_roc_auc_score
    raise ValueError(
ValueError: Target scores need to be probabilities for multiclass roc_auc, i.e. they should sum up to 1.0 over classes

  warnings.warn(

2026-02-01 23:09:00,946:WARNING:c:\Users\Shuvo\sleep_data_analysis_bracu\.venv\Lib\site-packages\sklearn\metrics\_classification.py:1561: UserWarning: Note that pos_label (set to 'Sleep Apnea') is ignored when average != 'binary' (got 'weighted'). You may use labels=[pos_label] to specify a single positive class.
  warnings.warn(

2026-02-01 23:09:00,946:WARNING:c:\Users\Shuvo\sleep_data_analysis_bracu\.venv\Lib\site-packages\sklearn\metrics\_classification.py:1561: UserWarning: Note that pos_label (set to 'Sleep Apnea') is ignored when average != 'binary' (got 'weighted'). You may use labels=[pos_label] to specify a single positive class.
  warnings.warn(

2026-02-01 23:09:00,949:WARNING:c:\Users\Shuvo\sleep_data_analysis_bracu\.venv\Lib\site-packages\sklearn\metrics\_classification.py:1561: UserWarning: Note that pos_label (set to 'Sleep Apnea') is ignored when average != 'binary' (got 'weighted'). You may use labels=[pos_label] to specify a single positive class.
  warnings.warn(

2026-02-01 23:09:00,952:WARNING:c:\Users\Shuvo\sleep_data_analysis_bracu\.venv\Lib\site-packages\sklearn\metrics\_classification.py:1561: UserWarning: Note that pos_label (set to 'Sleep Apnea') is ignored when average != 'binary' (got 'weighted'). You may use labels=[pos_label] to specify a single positive class.
  warnings.warn(

2026-02-01 23:09:00,958:WARNING:c:\Users\Shuvo\sleep_data_analysis_bracu\.venv\Lib\site-packages\pycaret\internal\metrics.py:204: FitFailedWarning: Metric 'make_scorer(roc_auc_score, response_method=('decision_function', 'predict_proba'), average=weighted, multi_class=ovr)' failed and error score 0.0 has been returned instead. If this is a custom metric, this usually means that the error is in the metric code. Full exception below:
Traceback (most recent call last):
  File "c:\Users\Shuvo\sleep_data_analysis_bracu\.venv\Lib\site-packages\pycaret\internal\metrics.py", line 196, in _score
    return super()._score(
           ^^^^^^^^^^^^^^^
  File "c:\Users\Shuvo\sleep_data_analysis_bracu\.venv\Lib\site-packages\sklearn\metrics\_scorer.py", line 350, in _score
    return self._sign * self._score_func(y_true, y_pred, **scoring_kwargs)
                        ^^^^^^^^^^^^^^^^^^^^^^^^^^^^^^^^^^^^^^^^^^^^^^^^^^
  File "c:\Users\Shuvo\sleep_data_analysis_bracu\.venv\Lib\site-packages\pycaret\internal\metrics.py", line 144, in __call__
    return self.score_func(y_true, y_pred, **kwargs)
           ^^^^^^^^^^^^^^^^^^^^^^^^^^^^^^^^^^^^^^^^^
  File "c:\Users\Shuvo\sleep_data_analysis_bracu\.venv\Lib\site-packages\sklearn\utils\_param_validation.py", line 213, in wrapper
    return func(*args, **kwargs)
           ^^^^^^^^^^^^^^^^^^^^^
  File "c:\Users\Shuvo\sleep_data_analysis_bracu\.venv\Lib\site-packages\sklearn\metrics\_ranking.py", line 634, in roc_auc_score
    return _multiclass_roc_auc_score(
           ^^^^^^^^^^^^^^^^^^^^^^^^^^
  File "c:\Users\Shuvo\sleep_data_analysis_bracu\.venv\Lib\site-packages\sklearn\metrics\_ranking.py", line 707, in _multiclass_roc_auc_score
    raise ValueError(
ValueError: Target scores need to be probabilities for multiclass roc_auc, i.e. they should sum up to 1.0 over classes

  warnings.warn(

2026-02-01 23:09:00,961:WARNING:c:\Users\Shuvo\sleep_data_analysis_bracu\.venv\Lib\site-packages\pycaret\internal\metrics.py:204: FitFailedWarning: Metric 'make_scorer(roc_auc_score, response_method=('decision_function', 'predict_proba'), average=weighted, multi_class=ovr)' failed and error score 0.0 has been returned instead. If this is a custom metric, this usually means that the error is in the metric code. Full exception below:
Traceback (most recent call last):
  File "c:\Users\Shuvo\sleep_data_analysis_bracu\.venv\Lib\site-packages\pycaret\internal\metrics.py", line 196, in _score
    return super()._score(
           ^^^^^^^^^^^^^^^
  File "c:\Users\Shuvo\sleep_data_analysis_bracu\.venv\Lib\site-packages\sklearn\metrics\_scorer.py", line 350, in _score
    return self._sign * self._score_func(y_true, y_pred, **scoring_kwargs)
                        ^^^^^^^^^^^^^^^^^^^^^^^^^^^^^^^^^^^^^^^^^^^^^^^^^^
  File "c:\Users\Shuvo\sleep_data_analysis_bracu\.venv\Lib\site-packages\pycaret\internal\metrics.py", line 144, in __call__
    return self.score_func(y_true, y_pred, **kwargs)
           ^^^^^^^^^^^^^^^^^^^^^^^^^^^^^^^^^^^^^^^^^
  File "c:\Users\Shuvo\sleep_data_analysis_bracu\.venv\Lib\site-packages\sklearn\utils\_param_validation.py", line 213, in wrapper
    return func(*args, **kwargs)
           ^^^^^^^^^^^^^^^^^^^^^
  File "c:\Users\Shuvo\sleep_data_analysis_bracu\.venv\Lib\site-packages\sklearn\metrics\_ranking.py", line 634, in roc_auc_score
    return _multiclass_roc_auc_score(
           ^^^^^^^^^^^^^^^^^^^^^^^^^^
  File "c:\Users\Shuvo\sleep_data_analysis_bracu\.venv\Lib\site-packages\sklearn\metrics\_ranking.py", line 707, in _multiclass_roc_auc_score
    raise ValueError(
ValueError: Target scores need to be probabilities for multiclass roc_auc, i.e. they should sum up to 1.0 over classes

  warnings.warn(

2026-02-01 23:09:00,963:WARNING:c:\Users\Shuvo\sleep_data_analysis_bracu\.venv\Lib\site-packages\sklearn\metrics\_classification.py:1561: UserWarning: Note that pos_label (set to 'Sleep Apnea') is ignored when average != 'binary' (got 'weighted'). You may use labels=[pos_label] to specify a single positive class.
  warnings.warn(

2026-02-01 23:09:00,965:WARNING:c:\Users\Shuvo\sleep_data_analysis_bracu\.venv\Lib\site-packages\sklearn\metrics\_classification.py:1561: UserWarning: Note that pos_label (set to 'Sleep Apnea') is ignored when average != 'binary' (got 'weighted'). You may use labels=[pos_label] to specify a single positive class.
  warnings.warn(

2026-02-01 23:09:00,967:WARNING:c:\Users\Shuvo\sleep_data_analysis_bracu\.venv\Lib\site-packages\sklearn\metrics\_classification.py:1561: UserWarning: Note that pos_label (set to 'Sleep Apnea') is ignored when average != 'binary' (got 'weighted'). You may use labels=[pos_label] to specify a single positive class.
  warnings.warn(

2026-02-01 23:09:00,969:WARNING:c:\Users\Shuvo\sleep_data_analysis_bracu\.venv\Lib\site-packages\sklearn\metrics\_classification.py:1561: UserWarning: Note that pos_label (set to 'Sleep Apnea') is ignored when average != 'binary' (got 'weighted'). You may use labels=[pos_label] to specify a single positive class.
  warnings.warn(

2026-02-01 23:09:00,970:WARNING:c:\Users\Shuvo\sleep_data_analysis_bracu\.venv\Lib\site-packages\sklearn\metrics\_classification.py:1561: UserWarning: Note that pos_label (set to 'Sleep Apnea') is ignored when average != 'binary' (got 'weighted'). You may use labels=[pos_label] to specify a single positive class.
  warnings.warn(

2026-02-01 23:09:00,972:WARNING:c:\Users\Shuvo\sleep_data_analysis_bracu\.venv\Lib\site-packages\sklearn\metrics\_classification.py:1561: UserWarning: Note that pos_label (set to 'Sleep Apnea') is ignored when average != 'binary' (got 'weighted'). You may use labels=[pos_label] to specify a single positive class.
  warnings.warn(

2026-02-01 23:09:00,982:INFO:Calculating mean and std
2026-02-01 23:09:00,984:INFO:Creating metrics dataframe
2026-02-01 23:09:00,987:INFO:Uploading results into container
2026-02-01 23:09:00,989:INFO:Uploading model into container now
2026-02-01 23:09:00,990:INFO:_master_model_container: 1
2026-02-01 23:09:00,990:INFO:_display_container: 2
2026-02-01 23:09:00,991:INFO:LogisticRegression(C=1.0, class_weight=None, dual=False, fit_intercept=True,
                   intercept_scaling=1, l1_ratio=None, max_iter=1000,
                   multi_class='auto', n_jobs=None, penalty='l2',
                   random_state=12, solver='lbfgs', tol=0.0001, verbose=0,
                   warm_start=False)
2026-02-01 23:09:00,991:INFO:create_model() successfully completed......................................
2026-02-01 23:09:01,146:INFO:SubProcess create_model() end ==================================
2026-02-01 23:09:01,146:INFO:Creating metrics dataframe
2026-02-01 23:09:01,153:INFO:Initializing K Neighbors Classifier
2026-02-01 23:09:01,153:INFO:Total runtime is 0.09891427357991536 minutes
2026-02-01 23:09:01,156:INFO:SubProcess create_model() called ==================================
2026-02-01 23:09:01,156:INFO:Initializing create_model()
2026-02-01 23:09:01,156:INFO:create_model(self=<pycaret.classification.oop.ClassificationExperiment object at 0x0000027B8AE03350>, estimator=knn, fold=StratifiedKFold(n_splits=10, random_state=None, shuffle=False), round=4, cross_validation=True, predict=True, fit_kwargs={}, groups=None, refit=False, probability_threshold=None, experiment_custom_tags=None, verbose=False, system=False, add_to_model_list=True, metrics=None, display=<pycaret.internal.display.display.CommonDisplay object at 0x0000027B8ADF7050>, model_only=True, return_train_score=False, error_score=0.0, kwargs={})
2026-02-01 23:09:01,156:INFO:Checking exceptions
2026-02-01 23:09:01,156:INFO:Importing libraries
2026-02-01 23:09:01,157:INFO:Copying training dataset
2026-02-01 23:09:01,162:INFO:Defining folds
2026-02-01 23:09:01,162:INFO:Declaring metric variables
2026-02-01 23:09:01,165:INFO:Importing untrained model
2026-02-01 23:09:01,170:INFO:K Neighbors Classifier Imported successfully
2026-02-01 23:09:01,177:INFO:Starting cross validation
2026-02-01 23:09:01,179:INFO:Cross validating with StratifiedKFold(n_splits=10, random_state=None, shuffle=False), n_jobs=-1
2026-02-01 23:09:01,433:WARNING:c:\Users\Shuvo\sleep_data_analysis_bracu\.venv\Lib\site-packages\sklearn\metrics\_classification.py:1561: UserWarning: Note that pos_label (set to 'Sleep Apnea') is ignored when average != 'binary' (got 'weighted'). You may use labels=[pos_label] to specify a single positive class.
  warnings.warn(

2026-02-01 23:09:01,438:WARNING:c:\Users\Shuvo\sleep_data_analysis_bracu\.venv\Lib\site-packages\sklearn\metrics\_classification.py:1561: UserWarning: Note that pos_label (set to 'Sleep Apnea') is ignored when average != 'binary' (got 'weighted'). You may use labels=[pos_label] to specify a single positive class.
  warnings.warn(

2026-02-01 23:09:01,444:WARNING:c:\Users\Shuvo\sleep_data_analysis_bracu\.venv\Lib\site-packages\sklearn\metrics\_classification.py:1561: UserWarning: Note that pos_label (set to 'Sleep Apnea') is ignored when average != 'binary' (got 'weighted'). You may use labels=[pos_label] to specify a single positive class.
  warnings.warn(

2026-02-01 23:09:01,446:WARNING:c:\Users\Shuvo\sleep_data_analysis_bracu\.venv\Lib\site-packages\sklearn\metrics\_classification.py:1561: UserWarning: Note that pos_label (set to 'Sleep Apnea') is ignored when average != 'binary' (got 'weighted'). You may use labels=[pos_label] to specify a single positive class.
  warnings.warn(

2026-02-01 23:09:01,450:WARNING:c:\Users\Shuvo\sleep_data_analysis_bracu\.venv\Lib\site-packages\sklearn\metrics\_classification.py:1561: UserWarning: Note that pos_label (set to 'Sleep Apnea') is ignored when average != 'binary' (got 'weighted'). You may use labels=[pos_label] to specify a single positive class.
  warnings.warn(

2026-02-01 23:09:01,452:WARNING:c:\Users\Shuvo\sleep_data_analysis_bracu\.venv\Lib\site-packages\sklearn\metrics\_classification.py:1561: UserWarning: Note that pos_label (set to 'Sleep Apnea') is ignored when average != 'binary' (got 'weighted'). You may use labels=[pos_label] to specify a single positive class.
  warnings.warn(

2026-02-01 23:09:01,455:WARNING:c:\Users\Shuvo\sleep_data_analysis_bracu\.venv\Lib\site-packages\sklearn\metrics\_classification.py:1561: UserWarning: Note that pos_label (set to 'Sleep Apnea') is ignored when average != 'binary' (got 'weighted'). You may use labels=[pos_label] to specify a single positive class.
  warnings.warn(

2026-02-01 23:09:01,456:WARNING:c:\Users\Shuvo\sleep_data_analysis_bracu\.venv\Lib\site-packages\sklearn\metrics\_classification.py:1561: UserWarning: Note that pos_label (set to 'Sleep Apnea') is ignored when average != 'binary' (got 'weighted'). You may use labels=[pos_label] to specify a single positive class.
  warnings.warn(

2026-02-01 23:09:01,461:WARNING:c:\Users\Shuvo\sleep_data_analysis_bracu\.venv\Lib\site-packages\sklearn\metrics\_classification.py:1561: UserWarning: Note that pos_label (set to 'Sleep Apnea') is ignored when average != 'binary' (got 'weighted'). You may use labels=[pos_label] to specify a single positive class.
  warnings.warn(

2026-02-01 23:09:01,462:WARNING:c:\Users\Shuvo\sleep_data_analysis_bracu\.venv\Lib\site-packages\sklearn\metrics\_classification.py:1561: UserWarning: Note that pos_label (set to 'Sleep Apnea') is ignored when average != 'binary' (got 'weighted'). You may use labels=[pos_label] to specify a single positive class.
  warnings.warn(

2026-02-01 23:09:01,467:WARNING:c:\Users\Shuvo\sleep_data_analysis_bracu\.venv\Lib\site-packages\sklearn\metrics\_classification.py:1561: UserWarning: Note that pos_label (set to 'Sleep Apnea') is ignored when average != 'binary' (got 'weighted'). You may use labels=[pos_label] to specify a single positive class.
  warnings.warn(

2026-02-01 23:09:01,472:WARNING:c:\Users\Shuvo\sleep_data_analysis_bracu\.venv\Lib\site-packages\sklearn\metrics\_classification.py:1561: UserWarning: Note that pos_label (set to 'Sleep Apnea') is ignored when average != 'binary' (got 'weighted'). You may use labels=[pos_label] to specify a single positive class.
  warnings.warn(

2026-02-01 23:09:04,693:WARNING:c:\Users\Shuvo\sleep_data_analysis_bracu\.venv\Lib\site-packages\_distutils_hack\__init__.py:30: UserWarning: Setuptools is replacing distutils. Support for replacing an already imported distutils is deprecated. In the future, this condition will fail. Register concerns at https://github.com/pypa/setuptools/issues/new?template=distutils-deprecation.yml
  warnings.warn(

2026-02-01 23:09:04,696:WARNING:c:\Users\Shuvo\sleep_data_analysis_bracu\.venv\Lib\site-packages\_distutils_hack\__init__.py:30: UserWarning: Setuptools is replacing distutils. Support for replacing an already imported distutils is deprecated. In the future, this condition will fail. Register concerns at https://github.com/pypa/setuptools/issues/new?template=distutils-deprecation.yml
  warnings.warn(

2026-02-01 23:09:04,705:WARNING:c:\Users\Shuvo\sleep_data_analysis_bracu\.venv\Lib\site-packages\_distutils_hack\__init__.py:30: UserWarning: Setuptools is replacing distutils. Support for replacing an already imported distutils is deprecated. In the future, this condition will fail. Register concerns at https://github.com/pypa/setuptools/issues/new?template=distutils-deprecation.yml
  warnings.warn(

2026-02-01 23:09:04,705:WARNING:c:\Users\Shuvo\sleep_data_analysis_bracu\.venv\Lib\site-packages\_distutils_hack\__init__.py:30: UserWarning: Setuptools is replacing distutils. Support for replacing an already imported distutils is deprecated. In the future, this condition will fail. Register concerns at https://github.com/pypa/setuptools/issues/new?template=distutils-deprecation.yml
  warnings.warn(

2026-02-01 23:09:04,707:WARNING:c:\Users\Shuvo\sleep_data_analysis_bracu\.venv\Lib\site-packages\_distutils_hack\__init__.py:30: UserWarning: Setuptools is replacing distutils. Support for replacing an already imported distutils is deprecated. In the future, this condition will fail. Register concerns at https://github.com/pypa/setuptools/issues/new?template=distutils-deprecation.yml
  warnings.warn(

2026-02-01 23:09:04,709:WARNING:c:\Users\Shuvo\sleep_data_analysis_bracu\.venv\Lib\site-packages\_distutils_hack\__init__.py:30: UserWarning: Setuptools is replacing distutils. Support for replacing an already imported distutils is deprecated. In the future, this condition will fail. Register concerns at https://github.com/pypa/setuptools/issues/new?template=distutils-deprecation.yml
  warnings.warn(

2026-02-01 23:09:04,919:WARNING:c:\Users\Shuvo\sleep_data_analysis_bracu\.venv\Lib\site-packages\sklearn\metrics\_classification.py:1561: UserWarning: Note that pos_label (set to 'Sleep Apnea') is ignored when average != 'binary' (got 'weighted'). You may use labels=[pos_label] to specify a single positive class.
  warnings.warn(

2026-02-01 23:09:04,921:WARNING:c:\Users\Shuvo\sleep_data_analysis_bracu\.venv\Lib\site-packages\sklearn\metrics\_classification.py:1561: UserWarning: Note that pos_label (set to 'Sleep Apnea') is ignored when average != 'binary' (got 'weighted'). You may use labels=[pos_label] to specify a single positive class.
  warnings.warn(

2026-02-01 23:09:04,922:WARNING:c:\Users\Shuvo\sleep_data_analysis_bracu\.venv\Lib\site-packages\sklearn\metrics\_classification.py:1561: UserWarning: Note that pos_label (set to 'Sleep Apnea') is ignored when average != 'binary' (got 'weighted'). You may use labels=[pos_label] to specify a single positive class.
  warnings.warn(

2026-02-01 23:09:04,924:WARNING:c:\Users\Shuvo\sleep_data_analysis_bracu\.venv\Lib\site-packages\sklearn\metrics\_classification.py:1561: UserWarning: Note that pos_label (set to 'Sleep Apnea') is ignored when average != 'binary' (got 'weighted'). You may use labels=[pos_label] to specify a single positive class.
  warnings.warn(

2026-02-01 23:09:04,925:WARNING:c:\Users\Shuvo\sleep_data_analysis_bracu\.venv\Lib\site-packages\sklearn\metrics\_classification.py:1561: UserWarning: Note that pos_label (set to 'Sleep Apnea') is ignored when average != 'binary' (got 'weighted'). You may use labels=[pos_label] to specify a single positive class.
  warnings.warn(

2026-02-01 23:09:04,926:WARNING:c:\Users\Shuvo\sleep_data_analysis_bracu\.venv\Lib\site-packages\sklearn\metrics\_classification.py:1561: UserWarning: Note that pos_label (set to 'Sleep Apnea') is ignored when average != 'binary' (got 'weighted'). You may use labels=[pos_label] to specify a single positive class.
  warnings.warn(

2026-02-01 23:09:04,927:WARNING:c:\Users\Shuvo\sleep_data_analysis_bracu\.venv\Lib\site-packages\sklearn\metrics\_classification.py:1561: UserWarning: Note that pos_label (set to 'Sleep Apnea') is ignored when average != 'binary' (got 'weighted'). You may use labels=[pos_label] to specify a single positive class.
  warnings.warn(

2026-02-01 23:09:04,929:WARNING:c:\Users\Shuvo\sleep_data_analysis_bracu\.venv\Lib\site-packages\sklearn\metrics\_classification.py:1561: UserWarning: Note that pos_label (set to 'Sleep Apnea') is ignored when average != 'binary' (got 'weighted'). You may use labels=[pos_label] to specify a single positive class.
  warnings.warn(

2026-02-01 23:09:04,929:WARNING:c:\Users\Shuvo\sleep_data_analysis_bracu\.venv\Lib\site-packages\sklearn\metrics\_classification.py:1561: UserWarning: Note that pos_label (set to 'Sleep Apnea') is ignored when average != 'binary' (got 'weighted'). You may use labels=[pos_label] to specify a single positive class.
  warnings.warn(

2026-02-01 23:09:04,930:WARNING:c:\Users\Shuvo\sleep_data_analysis_bracu\.venv\Lib\site-packages\sklearn\metrics\_classification.py:1561: UserWarning: Note that pos_label (set to 'Sleep Apnea') is ignored when average != 'binary' (got 'weighted'). You may use labels=[pos_label] to specify a single positive class.
  warnings.warn(

2026-02-01 23:09:04,931:WARNING:c:\Users\Shuvo\sleep_data_analysis_bracu\.venv\Lib\site-packages\sklearn\metrics\_classification.py:1561: UserWarning: Note that pos_label (set to 'Sleep Apnea') is ignored when average != 'binary' (got 'weighted'). You may use labels=[pos_label] to specify a single positive class.
  warnings.warn(

2026-02-01 23:09:04,934:WARNING:c:\Users\Shuvo\sleep_data_analysis_bracu\.venv\Lib\site-packages\sklearn\metrics\_classification.py:1561: UserWarning: Note that pos_label (set to 'Sleep Apnea') is ignored when average != 'binary' (got 'weighted'). You may use labels=[pos_label] to specify a single positive class.
  warnings.warn(

2026-02-01 23:09:04,939:WARNING:c:\Users\Shuvo\sleep_data_analysis_bracu\.venv\Lib\site-packages\sklearn\metrics\_classification.py:1561: UserWarning: Note that pos_label (set to 'Sleep Apnea') is ignored when average != 'binary' (got 'weighted'). You may use labels=[pos_label] to specify a single positive class.
  warnings.warn(

2026-02-01 23:09:04,943:WARNING:c:\Users\Shuvo\sleep_data_analysis_bracu\.venv\Lib\site-packages\sklearn\metrics\_classification.py:1561: UserWarning: Note that pos_label (set to 'Sleep Apnea') is ignored when average != 'binary' (got 'weighted'). You may use labels=[pos_label] to specify a single positive class.
  warnings.warn(

2026-02-01 23:09:04,948:WARNING:c:\Users\Shuvo\sleep_data_analysis_bracu\.venv\Lib\site-packages\sklearn\metrics\_classification.py:1561: UserWarning: Note that pos_label (set to 'Sleep Apnea') is ignored when average != 'binary' (got 'weighted'). You may use labels=[pos_label] to specify a single positive class.
  warnings.warn(

2026-02-01 23:09:04,957:WARNING:c:\Users\Shuvo\sleep_data_analysis_bracu\.venv\Lib\site-packages\sklearn\metrics\_classification.py:1561: UserWarning: Note that pos_label (set to 'Sleep Apnea') is ignored when average != 'binary' (got 'weighted'). You may use labels=[pos_label] to specify a single positive class.
  warnings.warn(

2026-02-01 23:09:04,962:WARNING:c:\Users\Shuvo\sleep_data_analysis_bracu\.venv\Lib\site-packages\sklearn\metrics\_classification.py:1561: UserWarning: Note that pos_label (set to 'Sleep Apnea') is ignored when average != 'binary' (got 'weighted'). You may use labels=[pos_label] to specify a single positive class.
  warnings.warn(

2026-02-01 23:09:04,968:WARNING:c:\Users\Shuvo\sleep_data_analysis_bracu\.venv\Lib\site-packages\sklearn\metrics\_classification.py:1561: UserWarning: Note that pos_label (set to 'Sleep Apnea') is ignored when average != 'binary' (got 'weighted'). You may use labels=[pos_label] to specify a single positive class.
  warnings.warn(

2026-02-01 23:09:04,976:INFO:Calculating mean and std
2026-02-01 23:09:04,979:INFO:Creating metrics dataframe
2026-02-01 23:09:04,984:INFO:Uploading results into container
2026-02-01 23:09:04,985:INFO:Uploading model into container now
2026-02-01 23:09:04,987:INFO:_master_model_container: 2
2026-02-01 23:09:04,987:INFO:_display_container: 2
2026-02-01 23:09:04,988:INFO:KNeighborsClassifier(algorithm='auto', leaf_size=30, metric='minkowski',
                     metric_params=None, n_jobs=-1, n_neighbors=5, p=2,
                     weights='uniform')
2026-02-01 23:09:04,988:INFO:create_model() successfully completed......................................
2026-02-01 23:09:05,236:INFO:SubProcess create_model() end ==================================
2026-02-01 23:09:05,236:INFO:Creating metrics dataframe
2026-02-01 23:09:05,249:INFO:Initializing Naive Bayes
2026-02-01 23:09:05,249:INFO:Total runtime is 0.16718779007593793 minutes
2026-02-01 23:09:05,251:INFO:SubProcess create_model() called ==================================
2026-02-01 23:09:05,252:INFO:Initializing create_model()
2026-02-01 23:09:05,252:INFO:create_model(self=<pycaret.classification.oop.ClassificationExperiment object at 0x0000027B8AE03350>, estimator=nb, fold=StratifiedKFold(n_splits=10, random_state=None, shuffle=False), round=4, cross_validation=True, predict=True, fit_kwargs={}, groups=None, refit=False, probability_threshold=None, experiment_custom_tags=None, verbose=False, system=False, add_to_model_list=True, metrics=None, display=<pycaret.internal.display.display.CommonDisplay object at 0x0000027B8ADF7050>, model_only=True, return_train_score=False, error_score=0.0, kwargs={})
2026-02-01 23:09:05,252:INFO:Checking exceptions
2026-02-01 23:09:05,252:INFO:Importing libraries
2026-02-01 23:09:05,252:INFO:Copying training dataset
2026-02-01 23:09:05,258:INFO:Defining folds
2026-02-01 23:09:05,259:INFO:Declaring metric variables
2026-02-01 23:09:05,262:INFO:Importing untrained model
2026-02-01 23:09:05,267:INFO:Naive Bayes Imported successfully
2026-02-01 23:09:05,275:INFO:Starting cross validation
2026-02-01 23:09:05,277:INFO:Cross validating with StratifiedKFold(n_splits=10, random_state=None, shuffle=False), n_jobs=-1
2026-02-01 23:09:05,550:WARNING:c:\Users\Shuvo\sleep_data_analysis_bracu\.venv\Lib\site-packages\sklearn\metrics\_classification.py:1561: UserWarning: Note that pos_label (set to 'Sleep Apnea') is ignored when average != 'binary' (got 'weighted'). You may use labels=[pos_label] to specify a single positive class.
  warnings.warn(

2026-02-01 23:09:05,550:WARNING:c:\Users\Shuvo\sleep_data_analysis_bracu\.venv\Lib\site-packages\sklearn\metrics\_classification.py:1561: UserWarning: Note that pos_label (set to 'Sleep Apnea') is ignored when average != 'binary' (got 'weighted'). You may use labels=[pos_label] to specify a single positive class.
  warnings.warn(

2026-02-01 23:09:05,555:WARNING:c:\Users\Shuvo\sleep_data_analysis_bracu\.venv\Lib\site-packages\sklearn\metrics\_classification.py:1561: UserWarning: Note that pos_label (set to 'Sleep Apnea') is ignored when average != 'binary' (got 'weighted'). You may use labels=[pos_label] to specify a single positive class.
  warnings.warn(

2026-02-01 23:09:05,555:WARNING:c:\Users\Shuvo\sleep_data_analysis_bracu\.venv\Lib\site-packages\sklearn\metrics\_classification.py:1561: UserWarning: Note that pos_label (set to 'Sleep Apnea') is ignored when average != 'binary' (got 'weighted'). You may use labels=[pos_label] to specify a single positive class.
  warnings.warn(

2026-02-01 23:09:05,557:WARNING:c:\Users\Shuvo\sleep_data_analysis_bracu\.venv\Lib\site-packages\sklearn\metrics\_classification.py:1561: UserWarning: Note that pos_label (set to 'Sleep Apnea') is ignored when average != 'binary' (got 'weighted'). You may use labels=[pos_label] to specify a single positive class.
  warnings.warn(

2026-02-01 23:09:05,558:WARNING:c:\Users\Shuvo\sleep_data_analysis_bracu\.venv\Lib\site-packages\sklearn\metrics\_classification.py:1561: UserWarning: Note that pos_label (set to 'Sleep Apnea') is ignored when average != 'binary' (got 'weighted'). You may use labels=[pos_label] to specify a single positive class.
  warnings.warn(

2026-02-01 23:09:05,558:WARNING:c:\Users\Shuvo\sleep_data_analysis_bracu\.venv\Lib\site-packages\sklearn\metrics\_classification.py:1561: UserWarning: Note that pos_label (set to 'Sleep Apnea') is ignored when average != 'binary' (got 'weighted'). You may use labels=[pos_label] to specify a single positive class.
  warnings.warn(

2026-02-01 23:09:05,562:WARNING:c:\Users\Shuvo\sleep_data_analysis_bracu\.venv\Lib\site-packages\sklearn\metrics\_classification.py:1561: UserWarning: Note that pos_label (set to 'Sleep Apnea') is ignored when average != 'binary' (got 'weighted'). You may use labels=[pos_label] to specify a single positive class.
  warnings.warn(

2026-02-01 23:09:05,564:WARNING:c:\Users\Shuvo\sleep_data_analysis_bracu\.venv\Lib\site-packages\sklearn\metrics\_classification.py:1561: UserWarning: Note that pos_label (set to 'Sleep Apnea') is ignored when average != 'binary' (got 'weighted'). You may use labels=[pos_label] to specify a single positive class.
  warnings.warn(

2026-02-01 23:09:05,565:WARNING:c:\Users\Shuvo\sleep_data_analysis_bracu\.venv\Lib\site-packages\sklearn\metrics\_classification.py:1561: UserWarning: Note that pos_label (set to 'Sleep Apnea') is ignored when average != 'binary' (got 'weighted'). You may use labels=[pos_label] to specify a single positive class.
  warnings.warn(

2026-02-01 23:09:05,567:WARNING:c:\Users\Shuvo\sleep_data_analysis_bracu\.venv\Lib\site-packages\sklearn\metrics\_classification.py:1561: UserWarning: Note that pos_label (set to 'Sleep Apnea') is ignored when average != 'binary' (got 'weighted'). You may use labels=[pos_label] to specify a single positive class.
  warnings.warn(

2026-02-01 23:09:05,568:WARNING:c:\Users\Shuvo\sleep_data_analysis_bracu\.venv\Lib\site-packages\sklearn\metrics\_classification.py:1561: UserWarning: Note that pos_label (set to 'Sleep Apnea') is ignored when average != 'binary' (got 'weighted'). You may use labels=[pos_label] to specify a single positive class.
  warnings.warn(

2026-02-01 23:09:05,568:WARNING:c:\Users\Shuvo\sleep_data_analysis_bracu\.venv\Lib\site-packages\sklearn\metrics\_classification.py:1561: UserWarning: Note that pos_label (set to 'Sleep Apnea') is ignored when average != 'binary' (got 'weighted'). You may use labels=[pos_label] to specify a single positive class.
  warnings.warn(

2026-02-01 23:09:05,570:WARNING:c:\Users\Shuvo\sleep_data_analysis_bracu\.venv\Lib\site-packages\sklearn\metrics\_classification.py:1561: UserWarning: Note that pos_label (set to 'Sleep Apnea') is ignored when average != 'binary' (got 'weighted'). You may use labels=[pos_label] to specify a single positive class.
  warnings.warn(

2026-02-01 23:09:05,574:WARNING:c:\Users\Shuvo\sleep_data_analysis_bracu\.venv\Lib\site-packages\sklearn\metrics\_classification.py:1561: UserWarning: Note that pos_label (set to 'Sleep Apnea') is ignored when average != 'binary' (got 'weighted'). You may use labels=[pos_label] to specify a single positive class.
  warnings.warn(

2026-02-01 23:09:05,575:WARNING:c:\Users\Shuvo\sleep_data_analysis_bracu\.venv\Lib\site-packages\sklearn\metrics\_classification.py:1561: UserWarning: Note that pos_label (set to 'Sleep Apnea') is ignored when average != 'binary' (got 'weighted'). You may use labels=[pos_label] to specify a single positive class.
  warnings.warn(

2026-02-01 23:09:05,575:WARNING:c:\Users\Shuvo\sleep_data_analysis_bracu\.venv\Lib\site-packages\sklearn\metrics\_classification.py:1561: UserWarning: Note that pos_label (set to 'Sleep Apnea') is ignored when average != 'binary' (got 'weighted'). You may use labels=[pos_label] to specify a single positive class.
  warnings.warn(

2026-02-01 23:09:05,576:WARNING:c:\Users\Shuvo\sleep_data_analysis_bracu\.venv\Lib\site-packages\sklearn\metrics\_classification.py:1561: UserWarning: Note that pos_label (set to 'Sleep Apnea') is ignored when average != 'binary' (got 'weighted'). You may use labels=[pos_label] to specify a single positive class.
  warnings.warn(

2026-02-01 23:09:05,581:WARNING:c:\Users\Shuvo\sleep_data_analysis_bracu\.venv\Lib\site-packages\sklearn\metrics\_classification.py:1561: UserWarning: Note that pos_label (set to 'Sleep Apnea') is ignored when average != 'binary' (got 'weighted'). You may use labels=[pos_label] to specify a single positive class.
  warnings.warn(

2026-02-01 23:09:05,581:WARNING:c:\Users\Shuvo\sleep_data_analysis_bracu\.venv\Lib\site-packages\sklearn\metrics\_classification.py:1561: UserWarning: Note that pos_label (set to 'Sleep Apnea') is ignored when average != 'binary' (got 'weighted'). You may use labels=[pos_label] to specify a single positive class.
  warnings.warn(

2026-02-01 23:09:05,581:WARNING:c:\Users\Shuvo\sleep_data_analysis_bracu\.venv\Lib\site-packages\sklearn\metrics\_classification.py:1561: UserWarning: Note that pos_label (set to 'Sleep Apnea') is ignored when average != 'binary' (got 'weighted'). You may use labels=[pos_label] to specify a single positive class.
  warnings.warn(

2026-02-01 23:09:05,584:WARNING:c:\Users\Shuvo\sleep_data_analysis_bracu\.venv\Lib\site-packages\sklearn\metrics\_classification.py:1561: UserWarning: Note that pos_label (set to 'Sleep Apnea') is ignored when average != 'binary' (got 'weighted'). You may use labels=[pos_label] to specify a single positive class.
  warnings.warn(

2026-02-01 23:09:05,586:WARNING:c:\Users\Shuvo\sleep_data_analysis_bracu\.venv\Lib\site-packages\sklearn\metrics\_classification.py:1561: UserWarning: Note that pos_label (set to 'Sleep Apnea') is ignored when average != 'binary' (got 'weighted'). You may use labels=[pos_label] to specify a single positive class.
  warnings.warn(

2026-02-01 23:09:05,586:WARNING:c:\Users\Shuvo\sleep_data_analysis_bracu\.venv\Lib\site-packages\sklearn\metrics\_classification.py:1561: UserWarning: Note that pos_label (set to 'Sleep Apnea') is ignored when average != 'binary' (got 'weighted'). You may use labels=[pos_label] to specify a single positive class.
  warnings.warn(

2026-02-01 23:09:05,590:WARNING:c:\Users\Shuvo\sleep_data_analysis_bracu\.venv\Lib\site-packages\sklearn\metrics\_classification.py:1561: UserWarning: Note that pos_label (set to 'Sleep Apnea') is ignored when average != 'binary' (got 'weighted'). You may use labels=[pos_label] to specify a single positive class.
  warnings.warn(

2026-02-01 23:09:05,591:WARNING:c:\Users\Shuvo\sleep_data_analysis_bracu\.venv\Lib\site-packages\sklearn\metrics\_classification.py:1561: UserWarning: Note that pos_label (set to 'Sleep Apnea') is ignored when average != 'binary' (got 'weighted'). You may use labels=[pos_label] to specify a single positive class.
  warnings.warn(

2026-02-01 23:09:05,593:WARNING:c:\Users\Shuvo\sleep_data_analysis_bracu\.venv\Lib\site-packages\sklearn\metrics\_classification.py:1561: UserWarning: Note that pos_label (set to 'Sleep Apnea') is ignored when average != 'binary' (got 'weighted'). You may use labels=[pos_label] to specify a single positive class.
  warnings.warn(

2026-02-01 23:09:05,596:WARNING:c:\Users\Shuvo\sleep_data_analysis_bracu\.venv\Lib\site-packages\sklearn\metrics\_classification.py:1561: UserWarning: Note that pos_label (set to 'Sleep Apnea') is ignored when average != 'binary' (got 'weighted'). You may use labels=[pos_label] to specify a single positive class.
  warnings.warn(

2026-02-01 23:09:05,600:WARNING:c:\Users\Shuvo\sleep_data_analysis_bracu\.venv\Lib\site-packages\sklearn\metrics\_classification.py:1561: UserWarning: Note that pos_label (set to 'Sleep Apnea') is ignored when average != 'binary' (got 'weighted'). You may use labels=[pos_label] to specify a single positive class.
  warnings.warn(

2026-02-01 23:09:05,608:INFO:Calculating mean and std
2026-02-01 23:09:05,609:INFO:Creating metrics dataframe
2026-02-01 23:09:05,612:INFO:Uploading results into container
2026-02-01 23:09:05,613:INFO:Uploading model into container now
2026-02-01 23:09:05,614:INFO:_master_model_container: 3
2026-02-01 23:09:05,615:INFO:_display_container: 2
2026-02-01 23:09:05,615:INFO:GaussianNB(priors=None, var_smoothing=1e-09)
2026-02-01 23:09:05,615:INFO:create_model() successfully completed......................................
2026-02-01 23:09:05,762:INFO:SubProcess create_model() end ==================================
2026-02-01 23:09:05,762:INFO:Creating metrics dataframe
2026-02-01 23:09:05,771:INFO:Initializing Decision Tree Classifier
2026-02-01 23:09:05,771:INFO:Total runtime is 0.1758851687113444 minutes
2026-02-01 23:09:05,776:INFO:SubProcess create_model() called ==================================
2026-02-01 23:09:05,777:INFO:Initializing create_model()
2026-02-01 23:09:05,777:INFO:create_model(self=<pycaret.classification.oop.ClassificationExperiment object at 0x0000027B8AE03350>, estimator=dt, fold=StratifiedKFold(n_splits=10, random_state=None, shuffle=False), round=4, cross_validation=True, predict=True, fit_kwargs={}, groups=None, refit=False, probability_threshold=None, experiment_custom_tags=None, verbose=False, system=False, add_to_model_list=True, metrics=None, display=<pycaret.internal.display.display.CommonDisplay object at 0x0000027B8ADF7050>, model_only=True, return_train_score=False, error_score=0.0, kwargs={})
2026-02-01 23:09:05,777:INFO:Checking exceptions
2026-02-01 23:09:05,777:INFO:Importing libraries
2026-02-01 23:09:05,777:INFO:Copying training dataset
2026-02-01 23:09:05,785:INFO:Defining folds
2026-02-01 23:09:05,785:INFO:Declaring metric variables
2026-02-01 23:09:05,790:INFO:Importing untrained model
2026-02-01 23:09:05,795:INFO:Decision Tree Classifier Imported successfully
2026-02-01 23:09:05,804:INFO:Starting cross validation
2026-02-01 23:09:05,808:INFO:Cross validating with StratifiedKFold(n_splits=10, random_state=None, shuffle=False), n_jobs=-1
2026-02-01 23:09:06,016:WARNING:c:\Users\Shuvo\sleep_data_analysis_bracu\.venv\Lib\site-packages\sklearn\metrics\_classification.py:1561: UserWarning: Note that pos_label (set to 'Sleep Apnea') is ignored when average != 'binary' (got 'weighted'). You may use labels=[pos_label] to specify a single positive class.
  warnings.warn(

2026-02-01 23:09:06,017:WARNING:c:\Users\Shuvo\sleep_data_analysis_bracu\.venv\Lib\site-packages\sklearn\metrics\_classification.py:1561: UserWarning: Note that pos_label (set to 'Sleep Apnea') is ignored when average != 'binary' (got 'weighted'). You may use labels=[pos_label] to specify a single positive class.
  warnings.warn(

2026-02-01 23:09:06,020:WARNING:c:\Users\Shuvo\sleep_data_analysis_bracu\.venv\Lib\site-packages\sklearn\metrics\_classification.py:1561: UserWarning: Note that pos_label (set to 'Sleep Apnea') is ignored when average != 'binary' (got 'weighted'). You may use labels=[pos_label] to specify a single positive class.
  warnings.warn(

2026-02-01 23:09:06,020:WARNING:c:\Users\Shuvo\sleep_data_analysis_bracu\.venv\Lib\site-packages\sklearn\metrics\_classification.py:1561: UserWarning: Note that pos_label (set to 'Sleep Apnea') is ignored when average != 'binary' (got 'weighted'). You may use labels=[pos_label] to specify a single positive class.
  warnings.warn(

2026-02-01 23:09:06,021:WARNING:c:\Users\Shuvo\sleep_data_analysis_bracu\.venv\Lib\site-packages\sklearn\metrics\_classification.py:1561: UserWarning: Note that pos_label (set to 'Sleep Apnea') is ignored when average != 'binary' (got 'weighted'). You may use labels=[pos_label] to specify a single positive class.
  warnings.warn(

2026-02-01 23:09:06,022:WARNING:c:\Users\Shuvo\sleep_data_analysis_bracu\.venv\Lib\site-packages\sklearn\metrics\_classification.py:1561: UserWarning: Note that pos_label (set to 'Sleep Apnea') is ignored when average != 'binary' (got 'weighted'). You may use labels=[pos_label] to specify a single positive class.
  warnings.warn(

2026-02-01 23:09:06,023:WARNING:c:\Users\Shuvo\sleep_data_analysis_bracu\.venv\Lib\site-packages\sklearn\metrics\_classification.py:1561: UserWarning: Note that pos_label (set to 'Sleep Apnea') is ignored when average != 'binary' (got 'weighted'). You may use labels=[pos_label] to specify a single positive class.
  warnings.warn(

2026-02-01 23:09:06,023:WARNING:c:\Users\Shuvo\sleep_data_analysis_bracu\.venv\Lib\site-packages\sklearn\metrics\_classification.py:1561: UserWarning: Note that pos_label (set to 'Sleep Apnea') is ignored when average != 'binary' (got 'weighted'). You may use labels=[pos_label] to specify a single positive class.
  warnings.warn(

2026-02-01 23:09:06,024:WARNING:c:\Users\Shuvo\sleep_data_analysis_bracu\.venv\Lib\site-packages\sklearn\metrics\_classification.py:1561: UserWarning: Note that pos_label (set to 'Sleep Apnea') is ignored when average != 'binary' (got 'weighted'). You may use labels=[pos_label] to specify a single positive class.
  warnings.warn(

2026-02-01 23:09:06,027:WARNING:c:\Users\Shuvo\sleep_data_analysis_bracu\.venv\Lib\site-packages\sklearn\metrics\_classification.py:1561: UserWarning: Note that pos_label (set to 'Sleep Apnea') is ignored when average != 'binary' (got 'weighted'). You may use labels=[pos_label] to specify a single positive class.
  warnings.warn(

2026-02-01 23:09:06,027:WARNING:c:\Users\Shuvo\sleep_data_analysis_bracu\.venv\Lib\site-packages\sklearn\metrics\_classification.py:1561: UserWarning: Note that pos_label (set to 'Sleep Apnea') is ignored when average != 'binary' (got 'weighted'). You may use labels=[pos_label] to specify a single positive class.
  warnings.warn(

2026-02-01 23:09:06,028:WARNING:c:\Users\Shuvo\sleep_data_analysis_bracu\.venv\Lib\site-packages\sklearn\metrics\_classification.py:1561: UserWarning: Note that pos_label (set to 'Sleep Apnea') is ignored when average != 'binary' (got 'weighted'). You may use labels=[pos_label] to specify a single positive class.
  warnings.warn(

2026-02-01 23:09:06,028:WARNING:c:\Users\Shuvo\sleep_data_analysis_bracu\.venv\Lib\site-packages\sklearn\metrics\_classification.py:1561: UserWarning: Note that pos_label (set to 'Sleep Apnea') is ignored when average != 'binary' (got 'weighted'). You may use labels=[pos_label] to specify a single positive class.
  warnings.warn(

2026-02-01 23:09:06,033:WARNING:c:\Users\Shuvo\sleep_data_analysis_bracu\.venv\Lib\site-packages\sklearn\metrics\_classification.py:1561: UserWarning: Note that pos_label (set to 'Sleep Apnea') is ignored when average != 'binary' (got 'weighted'). You may use labels=[pos_label] to specify a single positive class.
  warnings.warn(

2026-02-01 23:09:06,033:WARNING:c:\Users\Shuvo\sleep_data_analysis_bracu\.venv\Lib\site-packages\sklearn\metrics\_classification.py:1561: UserWarning: Note that pos_label (set to 'Sleep Apnea') is ignored when average != 'binary' (got 'weighted'). You may use labels=[pos_label] to specify a single positive class.
  warnings.warn(

2026-02-01 23:09:06,034:WARNING:c:\Users\Shuvo\sleep_data_analysis_bracu\.venv\Lib\site-packages\sklearn\metrics\_classification.py:1561: UserWarning: Note that pos_label (set to 'Sleep Apnea') is ignored when average != 'binary' (got 'weighted'). You may use labels=[pos_label] to specify a single positive class.
  warnings.warn(

2026-02-01 23:09:06,036:WARNING:c:\Users\Shuvo\sleep_data_analysis_bracu\.venv\Lib\site-packages\sklearn\metrics\_classification.py:1561: UserWarning: Note that pos_label (set to 'Sleep Apnea') is ignored when average != 'binary' (got 'weighted'). You may use labels=[pos_label] to specify a single positive class.
  warnings.warn(

2026-02-01 23:09:06,037:WARNING:c:\Users\Shuvo\sleep_data_analysis_bracu\.venv\Lib\site-packages\sklearn\metrics\_classification.py:1561: UserWarning: Note that pos_label (set to 'Sleep Apnea') is ignored when average != 'binary' (got 'weighted'). You may use labels=[pos_label] to specify a single positive class.
  warnings.warn(

2026-02-01 23:09:06,039:WARNING:c:\Users\Shuvo\sleep_data_analysis_bracu\.venv\Lib\site-packages\sklearn\metrics\_classification.py:1561: UserWarning: Note that pos_label (set to 'Sleep Apnea') is ignored when average != 'binary' (got 'weighted'). You may use labels=[pos_label] to specify a single positive class.
  warnings.warn(

2026-02-01 23:09:06,039:WARNING:c:\Users\Shuvo\sleep_data_analysis_bracu\.venv\Lib\site-packages\sklearn\metrics\_classification.py:1561: UserWarning: Note that pos_label (set to 'Sleep Apnea') is ignored when average != 'binary' (got 'weighted'). You may use labels=[pos_label] to specify a single positive class.
  warnings.warn(

2026-02-01 23:09:06,041:WARNING:c:\Users\Shuvo\sleep_data_analysis_bracu\.venv\Lib\site-packages\sklearn\metrics\_classification.py:1561: UserWarning: Note that pos_label (set to 'Sleep Apnea') is ignored when average != 'binary' (got 'weighted'). You may use labels=[pos_label] to specify a single positive class.
  warnings.warn(

2026-02-01 23:09:06,044:WARNING:c:\Users\Shuvo\sleep_data_analysis_bracu\.venv\Lib\site-packages\sklearn\metrics\_classification.py:1561: UserWarning: Note that pos_label (set to 'Sleep Apnea') is ignored when average != 'binary' (got 'weighted'). You may use labels=[pos_label] to specify a single positive class.
  warnings.warn(

2026-02-01 23:09:06,046:WARNING:c:\Users\Shuvo\sleep_data_analysis_bracu\.venv\Lib\site-packages\sklearn\metrics\_classification.py:1561: UserWarning: Note that pos_label (set to 'Sleep Apnea') is ignored when average != 'binary' (got 'weighted'). You may use labels=[pos_label] to specify a single positive class.
  warnings.warn(

2026-02-01 23:09:06,058:INFO:Calculating mean and std
2026-02-01 23:09:06,059:INFO:Creating metrics dataframe
2026-02-01 23:09:06,062:INFO:Uploading results into container
2026-02-01 23:09:06,062:INFO:Uploading model into container now
2026-02-01 23:09:06,064:INFO:_master_model_container: 4
2026-02-01 23:09:06,065:INFO:_display_container: 2
2026-02-01 23:09:06,065:INFO:DecisionTreeClassifier(ccp_alpha=0.0, class_weight=None, criterion='gini',
                       max_depth=None, max_features=None, max_leaf_nodes=None,
                       min_impurity_decrease=0.0, min_samples_leaf=1,
                       min_samples_split=2, min_weight_fraction_leaf=0.0,
                       monotonic_cst=None, random_state=12, splitter='best')
2026-02-01 23:09:06,065:INFO:create_model() successfully completed......................................
2026-02-01 23:09:06,193:INFO:SubProcess create_model() end ==================================
2026-02-01 23:09:06,194:INFO:Creating metrics dataframe
2026-02-01 23:09:06,200:INFO:Initializing SVM - Linear Kernel
2026-02-01 23:09:06,200:INFO:Total runtime is 0.18304363489151002 minutes
2026-02-01 23:09:06,205:INFO:SubProcess create_model() called ==================================
2026-02-01 23:09:06,205:INFO:Initializing create_model()
2026-02-01 23:09:06,205:INFO:create_model(self=<pycaret.classification.oop.ClassificationExperiment object at 0x0000027B8AE03350>, estimator=svm, fold=StratifiedKFold(n_splits=10, random_state=None, shuffle=False), round=4, cross_validation=True, predict=True, fit_kwargs={}, groups=None, refit=False, probability_threshold=None, experiment_custom_tags=None, verbose=False, system=False, add_to_model_list=True, metrics=None, display=<pycaret.internal.display.display.CommonDisplay object at 0x0000027B8ADF7050>, model_only=True, return_train_score=False, error_score=0.0, kwargs={})
2026-02-01 23:09:06,205:INFO:Checking exceptions
2026-02-01 23:09:06,205:INFO:Importing libraries
2026-02-01 23:09:06,206:INFO:Copying training dataset
2026-02-01 23:09:06,211:INFO:Defining folds
2026-02-01 23:09:06,211:INFO:Declaring metric variables
2026-02-01 23:09:06,216:INFO:Importing untrained model
2026-02-01 23:09:06,220:INFO:SVM - Linear Kernel Imported successfully
2026-02-01 23:09:06,232:INFO:Starting cross validation
2026-02-01 23:09:06,236:INFO:Cross validating with StratifiedKFold(n_splits=10, random_state=None, shuffle=False), n_jobs=-1
2026-02-01 23:09:06,489:WARNING:c:\Users\Shuvo\sleep_data_analysis_bracu\.venv\Lib\site-packages\pycaret\internal\metrics.py:204: FitFailedWarning: Metric 'make_scorer(roc_auc_score, response_method=('decision_function', 'predict_proba'), average=weighted, multi_class=ovr)' failed and error score 0.0 has been returned instead. If this is a custom metric, this usually means that the error is in the metric code. Full exception below:
Traceback (most recent call last):
  File "c:\Users\Shuvo\sleep_data_analysis_bracu\.venv\Lib\site-packages\pycaret\internal\metrics.py", line 196, in _score
    return super()._score(
           ^^^^^^^^^^^^^^^
  File "c:\Users\Shuvo\sleep_data_analysis_bracu\.venv\Lib\site-packages\sklearn\metrics\_scorer.py", line 350, in _score
    return self._sign * self._score_func(y_true, y_pred, **scoring_kwargs)
                        ^^^^^^^^^^^^^^^^^^^^^^^^^^^^^^^^^^^^^^^^^^^^^^^^^^
  File "c:\Users\Shuvo\sleep_data_analysis_bracu\.venv\Lib\site-packages\pycaret\internal\metrics.py", line 144, in __call__
    return self.score_func(y_true, y_pred, **kwargs)
           ^^^^^^^^^^^^^^^^^^^^^^^^^^^^^^^^^^^^^^^^^
  File "c:\Users\Shuvo\sleep_data_analysis_bracu\.venv\Lib\site-packages\sklearn\utils\_param_validation.py", line 213, in wrapper
    return func(*args, **kwargs)
           ^^^^^^^^^^^^^^^^^^^^^
  File "c:\Users\Shuvo\sleep_data_analysis_bracu\.venv\Lib\site-packages\sklearn\metrics\_ranking.py", line 634, in roc_auc_score
    return _multiclass_roc_auc_score(
           ^^^^^^^^^^^^^^^^^^^^^^^^^^
  File "c:\Users\Shuvo\sleep_data_analysis_bracu\.venv\Lib\site-packages\sklearn\metrics\_ranking.py", line 707, in _multiclass_roc_auc_score
    raise ValueError(
ValueError: Target scores need to be probabilities for multiclass roc_auc, i.e. they should sum up to 1.0 over classes

  warnings.warn(

2026-02-01 23:09:06,490:WARNING:c:\Users\Shuvo\sleep_data_analysis_bracu\.venv\Lib\site-packages\pycaret\internal\metrics.py:204: FitFailedWarning: Metric 'make_scorer(roc_auc_score, response_method=('decision_function', 'predict_proba'), average=weighted, multi_class=ovr)' failed and error score 0.0 has been returned instead. If this is a custom metric, this usually means that the error is in the metric code. Full exception below:
Traceback (most recent call last):
  File "c:\Users\Shuvo\sleep_data_analysis_bracu\.venv\Lib\site-packages\pycaret\internal\metrics.py", line 196, in _score
    return super()._score(
           ^^^^^^^^^^^^^^^
  File "c:\Users\Shuvo\sleep_data_analysis_bracu\.venv\Lib\site-packages\sklearn\metrics\_scorer.py", line 350, in _score
    return self._sign * self._score_func(y_true, y_pred, **scoring_kwargs)
                        ^^^^^^^^^^^^^^^^^^^^^^^^^^^^^^^^^^^^^^^^^^^^^^^^^^
  File "c:\Users\Shuvo\sleep_data_analysis_bracu\.venv\Lib\site-packages\pycaret\internal\metrics.py", line 144, in __call__
    return self.score_func(y_true, y_pred, **kwargs)
           ^^^^^^^^^^^^^^^^^^^^^^^^^^^^^^^^^^^^^^^^^
  File "c:\Users\Shuvo\sleep_data_analysis_bracu\.venv\Lib\site-packages\sklearn\utils\_param_validation.py", line 213, in wrapper
    return func(*args, **kwargs)
           ^^^^^^^^^^^^^^^^^^^^^
  File "c:\Users\Shuvo\sleep_data_analysis_bracu\.venv\Lib\site-packages\sklearn\metrics\_ranking.py", line 634, in roc_auc_score
    return _multiclass_roc_auc_score(
           ^^^^^^^^^^^^^^^^^^^^^^^^^^
  File "c:\Users\Shuvo\sleep_data_analysis_bracu\.venv\Lib\site-packages\sklearn\metrics\_ranking.py", line 707, in _multiclass_roc_auc_score
    raise ValueError(
ValueError: Target scores need to be probabilities for multiclass roc_auc, i.e. they should sum up to 1.0 over classes

  warnings.warn(

2026-02-01 23:09:06,493:WARNING:c:\Users\Shuvo\sleep_data_analysis_bracu\.venv\Lib\site-packages\sklearn\metrics\_classification.py:1561: UserWarning: Note that pos_label (set to 'Sleep Apnea') is ignored when average != 'binary' (got 'weighted'). You may use labels=[pos_label] to specify a single positive class.
  warnings.warn(

2026-02-01 23:09:06,494:WARNING:c:\Users\Shuvo\sleep_data_analysis_bracu\.venv\Lib\site-packages\sklearn\metrics\_classification.py:1561: UserWarning: Note that pos_label (set to 'Sleep Apnea') is ignored when average != 'binary' (got 'weighted'). You may use labels=[pos_label] to specify a single positive class.
  warnings.warn(

2026-02-01 23:09:06,494:WARNING:c:\Users\Shuvo\sleep_data_analysis_bracu\.venv\Lib\site-packages\pycaret\internal\metrics.py:204: FitFailedWarning: Metric 'make_scorer(roc_auc_score, response_method=('decision_function', 'predict_proba'), average=weighted, multi_class=ovr)' failed and error score 0.0 has been returned instead. If this is a custom metric, this usually means that the error is in the metric code. Full exception below:
Traceback (most recent call last):
  File "c:\Users\Shuvo\sleep_data_analysis_bracu\.venv\Lib\site-packages\pycaret\internal\metrics.py", line 196, in _score
    return super()._score(
           ^^^^^^^^^^^^^^^
  File "c:\Users\Shuvo\sleep_data_analysis_bracu\.venv\Lib\site-packages\sklearn\metrics\_scorer.py", line 350, in _score
    return self._sign * self._score_func(y_true, y_pred, **scoring_kwargs)
                        ^^^^^^^^^^^^^^^^^^^^^^^^^^^^^^^^^^^^^^^^^^^^^^^^^^
  File "c:\Users\Shuvo\sleep_data_analysis_bracu\.venv\Lib\site-packages\pycaret\internal\metrics.py", line 144, in __call__
    return self.score_func(y_true, y_pred, **kwargs)
           ^^^^^^^^^^^^^^^^^^^^^^^^^^^^^^^^^^^^^^^^^
  File "c:\Users\Shuvo\sleep_data_analysis_bracu\.venv\Lib\site-packages\sklearn\utils\_param_validation.py", line 213, in wrapper
    return func(*args, **kwargs)
           ^^^^^^^^^^^^^^^^^^^^^
  File "c:\Users\Shuvo\sleep_data_analysis_bracu\.venv\Lib\site-packages\sklearn\metrics\_ranking.py", line 634, in roc_auc_score
    return _multiclass_roc_auc_score(
           ^^^^^^^^^^^^^^^^^^^^^^^^^^
  File "c:\Users\Shuvo\sleep_data_analysis_bracu\.venv\Lib\site-packages\sklearn\metrics\_ranking.py", line 707, in _multiclass_roc_auc_score
    raise ValueError(
ValueError: Target scores need to be probabilities for multiclass roc_auc, i.e. they should sum up to 1.0 over classes

  warnings.warn(

2026-02-01 23:09:06,496:WARNING:c:\Users\Shuvo\sleep_data_analysis_bracu\.venv\Lib\site-packages\sklearn\metrics\_classification.py:1561: UserWarning: Note that pos_label (set to 'Sleep Apnea') is ignored when average != 'binary' (got 'weighted'). You may use labels=[pos_label] to specify a single positive class.
  warnings.warn(

2026-02-01 23:09:06,497:WARNING:c:\Users\Shuvo\sleep_data_analysis_bracu\.venv\Lib\site-packages\sklearn\metrics\_classification.py:1561: UserWarning: Note that pos_label (set to 'Sleep Apnea') is ignored when average != 'binary' (got 'weighted'). You may use labels=[pos_label] to specify a single positive class.
  warnings.warn(

2026-02-01 23:09:06,498:WARNING:c:\Users\Shuvo\sleep_data_analysis_bracu\.venv\Lib\site-packages\sklearn\metrics\_classification.py:1561: UserWarning: Note that pos_label (set to 'Sleep Apnea') is ignored when average != 'binary' (got 'weighted'). You may use labels=[pos_label] to specify a single positive class.
  warnings.warn(

2026-02-01 23:09:06,498:WARNING:c:\Users\Shuvo\sleep_data_analysis_bracu\.venv\Lib\site-packages\pycaret\internal\metrics.py:204: FitFailedWarning: Metric 'make_scorer(roc_auc_score, response_method=('decision_function', 'predict_proba'), average=weighted, multi_class=ovr)' failed and error score 0.0 has been returned instead. If this is a custom metric, this usually means that the error is in the metric code. Full exception below:
Traceback (most recent call last):
  File "c:\Users\Shuvo\sleep_data_analysis_bracu\.venv\Lib\site-packages\pycaret\internal\metrics.py", line 196, in _score
    return super()._score(
           ^^^^^^^^^^^^^^^
  File "c:\Users\Shuvo\sleep_data_analysis_bracu\.venv\Lib\site-packages\sklearn\metrics\_scorer.py", line 350, in _score
    return self._sign * self._score_func(y_true, y_pred, **scoring_kwargs)
                        ^^^^^^^^^^^^^^^^^^^^^^^^^^^^^^^^^^^^^^^^^^^^^^^^^^
  File "c:\Users\Shuvo\sleep_data_analysis_bracu\.venv\Lib\site-packages\pycaret\internal\metrics.py", line 144, in __call__
    return self.score_func(y_true, y_pred, **kwargs)
           ^^^^^^^^^^^^^^^^^^^^^^^^^^^^^^^^^^^^^^^^^
  File "c:\Users\Shuvo\sleep_data_analysis_bracu\.venv\Lib\site-packages\sklearn\utils\_param_validation.py", line 213, in wrapper
    return func(*args, **kwargs)
           ^^^^^^^^^^^^^^^^^^^^^
  File "c:\Users\Shuvo\sleep_data_analysis_bracu\.venv\Lib\site-packages\sklearn\metrics\_ranking.py", line 634, in roc_auc_score
    return _multiclass_roc_auc_score(
           ^^^^^^^^^^^^^^^^^^^^^^^^^^
  File "c:\Users\Shuvo\sleep_data_analysis_bracu\.venv\Lib\site-packages\sklearn\metrics\_ranking.py", line 707, in _multiclass_roc_auc_score
    raise ValueError(
ValueError: Target scores need to be probabilities for multiclass roc_auc, i.e. they should sum up to 1.0 over classes

  warnings.warn(

2026-02-01 23:09:06,498:WARNING:c:\Users\Shuvo\sleep_data_analysis_bracu\.venv\Lib\site-packages\sklearn\metrics\_classification.py:1509: UndefinedMetricWarning: Precision is ill-defined and being set to 0.0 in labels with no predicted samples. Use `zero_division` parameter to control this behavior.
  _warn_prf(average, modifier, f"{metric.capitalize()} is", len(result))

2026-02-01 23:09:06,500:WARNING:c:\Users\Shuvo\sleep_data_analysis_bracu\.venv\Lib\site-packages\pycaret\internal\metrics.py:204: FitFailedWarning: Metric 'make_scorer(roc_auc_score, response_method=('decision_function', 'predict_proba'), average=weighted, multi_class=ovr)' failed and error score 0.0 has been returned instead. If this is a custom metric, this usually means that the error is in the metric code. Full exception below:
Traceback (most recent call last):
  File "c:\Users\Shuvo\sleep_data_analysis_bracu\.venv\Lib\site-packages\pycaret\internal\metrics.py", line 196, in _score
    return super()._score(
           ^^^^^^^^^^^^^^^
  File "c:\Users\Shuvo\sleep_data_analysis_bracu\.venv\Lib\site-packages\sklearn\metrics\_scorer.py", line 350, in _score
    return self._sign * self._score_func(y_true, y_pred, **scoring_kwargs)
                        ^^^^^^^^^^^^^^^^^^^^^^^^^^^^^^^^^^^^^^^^^^^^^^^^^^
  File "c:\Users\Shuvo\sleep_data_analysis_bracu\.venv\Lib\site-packages\pycaret\internal\metrics.py", line 144, in __call__
    return self.score_func(y_true, y_pred, **kwargs)
           ^^^^^^^^^^^^^^^^^^^^^^^^^^^^^^^^^^^^^^^^^
  File "c:\Users\Shuvo\sleep_data_analysis_bracu\.venv\Lib\site-packages\sklearn\utils\_param_validation.py", line 213, in wrapper
    return func(*args, **kwargs)
           ^^^^^^^^^^^^^^^^^^^^^
  File "c:\Users\Shuvo\sleep_data_analysis_bracu\.venv\Lib\site-packages\sklearn\metrics\_ranking.py", line 634, in roc_auc_score
    return _multiclass_roc_auc_score(
           ^^^^^^^^^^^^^^^^^^^^^^^^^^
  File "c:\Users\Shuvo\sleep_data_analysis_bracu\.venv\Lib\site-packages\sklearn\metrics\_ranking.py", line 707, in _multiclass_roc_auc_score
    raise ValueError(
ValueError: Target scores need to be probabilities for multiclass roc_auc, i.e. they should sum up to 1.0 over classes

  warnings.warn(

2026-02-01 23:09:06,501:WARNING:c:\Users\Shuvo\sleep_data_analysis_bracu\.venv\Lib\site-packages\sklearn\metrics\_classification.py:1509: UndefinedMetricWarning: Precision is ill-defined and being set to 0.0 in labels with no predicted samples. Use `zero_division` parameter to control this behavior.
  _warn_prf(average, modifier, f"{metric.capitalize()} is", len(result))

2026-02-01 23:09:06,502:WARNING:c:\Users\Shuvo\sleep_data_analysis_bracu\.venv\Lib\site-packages\sklearn\metrics\_classification.py:1561: UserWarning: Note that pos_label (set to 'Sleep Apnea') is ignored when average != 'binary' (got 'weighted'). You may use labels=[pos_label] to specify a single positive class.
  warnings.warn(

2026-02-01 23:09:06,502:WARNING:c:\Users\Shuvo\sleep_data_analysis_bracu\.venv\Lib\site-packages\sklearn\metrics\_classification.py:1561: UserWarning: Note that pos_label (set to 'Sleep Apnea') is ignored when average != 'binary' (got 'weighted'). You may use labels=[pos_label] to specify a single positive class.
  warnings.warn(

2026-02-01 23:09:06,502:WARNING:c:\Users\Shuvo\sleep_data_analysis_bracu\.venv\Lib\site-packages\sklearn\metrics\_classification.py:1561: UserWarning: Note that pos_label (set to 'Sleep Apnea') is ignored when average != 'binary' (got 'weighted'). You may use labels=[pos_label] to specify a single positive class.
  warnings.warn(

2026-02-01 23:09:06,503:WARNING:c:\Users\Shuvo\sleep_data_analysis_bracu\.venv\Lib\site-packages\pycaret\internal\metrics.py:204: FitFailedWarning: Metric 'make_scorer(roc_auc_score, response_method=('decision_function', 'predict_proba'), average=weighted, multi_class=ovr)' failed and error score 0.0 has been returned instead. If this is a custom metric, this usually means that the error is in the metric code. Full exception below:
Traceback (most recent call last):
  File "c:\Users\Shuvo\sleep_data_analysis_bracu\.venv\Lib\site-packages\pycaret\internal\metrics.py", line 196, in _score
    return super()._score(
           ^^^^^^^^^^^^^^^
  File "c:\Users\Shuvo\sleep_data_analysis_bracu\.venv\Lib\site-packages\sklearn\metrics\_scorer.py", line 350, in _score
    return self._sign * self._score_func(y_true, y_pred, **scoring_kwargs)
                        ^^^^^^^^^^^^^^^^^^^^^^^^^^^^^^^^^^^^^^^^^^^^^^^^^^
  File "c:\Users\Shuvo\sleep_data_analysis_bracu\.venv\Lib\site-packages\pycaret\internal\metrics.py", line 144, in __call__
    return self.score_func(y_true, y_pred, **kwargs)
           ^^^^^^^^^^^^^^^^^^^^^^^^^^^^^^^^^^^^^^^^^
  File "c:\Users\Shuvo\sleep_data_analysis_bracu\.venv\Lib\site-packages\sklearn\utils\_param_validation.py", line 213, in wrapper
    return func(*args, **kwargs)
           ^^^^^^^^^^^^^^^^^^^^^
  File "c:\Users\Shuvo\sleep_data_analysis_bracu\.venv\Lib\site-packages\sklearn\metrics\_ranking.py", line 634, in roc_auc_score
    return _multiclass_roc_auc_score(
           ^^^^^^^^^^^^^^^^^^^^^^^^^^
  File "c:\Users\Shuvo\sleep_data_analysis_bracu\.venv\Lib\site-packages\sklearn\metrics\_ranking.py", line 707, in _multiclass_roc_auc_score
    raise ValueError(
ValueError: Target scores need to be probabilities for multiclass roc_auc, i.e. they should sum up to 1.0 over classes

  warnings.warn(

2026-02-01 23:09:06,503:WARNING:c:\Users\Shuvo\sleep_data_analysis_bracu\.venv\Lib\site-packages\pycaret\internal\metrics.py:204: FitFailedWarning: Metric 'make_scorer(roc_auc_score, response_method=('decision_function', 'predict_proba'), average=weighted, multi_class=ovr)' failed and error score 0.0 has been returned instead. If this is a custom metric, this usually means that the error is in the metric code. Full exception below:
Traceback (most recent call last):
  File "c:\Users\Shuvo\sleep_data_analysis_bracu\.venv\Lib\site-packages\pycaret\internal\metrics.py", line 196, in _score
    return super()._score(
           ^^^^^^^^^^^^^^^
  File "c:\Users\Shuvo\sleep_data_analysis_bracu\.venv\Lib\site-packages\sklearn\metrics\_scorer.py", line 350, in _score
    return self._sign * self._score_func(y_true, y_pred, **scoring_kwargs)
                        ^^^^^^^^^^^^^^^^^^^^^^^^^^^^^^^^^^^^^^^^^^^^^^^^^^
  File "c:\Users\Shuvo\sleep_data_analysis_bracu\.venv\Lib\site-packages\pycaret\internal\metrics.py", line 144, in __call__
    return self.score_func(y_true, y_pred, **kwargs)
           ^^^^^^^^^^^^^^^^^^^^^^^^^^^^^^^^^^^^^^^^^
  File "c:\Users\Shuvo\sleep_data_analysis_bracu\.venv\Lib\site-packages\sklearn\utils\_param_validation.py", line 213, in wrapper
    return func(*args, **kwargs)
           ^^^^^^^^^^^^^^^^^^^^^
  File "c:\Users\Shuvo\sleep_data_analysis_bracu\.venv\Lib\site-packages\sklearn\metrics\_ranking.py", line 634, in roc_auc_score
    return _multiclass_roc_auc_score(
           ^^^^^^^^^^^^^^^^^^^^^^^^^^
  File "c:\Users\Shuvo\sleep_data_analysis_bracu\.venv\Lib\site-packages\sklearn\metrics\_ranking.py", line 707, in _multiclass_roc_auc_score
    raise ValueError(
ValueError: Target scores need to be probabilities for multiclass roc_auc, i.e. they should sum up to 1.0 over classes

  warnings.warn(

2026-02-01 23:09:06,503:WARNING:c:\Users\Shuvo\sleep_data_analysis_bracu\.venv\Lib\site-packages\sklearn\metrics\_classification.py:1509: UndefinedMetricWarning: Precision is ill-defined and being set to 0.0 in labels with no predicted samples. Use `zero_division` parameter to control this behavior.
  _warn_prf(average, modifier, f"{metric.capitalize()} is", len(result))

2026-02-01 23:09:06,504:WARNING:c:\Users\Shuvo\sleep_data_analysis_bracu\.venv\Lib\site-packages\sklearn\metrics\_classification.py:1561: UserWarning: Note that pos_label (set to 'Sleep Apnea') is ignored when average != 'binary' (got 'weighted'). You may use labels=[pos_label] to specify a single positive class.
  warnings.warn(

2026-02-01 23:09:06,504:WARNING:c:\Users\Shuvo\sleep_data_analysis_bracu\.venv\Lib\site-packages\pycaret\internal\metrics.py:204: FitFailedWarning: Metric 'make_scorer(roc_auc_score, response_method=('decision_function', 'predict_proba'), average=weighted, multi_class=ovr)' failed and error score 0.0 has been returned instead. If this is a custom metric, this usually means that the error is in the metric code. Full exception below:
Traceback (most recent call last):
  File "c:\Users\Shuvo\sleep_data_analysis_bracu\.venv\Lib\site-packages\pycaret\internal\metrics.py", line 196, in _score
    return super()._score(
           ^^^^^^^^^^^^^^^
  File "c:\Users\Shuvo\sleep_data_analysis_bracu\.venv\Lib\site-packages\sklearn\metrics\_scorer.py", line 350, in _score
    return self._sign * self._score_func(y_true, y_pred, **scoring_kwargs)
                        ^^^^^^^^^^^^^^^^^^^^^^^^^^^^^^^^^^^^^^^^^^^^^^^^^^
  File "c:\Users\Shuvo\sleep_data_analysis_bracu\.venv\Lib\site-packages\pycaret\internal\metrics.py", line 144, in __call__
    return self.score_func(y_true, y_pred, **kwargs)
           ^^^^^^^^^^^^^^^^^^^^^^^^^^^^^^^^^^^^^^^^^
  File "c:\Users\Shuvo\sleep_data_analysis_bracu\.venv\Lib\site-packages\sklearn\utils\_param_validation.py", line 213, in wrapper
    return func(*args, **kwargs)
           ^^^^^^^^^^^^^^^^^^^^^
  File "c:\Users\Shuvo\sleep_data_analysis_bracu\.venv\Lib\site-packages\sklearn\metrics\_ranking.py", line 634, in roc_auc_score
    return _multiclass_roc_auc_score(
           ^^^^^^^^^^^^^^^^^^^^^^^^^^
  File "c:\Users\Shuvo\sleep_data_analysis_bracu\.venv\Lib\site-packages\sklearn\metrics\_ranking.py", line 707, in _multiclass_roc_auc_score
    raise ValueError(
ValueError: Target scores need to be probabilities for multiclass roc_auc, i.e. they should sum up to 1.0 over classes

  warnings.warn(

2026-02-01 23:09:06,505:WARNING:c:\Users\Shuvo\sleep_data_analysis_bracu\.venv\Lib\site-packages\sklearn\metrics\_classification.py:1561: UserWarning: Note that pos_label (set to 'Sleep Apnea') is ignored when average != 'binary' (got 'weighted'). You may use labels=[pos_label] to specify a single positive class.
  warnings.warn(

2026-02-01 23:09:06,505:WARNING:c:\Users\Shuvo\sleep_data_analysis_bracu\.venv\Lib\site-packages\sklearn\metrics\_classification.py:1561: UserWarning: Note that pos_label (set to 'Sleep Apnea') is ignored when average != 'binary' (got 'weighted'). You may use labels=[pos_label] to specify a single positive class.
  warnings.warn(

2026-02-01 23:09:06,507:WARNING:c:\Users\Shuvo\sleep_data_analysis_bracu\.venv\Lib\site-packages\sklearn\metrics\_classification.py:1561: UserWarning: Note that pos_label (set to 'Sleep Apnea') is ignored when average != 'binary' (got 'weighted'). You may use labels=[pos_label] to specify a single positive class.
  warnings.warn(

2026-02-01 23:09:06,507:WARNING:c:\Users\Shuvo\sleep_data_analysis_bracu\.venv\Lib\site-packages\sklearn\metrics\_classification.py:1561: UserWarning: Note that pos_label (set to 'Sleep Apnea') is ignored when average != 'binary' (got 'weighted'). You may use labels=[pos_label] to specify a single positive class.
  warnings.warn(

2026-02-01 23:09:06,507:WARNING:c:\Users\Shuvo\sleep_data_analysis_bracu\.venv\Lib\site-packages\sklearn\metrics\_classification.py:1561: UserWarning: Note that pos_label (set to 'Sleep Apnea') is ignored when average != 'binary' (got 'weighted'). You may use labels=[pos_label] to specify a single positive class.
  warnings.warn(

2026-02-01 23:09:06,508:WARNING:c:\Users\Shuvo\sleep_data_analysis_bracu\.venv\Lib\site-packages\sklearn\metrics\_classification.py:1509: UndefinedMetricWarning: Precision is ill-defined and being set to 0.0 in labels with no predicted samples. Use `zero_division` parameter to control this behavior.
  _warn_prf(average, modifier, f"{metric.capitalize()} is", len(result))

2026-02-01 23:09:06,508:WARNING:c:\Users\Shuvo\sleep_data_analysis_bracu\.venv\Lib\site-packages\sklearn\metrics\_classification.py:1561: UserWarning: Note that pos_label (set to 'Sleep Apnea') is ignored when average != 'binary' (got 'weighted'). You may use labels=[pos_label] to specify a single positive class.
  warnings.warn(

metric.capitalize()} is", len(result))

2026-02-01 23:09:06,509:WARNING:c:\Users\Shuvo\sleep_data_analysis_bracu\.venv\Lib\site-packages\sklearn\metrics\_classification.py:1561: UserWarning: Note that pos_label (set to 'Sleep Apnea') is ignored when average != 'binary' (got 'weighted'). You may use labels=[pos_label] to specify a single positive class.
  warnings.warn(

2026-02-01 23:09:06,510:WARNING:c:\Users\Shuvo\sleep_data_analysis_bracu\.venv\Lib\site-packages\sklearn\metrics\_classification.py:1561: UserWarning: Note that pos_label (set to 'Sleep Apnea') is ignored when average != 'binary' (got 'weighted'). You may use labels=[pos_label] to specify a single positive class.
  warnings.warn(

2026-02-01 23:09:06,511:WARNING:c:\Users\Shuvo\sleep_data_analysis_bracu\.venv\Lib\site-packages\sklearn\metrics\_classification.py:1561: UserWarning: Note that pos_label (set to 'Sleep Apnea') is ignored when average != 'binary' (got 'weighted'). You may use labels=[pos_label] to specify a single positive class.
  warnings.warn(

2026-02-01 23:09:06,511:WARNING:c:\Users\Shuvo\sleep_data_analysis_bracu\.venv\Lib\site-packages\sklearn\metrics\_classification.py:1509: UndefinedMetricWarning: Precision is ill-defined and being set to 0.0 in labels with no predicted samples. Use `zero_division` parameter to control this behavior.
  _warn_prf(average, modifier, f"{metric.capitalize()} is", len(result))

2026-02-01 23:09:06,511:WARNING:c:\Users\Shuvo\sleep_data_analysis_bracu\.venv\Lib\site-packages\sklearn\metrics\_classification.py:1561: UserWarning: Note that pos_label (set to 'Sleep Apnea') is ignored when average != 'binary' (got 'weighted'). You may use labels=[pos_label] to specify a single positive class.
  warnings.warn(

2026-02-01 23:09:06,511:WARNING:c:\Users\Shuvo\sleep_data_analysis_bracu\.venv\Lib\site-packages\sklearn\metrics\_classification.py:1509: UndefinedMetricWarning: Precision is ill-defined and being set to 0.0 in labels with no predicted samples. Use `zero_division` parameter to control this behavior.
  _warn_prf(average, modifier, f"{metric.capitalize()} is", len(result))

2026-02-01 23:09:06,512:WARNING:c:\Users\Shuvo\sleep_data_analysis_bracu\.venv\Lib\site-packages\sklearn\metrics\_classification.py:1509: UndefinedMetricWarning: Precision is ill-defined and being set to 0.0 in labels with no predicted samples. Use `zero_division` parameter to control this behavior.
  _warn_prf(average, modifier, f"{metric.capitalize()} is", len(result))

2026-02-01 23:09:06,512:WARNING:c:\Users\Shuvo\sleep_data_analysis_bracu\.venv\Lib\site-packages\pycaret\internal\metrics.py:204: FitFailedWarning: Metric 'make_scorer(roc_auc_score, response_method=('decision_function', 'predict_proba'), average=weighted, multi_class=ovr)' failed and error score 0.0 has been returned instead. If this is a custom metric, this usually means that the error is in the metric code. Full exception below:
Traceback (most recent call last):
  File "c:\Users\Shuvo\sleep_data_analysis_bracu\.venv\Lib\site-packages\pycaret\internal\metrics.py", line 196, in _score
    return super()._score(
           ^^^^^^^^^^^^^^^
  File "c:\Users\Shuvo\sleep_data_analysis_bracu\.venv\Lib\site-packages\sklearn\metrics\_scorer.py", line 350, in _score
    return self._sign * self._score_func(y_true, y_pred, **scoring_kwargs)
                        ^^^^^^^^^^^^^^^^^^^^^^^^^^^^^^^^^^^^^^^^^^^^^^^^^^
  File "c:\Users\Shuvo\sleep_data_analysis_bracu\.venv\Lib\site-packages\pycaret\internal\metrics.py", line 144, in __call__
    return self.score_func(y_true, y_pred, **kwargs)
           ^^^^^^^^^^^^^^^^^^^^^^^^^^^^^^^^^^^^^^^^^
  File "c:\Users\Shuvo\sleep_data_analysis_bracu\.venv\Lib\site-packages\sklearn\utils\_param_validation.py", line 213, in wrapper
    return func(*args, **kwargs)
           ^^^^^^^^^^^^^^^^^^^^^
  File "c:\Users\Shuvo\sleep_data_analysis_bracu\.venv\Lib\site-packages\sklearn\metrics\_ranking.py", line 634, in roc_auc_score
    return _multiclass_roc_auc_score(
           ^^^^^^^^^^^^^^^^^^^^^^^^^^
  File "c:\Users\Shuvo\sleep_data_analysis_bracu\.venv\Lib\site-packages\sklearn\metrics\_ranking.py", line 707, in _multiclass_roc_auc_score
    raise ValueError(
ValueError: Target scores need to be probabilities for multiclass roc_auc, i.e. they should sum up to 1.0 over classes

  warnings.warn(

2026-02-01 23:09:06,514:WARNING:c:\Users\Shuvo\sleep_data_analysis_bracu\.venv\Lib\site-packages\sklearn\metrics\_classification.py:1561: UserWarning: Note that pos_label (set to 'Sleep Apnea') is ignored when average != 'binary' (got 'weighted'). You may use labels=[pos_label] to specify a single positive class.
  warnings.warn(

2026-02-01 23:09:06,514:WARNING:c:\Users\Shuvo\sleep_data_analysis_bracu\.venv\Lib\site-packages\sklearn\metrics\_classification.py:1561: UserWarning: Note that pos_label (set to 'Sleep Apnea') is ignored when average != 'binary' (got 'weighted'). You may use labels=[pos_label] to specify a single positive class.
  warnings.warn(

2026-02-01 23:09:06,515:WARNING:c:\Users\Shuvo\sleep_data_analysis_bracu\.venv\Lib\site-packages\sklearn\metrics\_classification.py:1561: UserWarning: Note that pos_label (set to 'Sleep Apnea') is ignored when average != 'binary' (got 'weighted'). You may use labels=[pos_label] to specify a single positive class.
  warnings.warn(

2026-02-01 23:09:06,515:WARNING:c:\Users\Shuvo\sleep_data_analysis_bracu\.venv\Lib\site-packages\sklearn\metrics\_classification.py:1561: UserWarning: Note that pos_label (set to 'Sleep Apnea') is ignored when average != 'binary' (got 'weighted'). You may use labels=[pos_label] to specify a single positive class.
  warnings.warn(

2026-02-01 23:09:06,518:WARNING:c:\Users\Shuvo\sleep_data_analysis_bracu\.venv\Lib\site-packages\sklearn\metrics\_classification.py:1561: UserWarning: Note that pos_label (set to 'Sleep Apnea') is ignored when average != 'binary' (got 'weighted'). You may use labels=[pos_label] to specify a single positive class.
  warnings.warn(

2026-02-01 23:09:06,519:WARNING:c:\Users\Shuvo\sleep_data_analysis_bracu\.venv\Lib\site-packages\sklearn\metrics\_classification.py:1509: UndefinedMetricWarning: Precision is ill-defined and being set to 0.0 in labels with no predicted samples. Use `zero_division` parameter to control this behavior.
  _warn_prf(average, modifier, f"{metric.capitalize()} is", len(result))

2026-02-01 23:09:06,521:WARNING:c:\Users\Shuvo\sleep_data_analysis_bracu\.venv\Lib\site-packages\sklearn\metrics\_classification.py:1561: UserWarning: Note that pos_label (set to 'Sleep Apnea') is ignored when average != 'binary' (got 'weighted'). You may use labels=[pos_label] to specify a single positive class.
  warnings.warn(

2026-02-01 23:09:06,525:WARNING:c:\Users\Shuvo\sleep_data_analysis_bracu\.venv\Lib\site-packages\pycaret\internal\metrics.py:204: FitFailedWarning: Metric 'make_scorer(roc_auc_score, response_method=('decision_function', 'predict_proba'), average=weighted, multi_class=ovr)' failed and error score 0.0 has been returned instead. If this is a custom metric, this usually means that the error is in the metric code. Full exception below:
Traceback (most recent call last):
  File "c:\Users\Shuvo\sleep_data_analysis_bracu\.venv\Lib\site-packages\pycaret\internal\metrics.py", line 196, in _score
    return super()._score(
           ^^^^^^^^^^^^^^^
  File "c:\Users\Shuvo\sleep_data_analysis_bracu\.venv\Lib\site-packages\sklearn\metrics\_scorer.py", line 350, in _score
    return self._sign * self._score_func(y_true, y_pred, **scoring_kwargs)
                        ^^^^^^^^^^^^^^^^^^^^^^^^^^^^^^^^^^^^^^^^^^^^^^^^^^
  File "c:\Users\Shuvo\sleep_data_analysis_bracu\.venv\Lib\site-packages\pycaret\internal\metrics.py", line 144, in __call__
    return self.score_func(y_true, y_pred, **kwargs)
           ^^^^^^^^^^^^^^^^^^^^^^^^^^^^^^^^^^^^^^^^^
  File "c:\Users\Shuvo\sleep_data_analysis_bracu\.venv\Lib\site-packages\sklearn\utils\_param_validation.py", line 213, in wrapper
    return func(*args, **kwargs)
           ^^^^^^^^^^^^^^^^^^^^^
  File "c:\Users\Shuvo\sleep_data_analysis_bracu\.venv\Lib\site-packages\sklearn\metrics\_ranking.py", line 634, in roc_auc_score
    return _multiclass_roc_auc_score(
           ^^^^^^^^^^^^^^^^^^^^^^^^^^
  File "c:\Users\Shuvo\sleep_data_analysis_bracu\.venv\Lib\site-packages\sklearn\metrics\_ranking.py", line 707, in _multiclass_roc_auc_score
    raise ValueError(
ValueError: Target scores need to be probabilities for multiclass roc_auc, i.e. they should sum up to 1.0 over classes

  warnings.warn(

2026-02-01 23:09:06,526:WARNING:c:\Users\Shuvo\sleep_data_analysis_bracu\.venv\Lib\site-packages\sklearn\metrics\_classification.py:1561: UserWarning: Note that pos_label (set to 'Sleep Apnea') is ignored when average != 'binary' (got 'weighted'). You may use labels=[pos_label] to specify a single positive class.
  warnings.warn(

2026-02-01 23:09:06,529:WARNING:c:\Users\Shuvo\sleep_data_analysis_bracu\.venv\Lib\site-packages\sklearn\metrics\_classification.py:1561: UserWarning: Note that pos_label (set to 'Sleep Apnea') is ignored when average != 'binary' (got 'weighted'). You may use labels=[pos_label] to specify a single positive class.
  warnings.warn(

2026-02-01 23:09:06,533:WARNING:c:\Users\Shuvo\sleep_data_analysis_bracu\.venv\Lib\site-packages\sklearn\metrics\_classification.py:1561: UserWarning: Note that pos_label (set to 'Sleep Apnea') is ignored when average != 'binary' (got 'weighted'). You may use labels=[pos_label] to specify a single positive class.
  warnings.warn(

2026-02-01 23:09:06,538:INFO:Calculating mean and std
2026-02-01 23:09:06,539:INFO:Creating metrics dataframe
2026-02-01 23:09:06,541:INFO:Uploading results into container
2026-02-01 23:09:06,543:INFO:Uploading model into container now
2026-02-01 23:09:06,543:INFO:_master_model_container: 5
2026-02-01 23:09:06,544:INFO:_display_container: 2
2026-02-01 23:09:06,544:INFO:SGDClassifier(alpha=0.0001, average=False, class_weight=None,
              early_stopping=False, epsilon=0.1, eta0=0.001, fit_intercept=True,
              l1_ratio=0.15, learning_rate='optimal', loss='hinge',
              max_iter=1000, n_iter_no_change=5, n_jobs=-1, penalty='l2',
              power_t=0.5, random_state=12, shuffle=True, tol=0.001,
              validation_fraction=0.1, verbose=0, warm_start=False)
2026-02-01 23:09:06,545:INFO:create_model() successfully completed......................................
2026-02-01 23:09:06,668:INFO:SubProcess create_model() end ==================================
2026-02-01 23:09:06,668:INFO:Creating metrics dataframe
2026-02-01 23:09:06,674:INFO:Initializing Ridge Classifier
2026-02-01 23:09:06,674:INFO:Total runtime is 0.19094657500584922 minutes
2026-02-01 23:09:06,677:INFO:SubProcess create_model() called ==================================
2026-02-01 23:09:06,679:INFO:Initializing create_model()
2026-02-01 23:09:06,679:INFO:create_model(self=<pycaret.classification.oop.ClassificationExperiment object at 0x0000027B8AE03350>, estimator=ridge, fold=StratifiedKFold(n_splits=10, random_state=None, shuffle=False), round=4, cross_validation=True, predict=True, fit_kwargs={}, groups=None, refit=False, probability_threshold=None, experiment_custom_tags=None, verbose=False, system=False, add_to_model_list=True, metrics=None, display=<pycaret.internal.display.display.CommonDisplay object at 0x0000027B8ADF7050>, model_only=True, return_train_score=False, error_score=0.0, kwargs={})
2026-02-01 23:09:06,679:INFO:Checking exceptions
2026-02-01 23:09:06,679:INFO:Importing libraries
2026-02-01 23:09:06,679:INFO:Copying training dataset
2026-02-01 23:09:06,686:INFO:Defining folds
2026-02-01 23:09:06,686:INFO:Declaring metric variables
2026-02-01 23:09:06,691:INFO:Importing untrained model
2026-02-01 23:09:06,697:INFO:Ridge Classifier Imported successfully
2026-02-01 23:09:06,704:INFO:Starting cross validation
2026-02-01 23:09:06,707:INFO:Cross validating with StratifiedKFold(n_splits=10, random_state=None, shuffle=False), n_jobs=-1
2026-02-01 23:09:06,877:WARNING:c:\Users\Shuvo\sleep_data_analysis_bracu\.venv\Lib\site-packages\pycaret\internal\metrics.py:204: FitFailedWarning: Metric 'make_scorer(roc_auc_score, response_method=('decision_function', 'predict_proba'), average=weighted, multi_class=ovr)' failed and error score 0.0 has been returned instead. If this is a custom metric, this usually means that the error is in the metric code. Full exception below:
Traceback (most recent call last):
  File "c:\Users\Shuvo\sleep_data_analysis_bracu\.venv\Lib\site-packages\pycaret\internal\metrics.py", line 196, in _score
    return super()._score(
           ^^^^^^^^^^^^^^^
  File "c:\Users\Shuvo\sleep_data_analysis_bracu\.venv\Lib\site-packages\sklearn\metrics\_scorer.py", line 350, in _score
    return self._sign * self._score_func(y_true, y_pred, **scoring_kwargs)
                        ^^^^^^^^^^^^^^^^^^^^^^^^^^^^^^^^^^^^^^^^^^^^^^^^^^
  File "c:\Users\Shuvo\sleep_data_analysis_bracu\.venv\Lib\site-packages\pycaret\internal\metrics.py", line 144, in __call__
    return self.score_func(y_true, y_pred, **kwargs)
           ^^^^^^^^^^^^^^^^^^^^^^^^^^^^^^^^^^^^^^^^^
  File "c:\Users\Shuvo\sleep_data_analysis_bracu\.venv\Lib\site-packages\sklearn\utils\_param_validation.py", line 213, in wrapper
    return func(*args, **kwargs)
           ^^^^^^^^^^^^^^^^^^^^^
  File "c:\Users\Shuvo\sleep_data_analysis_bracu\.venv\Lib\site-packages\sklearn\metrics\_ranking.py", line 634, in roc_auc_score
    return _multiclass_roc_auc_score(
           ^^^^^^^^^^^^^^^^^^^^^^^^^^
  File "c:\Users\Shuvo\sleep_data_analysis_bracu\.venv\Lib\site-packages\sklearn\metrics\_ranking.py", line 707, in _multiclass_roc_auc_score
    raise ValueError(
ValueError: Target scores need to be probabilities for multiclass roc_auc, i.e. they should sum up to 1.0 over classes

  warnings.warn(

2026-02-01 23:09:06,879:WARNING:c:\Users\Shuvo\sleep_data_analysis_bracu\.venv\Lib\site-packages\pycaret\internal\metrics.py:204: FitFailedWarning: Metric 'make_scorer(roc_auc_score, response_method=('decision_function', 'predict_proba'), average=weighted, multi_class=ovr)' failed and error score 0.0 has been returned instead. If this is a custom metric, this usually means that the error is in the metric code. Full exception below:
Traceback (most recent call last):
  File "c:\Users\Shuvo\sleep_data_analysis_bracu\.venv\Lib\site-packages\pycaret\internal\metrics.py", line 196, in _score
    return super()._score(
           ^^^^^^^^^^^^^^^
  File "c:\Users\Shuvo\sleep_data_analysis_bracu\.venv\Lib\site-packages\sklearn\metrics\_scorer.py", line 350, in _score
    return self._sign * self._score_func(y_true, y_pred, **scoring_kwargs)
                        ^^^^^^^^^^^^^^^^^^^^^^^^^^^^^^^^^^^^^^^^^^^^^^^^^^
  File "c:\Users\Shuvo\sleep_data_analysis_bracu\.venv\Lib\site-packages\pycaret\internal\metrics.py", line 144, in __call__
    return self.score_func(y_true, y_pred, **kwargs)
           ^^^^^^^^^^^^^^^^^^^^^^^^^^^^^^^^^^^^^^^^^
  File "c:\Users\Shuvo\sleep_data_analysis_bracu\.venv\Lib\site-packages\sklearn\utils\_param_validation.py", line 213, in wrapper
    return func(*args, **kwargs)
           ^^^^^^^^^^^^^^^^^^^^^
  File "c:\Users\Shuvo\sleep_data_analysis_bracu\.venv\Lib\site-packages\sklearn\metrics\_ranking.py", line 634, in roc_auc_score
    return _multiclass_roc_auc_score(
           ^^^^^^^^^^^^^^^^^^^^^^^^^^
  File "c:\Users\Shuvo\sleep_data_analysis_bracu\.venv\Lib\site-packages\sklearn\metrics\_ranking.py", line 707, in _multiclass_roc_auc_score
    raise ValueError(
ValueError: Target scores need to be probabilities for multiclass roc_auc, i.e. they should sum up to 1.0 over classes

  warnings.warn(

2026-02-01 23:09:06,880:WARNING:c:\Users\Shuvo\sleep_data_analysis_bracu\.venv\Lib\site-packages\sklearn\metrics\_classification.py:1561: UserWarning: Note that pos_label (set to 'Sleep Apnea') is ignored when average != 'binary' (got 'weighted'). You may use labels=[pos_label] to specify a single positive class.
  warnings.warn(

2026-02-01 23:09:06,881:WARNING:c:\Users\Shuvo\sleep_data_analysis_bracu\.venv\Lib\site-packages\sklearn\metrics\_classification.py:1561: UserWarning: Note that pos_label (set to 'Sleep Apnea') is ignored when average != 'binary' (got 'weighted'). You may use labels=[pos_label] to specify a single positive class.
  warnings.warn(

2026-02-01 23:09:06,882:WARNING:c:\Users\Shuvo\sleep_data_analysis_bracu\.venv\Lib\site-packages\pycaret\internal\metrics.py:204: FitFailedWarning: Metric 'make_scorer(roc_auc_score, response_method=('decision_function', 'predict_proba'), average=weighted, multi_class=ovr)' failed and error score 0.0 has been returned instead. If this is a custom metric, this usually means that the error is in the metric code. Full exception below:
Traceback (most recent call last):
  File "c:\Users\Shuvo\sleep_data_analysis_bracu\.venv\Lib\site-packages\pycaret\internal\metrics.py", line 196, in _score
    return super()._score(
           ^^^^^^^^^^^^^^^
  File "c:\Users\Shuvo\sleep_data_analysis_bracu\.venv\Lib\site-packages\sklearn\metrics\_scorer.py", line 350, in _score
    return self._sign * self._score_func(y_true, y_pred, **scoring_kwargs)
                        ^^^^^^^^^^^^^^^^^^^^^^^^^^^^^^^^^^^^^^^^^^^^^^^^^^
  File "c:\Users\Shuvo\sleep_data_analysis_bracu\.venv\Lib\site-packages\pycaret\internal\metrics.py", line 144, in __call__
    return self.score_func(y_true, y_pred, **kwargs)
           ^^^^^^^^^^^^^^^^^^^^^^^^^^^^^^^^^^^^^^^^^
  File "c:\Users\Shuvo\sleep_data_analysis_bracu\.venv\Lib\site-packages\sklearn\utils\_param_validation.py", line 213, in wrapper
    return func(*args, **kwargs)
           ^^^^^^^^^^^^^^^^^^^^^
  File "c:\Users\Shuvo\sleep_data_analysis_bracu\.venv\Lib\site-packages\sklearn\metrics\_ranking.py", line 634, in roc_auc_score
    return _multiclass_roc_auc_score(
           ^^^^^^^^^^^^^^^^^^^^^^^^^^
  File "c:\Users\Shuvo\sleep_data_analysis_bracu\.venv\Lib\site-packages\sklearn\metrics\_ranking.py", line 707, in _multiclass_roc_auc_score
    raise ValueError(
ValueError: Target scores need to be probabilities for multiclass roc_auc, i.e. they should sum up to 1.0 over classes

  warnings.warn(

2026-02-01 23:09:06,885:WARNING:c:\Users\Shuvo\sleep_data_analysis_bracu\.venv\Lib\site-packages\sklearn\metrics\_classification.py:1561: UserWarning: Note that pos_label (set to 'Sleep Apnea') is ignored when average != 'binary' (got 'weighted'). You may use labels=[pos_label] to specify a single positive class.
  warnings.warn(

2026-02-01 23:09:06,885:WARNING:c:\Users\Shuvo\sleep_data_analysis_bracu\.venv\Lib\site-packages\sklearn\metrics\_classification.py:1561: UserWarning: Note that pos_label (set to 'Sleep Apnea') is ignored when average != 'binary' (got 'weighted'). You may use labels=[pos_label] to specify a single positive class.
  warnings.warn(

2026-02-01 23:09:06,886:WARNING:c:\Users\Shuvo\sleep_data_analysis_bracu\.venv\Lib\site-packages\pycaret\internal\metrics.py:204: FitFailedWarning: Metric 'make_scorer(roc_auc_score, response_method=('decision_function', 'predict_proba'), average=weighted, multi_class=ovr)' failed and error score 0.0 has been returned instead. If this is a custom metric, this usually means that the error is in the metric code. Full exception below:
Traceback (most recent call last):
  File "c:\Users\Shuvo\sleep_data_analysis_bracu\.venv\Lib\site-packages\pycaret\internal\metrics.py", line 196, in _score
    return super()._score(
           ^^^^^^^^^^^^^^^
  File "c:\Users\Shuvo\sleep_data_analysis_bracu\.venv\Lib\site-packages\sklearn\metrics\_scorer.py", line 350, in _score
    return self._sign * self._score_func(y_true, y_pred, **scoring_kwargs)
                        ^^^^^^^^^^^^^^^^^^^^^^^^^^^^^^^^^^^^^^^^^^^^^^^^^^
  File "c:\Users\Shuvo\sleep_data_analysis_bracu\.venv\Lib\site-packages\pycaret\internal\metrics.py", line 144, in __call__
    return self.score_func(y_true, y_pred, **kwargs)
           ^^^^^^^^^^^^^^^^^^^^^^^^^^^^^^^^^^^^^^^^^
  File "c:\Users\Shuvo\sleep_data_analysis_bracu\.venv\Lib\site-packages\sklearn\utils\_param_validation.py", line 213, in wrapper
    return func(*args, **kwargs)
           ^^^^^^^^^^^^^^^^^^^^^
  File "c:\Users\Shuvo\sleep_data_analysis_bracu\.venv\Lib\site-packages\sklearn\metrics\_ranking.py", line 634, in roc_auc_score
    return _multiclass_roc_auc_score(
           ^^^^^^^^^^^^^^^^^^^^^^^^^^
  File "c:\Users\Shuvo\sleep_data_analysis_bracu\.venv\Lib\site-packages\sklearn\metrics\_ranking.py", line 707, in _multiclass_roc_auc_score
    raise ValueError(
ValueError: Target scores need to be probabilities for multiclass roc_auc, i.e. they should sum up to 1.0 over classes

  warnings.warn(

2026-02-01 23:09:06,888:WARNING:c:\Users\Shuvo\sleep_data_analysis_bracu\.venv\Lib\site-packages\sklearn\metrics\_classification.py:1561: UserWarning: Note that pos_label (set to 'Sleep Apnea') is ignored when average != 'binary' (got 'weighted'). You may use labels=[pos_label] to specify a single positive class.
  warnings.warn(

2026-02-01 23:09:06,889:WARNING:c:\Users\Shuvo\sleep_data_analysis_bracu\.venv\Lib\site-packages\sklearn\metrics\_classification.py:1561: UserWarning: Note that pos_label (set to 'Sleep Apnea') is ignored when average != 'binary' (got 'weighted'). You may use labels=[pos_label] to specify a single positive class.
  warnings.warn(

2026-02-01 23:09:06,889:WARNING:c:\Users\Shuvo\sleep_data_analysis_bracu\.venv\Lib\site-packages\sklearn\metrics\_classification.py:1561: UserWarning: Note that pos_label (set to 'Sleep Apnea') is ignored when average != 'binary' (got 'weighted'). You may use labels=[pos_label] to specify a single positive class.
  warnings.warn(

2026-02-01 23:09:06,889:WARNING:c:\Users\Shuvo\sleep_data_analysis_bracu\.venv\Lib\site-packages\sklearn\metrics\_classification.py:1561: UserWarning: Note that pos_label (set to 'Sleep Apnea') is ignored when average != 'binary' (got 'weighted'). You may use labels=[pos_label] to specify a single positive class.
  warnings.warn(

2026-02-01 23:09:06,889:WARNING:c:\Users\Shuvo\sleep_data_analysis_bracu\.venv\Lib\site-packages\pycaret\internal\metrics.py:204: FitFailedWarning: Metric 'make_scorer(roc_auc_score, response_method=('decision_function', 'predict_proba'), average=weighted, multi_class=ovr)' failed and error score 0.0 has been returned instead. If this is a custom metric, this usually means that the error is in the metric code. Full exception below:
Traceback (most recent call last):
  File "c:\Users\Shuvo\sleep_data_analysis_bracu\.venv\Lib\site-packages\pycaret\internal\metrics.py", line 196, in _score
    return super()._score(
           ^^^^^^^^^^^^^^^
  File "c:\Users\Shuvo\sleep_data_analysis_bracu\.venv\Lib\site-packages\sklearn\metrics\_scorer.py", line 350, in _score
    return self._sign * self._score_func(y_true, y_pred, **scoring_kwargs)
                        ^^^^^^^^^^^^^^^^^^^^^^^^^^^^^^^^^^^^^^^^^^^^^^^^^^
  File "c:\Users\Shuvo\sleep_data_analysis_bracu\.venv\Lib\site-packages\pycaret\internal\metrics.py", line 144, in __call__
    return self.score_func(y_true, y_pred, **kwargs)
           ^^^^^^^^^^^^^^^^^^^^^^^^^^^^^^^^^^^^^^^^^
  File "c:\Users\Shuvo\sleep_data_analysis_bracu\.venv\Lib\site-packages\sklearn\utils\_param_validation.py", line 213, in wrapper
    return func(*args, **kwargs)
           ^^^^^^^^^^^^^^^^^^^^^
  File "c:\Users\Shuvo\sleep_data_analysis_bracu\.venv\Lib\site-packages\sklearn\metrics\_ranking.py", line 634, in roc_auc_score
    return _multiclass_roc_auc_score(
           ^^^^^^^^^^^^^^^^^^^^^^^^^^
  File "c:\Users\Shuvo\sleep_data_analysis_bracu\.venv\Lib\site-packages\sklearn\metrics\_ranking.py", line 707, in _multiclass_roc_auc_score
    raise ValueError(
ValueError: Target scores need to be probabilities for multiclass roc_auc, i.e. they should sum up to 1.0 over classes

  warnings.warn(

2026-02-01 23:09:06,891:WARNING:c:\Users\Shuvo\sleep_data_analysis_bracu\.venv\Lib\site-packages\pycaret\internal\metrics.py:204: FitFailedWarning: Metric 'make_scorer(roc_auc_score, response_method=('decision_function', 'predict_proba'), average=weighted, multi_class=ovr)' failed and error score 0.0 has been returned instead. If this is a custom metric, this usually means that the error is in the metric code. Full exception below:
Traceback (most recent call last):
  File "c:\Users\Shuvo\sleep_data_analysis_bracu\.venv\Lib\site-packages\pycaret\internal\metrics.py", line 196, in _score
    return super()._score(
           ^^^^^^^^^^^^^^^
  File "c:\Users\Shuvo\sleep_data_analysis_bracu\.venv\Lib\site-packages\sklearn\metrics\_scorer.py", line 350, in _score
    return self._sign * self._score_func(y_true, y_pred, **scoring_kwargs)
                        ^^^^^^^^^^^^^^^^^^^^^^^^^^^^^^^^^^^^^^^^^^^^^^^^^^
  File "c:\Users\Shuvo\sleep_data_analysis_bracu\.venv\Lib\site-packages\pycaret\internal\metrics.py", line 144, in __call__
    return self.score_func(y_true, y_pred, **kwargs)
           ^^^^^^^^^^^^^^^^^^^^^^^^^^^^^^^^^^^^^^^^^
  File "c:\Users\Shuvo\sleep_data_analysis_bracu\.venv\Lib\site-packages\sklearn\utils\_param_validation.py", line 213, in wrapper
    return func(*args, **kwargs)
           ^^^^^^^^^^^^^^^^^^^^^
  File "c:\Users\Shuvo\sleep_data_analysis_bracu\.venv\Lib\site-packages\sklearn\metrics\_ranking.py", line 634, in roc_auc_score
    return _multiclass_roc_auc_score(
           ^^^^^^^^^^^^^^^^^^^^^^^^^^
  File "c:\Users\Shuvo\sleep_data_analysis_bracu\.venv\Lib\site-packages\sklearn\metrics\_ranking.py", line 707, in _multiclass_roc_auc_score
    raise ValueError(
ValueError: Target scores need to be probabilities for multiclass roc_auc, i.e. they should sum up to 1.0 over classes

  warnings.warn(

2026-02-01 23:09:06,892:WARNING:c:\Users\Shuvo\sleep_data_analysis_bracu\.venv\Lib\site-packages\sklearn\metrics\_classification.py:1561: UserWarning: Note that pos_label (set to 'Sleep Apnea') is ignored when average != 'binary' (got 'weighted'). You may use labels=[pos_label] to specify a single positive class.
  warnings.warn(

2026-02-01 23:09:06,892:WARNING:c:\Users\Shuvo\sleep_data_analysis_bracu\.venv\Lib\site-packages\sklearn\metrics\_classification.py:1561: UserWarning: Note that pos_label (set to 'Sleep Apnea') is ignored when average != 'binary' (got 'weighted'). You may use labels=[pos_label] to specify a single positive class.
  warnings.warn(

2026-02-01 23:09:06,892:WARNING:c:\Users\Shuvo\sleep_data_analysis_bracu\.venv\Lib\site-packages\sklearn\metrics\_classification.py:1561: UserWarning: Note that pos_label (set to 'Sleep Apnea') is ignored when average != 'binary' (got 'weighted'). You may use labels=[pos_label] to specify a single positive class.
  warnings.warn(

2026-02-01 23:09:06,893:WARNING:c:\Users\Shuvo\sleep_data_analysis_bracu\.venv\Lib\site-packages\sklearn\metrics\_classification.py:1561: UserWarning: Note that pos_label (set to 'Sleep Apnea') is ignored when average != 'binary' (got 'weighted'). You may use labels=[pos_label] to specify a single positive class.
  warnings.warn(

2026-02-01 23:09:06,893:WARNING:c:\Users\Shuvo\sleep_data_analysis_bracu\.venv\Lib\site-packages\sklearn\metrics\_classification.py:1561: UserWarning: Note that pos_label (set to 'Sleep Apnea') is ignored when average != 'binary' (got 'weighted'). You may use labels=[pos_label] to specify a single positive class.
  warnings.warn(

2026-02-01 23:09:06,895:WARNING:c:\Users\Shuvo\sleep_data_analysis_bracu\.venv\Lib\site-packages\pycaret\internal\metrics.py:204: FitFailedWarning: Metric 'make_scorer(roc_auc_score, response_method=('decision_function', 'predict_proba'), average=weighted, multi_class=ovr)' failed and error score 0.0 has been returned instead. If this is a custom metric, this usually means that the error is in the metric code. Full exception below:
Traceback (most recent call last):
  File "c:\Users\Shuvo\sleep_data_analysis_bracu\.venv\Lib\site-packages\pycaret\internal\metrics.py", line 196, in _score
    return super()._score(
           ^^^^^^^^^^^^^^^
  File "c:\Users\Shuvo\sleep_data_analysis_bracu\.venv\Lib\site-packages\sklearn\metrics\_scorer.py", line 350, in _score
    return self._sign * self._score_func(y_true, y_pred, **scoring_kwargs)
                        ^^^^^^^^^^^^^^^^^^^^^^^^^^^^^^^^^^^^^^^^^^^^^^^^^^
  File "c:\Users\Shuvo\sleep_data_analysis_bracu\.venv\Lib\site-packages\pycaret\internal\metrics.py", line 144, in __call__
    return self.score_func(y_true, y_pred, **kwargs)
           ^^^^^^^^^^^^^^^^^^^^^^^^^^^^^^^^^^^^^^^^^
  File "c:\Users\Shuvo\sleep_data_analysis_bracu\.venv\Lib\site-packages\sklearn\utils\_param_validation.py", line 213, in wrapper
    return func(*args, **kwargs)
           ^^^^^^^^^^^^^^^^^^^^^
  File "c:\Users\Shuvo\sleep_data_analysis_bracu\.venv\Lib\site-packages\sklearn\metrics\_ranking.py", line 634, in roc_auc_score
    return _multiclass_roc_auc_score(
           ^^^^^^^^^^^^^^^^^^^^^^^^^^
  File "c:\Users\Shuvo\sleep_data_analysis_bracu\.venv\Lib\site-packages\sklearn\metrics\_ranking.py", line 707, in _multiclass_roc_auc_score
    raise ValueError(
ValueError: Target scores need to be probabilities for multiclass roc_auc, i.e. they should sum up to 1.0 over classes

  warnings.warn(

2026-02-01 23:09:06,896:WARNING:c:\Users\Shuvo\sleep_data_analysis_bracu\.venv\Lib\site-packages\sklearn\metrics\_classification.py:1561: UserWarning: Note that pos_label (set to 'Sleep Apnea') is ignored when average != 'binary' (got 'weighted'). You may use labels=[pos_label] to specify a single positive class.
  warnings.warn(

2026-02-01 23:09:06,897:WARNING:c:\Users\Shuvo\sleep_data_analysis_bracu\.venv\Lib\site-packages\sklearn\metrics\_classification.py:1561: UserWarning: Note that pos_label (set to 'Sleep Apnea') is ignored when average != 'binary' (got 'weighted'). You may use labels=[pos_label] to specify a single positive class.
  warnings.warn(

2026-02-01 23:09:06,897:WARNING:c:\Users\Shuvo\sleep_data_analysis_bracu\.venv\Lib\site-packages\sklearn\metrics\_classification.py:1561: UserWarning: Note that pos_label (set to 'Sleep Apnea') is ignored when average != 'binary' (got 'weighted'). You may use labels=[pos_label] to specify a single positive class.
  warnings.warn(

2026-02-01 23:09:06,900:WARNING:c:\Users\Shuvo\sleep_data_analysis_bracu\.venv\Lib\site-packages\sklearn\metrics\_classification.py:1561: UserWarning: Note that pos_label (set to 'Sleep Apnea') is ignored when average != 'binary' (got 'weighted'). You may use labels=[pos_label] to specify a single positive class.
  warnings.warn(

 is a custom metric, this usually means that the error is in the metric code. Full exception below:
Traceback (most recent call last):
  File "c:\Users\Shuvo\sleep_data_analysis_bracu\.venv\Lib\site-packages\pycaret\internal\metrics.py", line 196, in _score
    return super()._score(
           ^^^^^^^^^^^^^^^
  File "c:\Users\Shuvo\sleep_data_analysis_bracu\.venv\Lib\site-packages\sklearn\metrics\_scorer.py", line 350, in _score
    return self._sign * self._score_func(y_true, y_pred, **scoring_kwargs)
                        ^^^^^^^^^^^^^^^^^^^^^^^^^^^^^^^^^^^^^^^^^^^^^^^^^^
  File "c:\Users\Shuvo\sleep_data_analysis_bracu\.venv\Lib\site-packages\pycaret\internal\metrics.py", line 144, in __call__
    return self.score_func(y_true, y_pred, **kwargs)
           ^^^^^^^^^^^^^^^^^^^^^^^^^^^^^^^^^^^^^^^^^
  File "c:\Users\Shuvo\sleep_data_analysis_bracu\.venv\Lib\site-packages\sklearn\utils\_param_validation.py", line 213, in wrapper
    return func(*args, **kwargs)
           ^^^^^^^^^^^^^^^^^^^^^
  File "c:\Users\Shuvo\sleep_data_analysis_bracu\.venv\Lib\site-packages\sklearn\metrics\_ranking.py", line 634, in roc_auc_score
    return _multiclass_roc_auc_score(
           ^^^^^^^^^^^^^^^^^^^^^^^^^^
  File "c:\Users\Shuvo\sleep_data_analysis_bracu\.venv\Lib\site-packages\sklearn\metrics\_ranking.py", line 707, in _multiclass_roc_auc_score
    raise ValueError(
ValueError: Target scores need to be probabilities for multiclass roc_auc, i.e. they should sum up to 1.0 over classes

  warnings.warn(

2026-02-01 23:09:06,901:WARNING:c:\Users\Shuvo\sleep_data_analysis_bracu\.venv\Lib\site-packages\sklearn\metrics\_classification.py:1561: UserWarning: Note that pos_label (set to 'Sleep Apnea') is ignored when average != 'binary' (got 'weighted'). You may use labels=[pos_label] to specify a single positive class.
  warnings.warn(

2026-02-01 23:09:06,902:WARNING:c:\Users\Shuvo\sleep_data_analysis_bracu\.venv\Lib\site-packages\sklearn\metrics\_classification.py:1561: UserWarning: Note that pos_label (set to 'Sleep Apnea') is ignored when average != 'binary' (got 'weighted'). You may use labels=[pos_label] to specify a single positive class.
  warnings.warn(

2026-02-01 23:09:06,902:WARNING:c:\Users\Shuvo\sleep_data_analysis_bracu\.venv\Lib\site-packages\sklearn\metrics\_classification.py:1561: UserWarning: Note that pos_label (set to 'Sleep Apnea') is ignored when average != 'binary' (got 'weighted'). You may use labels=[pos_label] to specify a single positive class.
  warnings.warn(

2026-02-01 23:09:06,903:WARNING:c:\Users\Shuvo\sleep_data_analysis_bracu\.venv\Lib\site-packages\pycaret\internal\metrics.py:204: FitFailedWarning: Metric 'make_scorer(roc_auc_score, response_method=('decision_function', 'predict_proba'), average=weighted, multi_class=ovr)' failed and error score 0.0 has been returned instead. If this is a custom metric, this usually means that the error is in the metric code. Full exception below:
Traceback (most recent call last):
  File "c:\Users\Shuvo\sleep_data_analysis_bracu\.venv\Lib\site-packages\pycaret\internal\metrics.py", line 196, in _score
    return super()._score(
           ^^^^^^^^^^^^^^^
  File "c:\Users\Shuvo\sleep_data_analysis_bracu\.venv\Lib\site-packages\sklearn\metrics\_scorer.py", line 350, in _score
    return self._sign * self._score_func(y_true, y_pred, **scoring_kwargs)
                        ^^^^^^^^^^^^^^^^^^^^^^^^^^^^^^^^^^^^^^^^^^^^^^^^^^
  File "c:\Users\Shuvo\sleep_data_analysis_bracu\.venv\Lib\site-packages\pycaret\internal\metrics.py", line 144, in __call__
    return self.score_func(y_true, y_pred, **kwargs)
           ^^^^^^^^^^^^^^^^^^^^^^^^^^^^^^^^^^^^^^^^^
  File "c:\Users\Shuvo\sleep_data_analysis_bracu\.venv\Lib\site-packages\sklearn\utils\_param_validation.py", line 213, in wrapper
    return func(*args, **kwargs)
           ^^^^^^^^^^^^^^^^^^^^^
  File "c:\Users\Shuvo\sleep_data_analysis_bracu\.venv\Lib\site-packages\sklearn\metrics\_ranking.py", line 634, in roc_auc_score
    return _multiclass_roc_auc_score(
           ^^^^^^^^^^^^^^^^^^^^^^^^^^
  File "c:\Users\Shuvo\sleep_data_analysis_bracu\.venv\Lib\site-packages\sklearn\metrics\_ranking.py", line 707, in _multiclass_roc_auc_score
    raise ValueError(
ValueError: Target scores need to be probabilities for multiclass roc_auc, i.e. they should sum up to 1.0 over classes

  warnings.warn(

2026-02-01 23:09:06,904:WARNING:c:\Users\Shuvo\sleep_data_analysis_bracu\.venv\Lib\site-packages\sklearn\metrics\_classification.py:1561: UserWarning: Note that pos_label (set to 'Sleep Apnea') is ignored when average != 'binary' (got 'weighted'). You may use labels=[pos_label] to specify a single positive class.
  warnings.warn(

2026-02-01 23:09:06,905:WARNING:c:\Users\Shuvo\sleep_data_analysis_bracu\.venv\Lib\site-packages\sklearn\metrics\_classification.py:1561: UserWarning: Note that pos_label (set to 'Sleep Apnea') is ignored when average != 'binary' (got 'weighted'). You may use labels=[pos_label] to specify a single positive class.
  warnings.warn(

2026-02-01 23:09:06,905:WARNING:c:\Users\Shuvo\sleep_data_analysis_bracu\.venv\Lib\site-packages\sklearn\metrics\_classification.py:1561: UserWarning: Note that pos_label (set to 'Sleep Apnea') is ignored when average != 'binary' (got 'weighted'). You may use labels=[pos_label] to specify a single positive class.
  warnings.warn(

2026-02-01 23:09:06,905:WARNING:c:\Users\Shuvo\sleep_data_analysis_bracu\.venv\Lib\site-packages\pycaret\internal\metrics.py:204: FitFailedWarning: Metric 'make_scorer(roc_auc_score, response_method=('decision_function', 'predict_proba'), average=weighted, multi_class=ovr)' failed and error score 0.0 has been returned instead. If this is a custom metric, this usually means that the error is in the metric code. Full exception below:
Traceback (most recent call last):
  File "c:\Users\Shuvo\sleep_data_analysis_bracu\.venv\Lib\site-packages\pycaret\internal\metrics.py", line 196, in _score
    return super()._score(
           ^^^^^^^^^^^^^^^
  File "c:\Users\Shuvo\sleep_data_analysis_bracu\.venv\Lib\site-packages\sklearn\metrics\_scorer.py", line 350, in _score
    return self._sign * self._score_func(y_true, y_pred, **scoring_kwargs)
                        ^^^^^^^^^^^^^^^^^^^^^^^^^^^^^^^^^^^^^^^^^^^^^^^^^^
  File "c:\Users\Shuvo\sleep_data_analysis_bracu\.venv\Lib\site-packages\pycaret\internal\metrics.py", line 144, in __call__
    return self.score_func(y_true, y_pred, **kwargs)
           ^^^^^^^^^^^^^^^^^^^^^^^^^^^^^^^^^^^^^^^^^
  File "c:\Users\Shuvo\sleep_data_analysis_bracu\.venv\Lib\site-packages\sklearn\utils\_param_validation.py", line 213, in wrapper
    return func(*args, **kwargs)
           ^^^^^^^^^^^^^^^^^^^^^
  File "c:\Users\Shuvo\sleep_data_analysis_bracu\.venv\Lib\site-packages\sklearn\metrics\_ranking.py", line 634, in roc_auc_score
    return _multiclass_roc_auc_score(
           ^^^^^^^^^^^^^^^^^^^^^^^^^^
  File "c:\Users\Shuvo\sleep_data_analysis_bracu\.venv\Lib\site-packages\sklearn\metrics\_ranking.py", line 707, in _multiclass_roc_auc_score
    raise ValueError(
ValueError: Target scores need to be probabilities for multiclass roc_auc, i.e. they should sum up to 1.0 over classes

  warnings.warn(

2026-02-01 23:09:06,908:WARNING:c:\Users\Shuvo\sleep_data_analysis_bracu\.venv\Lib\site-packages\sklearn\metrics\_classification.py:1561: UserWarning: Note that pos_label (set to 'Sleep Apnea') is ignored when average != 'binary' (got 'weighted'). You may use labels=[pos_label] to specify a single positive class.
  warnings.warn(

2026-02-01 23:09:06,908:WARNING:c:\Users\Shuvo\sleep_data_analysis_bracu\.venv\Lib\site-packages\sklearn\metrics\_classification.py:1561: UserWarning: Note that pos_label (set to 'Sleep Apnea') is ignored when average != 'binary' (got 'weighted'). You may use labels=[pos_label] to specify a single positive class.
  warnings.warn(

2026-02-01 23:09:06,908:WARNING:c:\Users\Shuvo\sleep_data_analysis_bracu\.venv\Lib\site-packages\sklearn\metrics\_classification.py:1561: UserWarning: Note that pos_label (set to 'Sleep Apnea') is ignored when average != 'binary' (got 'weighted'). You may use labels=[pos_label] to specify a single positive class.
  warnings.warn(

2026-02-01 23:09:06,910:WARNING:c:\Users\Shuvo\sleep_data_analysis_bracu\.venv\Lib\site-packages\sklearn\metrics\_classification.py:1561: UserWarning: Note that pos_label (set to 'Sleep Apnea') is ignored when average != 'binary' (got 'weighted'). You may use labels=[pos_label] to specify a single positive class.
  warnings.warn(

2026-02-01 23:09:06,910:WARNING:c:\Users\Shuvo\sleep_data_analysis_bracu\.venv\Lib\site-packages\sklearn\metrics\_classification.py:1561: UserWarning: Note that pos_label (set to 'Sleep Apnea') is ignored when average != 'binary' (got 'weighted'). You may use labels=[pos_label] to specify a single positive class.
  warnings.warn(

2026-02-01 23:09:06,912:WARNING:c:\Users\Shuvo\sleep_data_analysis_bracu\.venv\Lib\site-packages\sklearn\metrics\_classification.py:1561: UserWarning: Note that pos_label (set to 'Sleep Apnea') is ignored when average != 'binary' (got 'weighted'). You may use labels=[pos_label] to specify a single positive class.
  warnings.warn(

2026-02-01 23:09:06,928:INFO:Calculating mean and std
2026-02-01 23:09:06,929:INFO:Creating metrics dataframe
2026-02-01 23:09:06,931:INFO:Uploading results into container
2026-02-01 23:09:06,932:INFO:Uploading model into container now
2026-02-01 23:09:06,932:INFO:_master_model_container: 6
2026-02-01 23:09:06,933:INFO:_display_container: 2
2026-02-01 23:09:06,933:INFO:RidgeClassifier(alpha=1.0, class_weight=None, copy_X=True, fit_intercept=True,
                max_iter=None, positive=False, random_state=12, solver='auto',
                tol=0.0001)
2026-02-01 23:09:06,933:INFO:create_model() successfully completed......................................
2026-02-01 23:09:07,044:INFO:SubProcess create_model() end ==================================
2026-02-01 23:09:07,044:INFO:Creating metrics dataframe
2026-02-01 23:09:07,053:INFO:Initializing Random Forest Classifier
2026-02-01 23:09:07,053:INFO:Total runtime is 0.19724746545155844 minutes
2026-02-01 23:09:07,056:INFO:SubProcess create_model() called ==================================
2026-02-01 23:09:07,056:INFO:Initializing create_model()
2026-02-01 23:09:07,056:INFO:create_model(self=<pycaret.classification.oop.ClassificationExperiment object at 0x0000027B8AE03350>, estimator=rf, fold=StratifiedKFold(n_splits=10, random_state=None, shuffle=False), round=4, cross_validation=True, predict=True, fit_kwargs={}, groups=None, refit=False, probability_threshold=None, experiment_custom_tags=None, verbose=False, system=False, add_to_model_list=True, metrics=None, display=<pycaret.internal.display.display.CommonDisplay object at 0x0000027B8ADF7050>, model_only=True, return_train_score=False, error_score=0.0, kwargs={})
2026-02-01 23:09:07,057:INFO:Checking exceptions
2026-02-01 23:09:07,057:INFO:Importing libraries
2026-02-01 23:09:07,057:INFO:Copying training dataset
2026-02-01 23:09:07,062:INFO:Defining folds
2026-02-01 23:09:07,062:INFO:Declaring metric variables
2026-02-01 23:09:07,066:INFO:Importing untrained model
2026-02-01 23:09:07,071:INFO:Random Forest Classifier Imported successfully
2026-02-01 23:09:07,077:INFO:Starting cross validation
2026-02-01 23:09:07,079:INFO:Cross validating with StratifiedKFold(n_splits=10, random_state=None, shuffle=False), n_jobs=-1
2026-02-01 23:09:07,577:WARNING:c:\Users\Shuvo\sleep_data_analysis_bracu\.venv\Lib\site-packages\sklearn\metrics\_classification.py:1561: UserWarning: Note that pos_label (set to 'Sleep Apnea') is ignored when average != 'binary' (got 'weighted'). You may use labels=[pos_label] to specify a single positive class.
  warnings.warn(

2026-02-01 23:09:07,583:WARNING:c:\Users\Shuvo\sleep_data_analysis_bracu\.venv\Lib\site-packages\sklearn\metrics\_classification.py:1561: UserWarning: Note that pos_label (set to 'Sleep Apnea') is ignored when average != 'binary' (got 'weighted'). You may use labels=[pos_label] to specify a single positive class.
  warnings.warn(

2026-02-01 23:09:07,584:WARNING:c:\Users\Shuvo\sleep_data_analysis_bracu\.venv\Lib\site-packages\sklearn\metrics\_classification.py:1561: UserWarning: Note that pos_label (set to 'Sleep Apnea') is ignored when average != 'binary' (got 'weighted'). You may use labels=[pos_label] to specify a single positive class.
  warnings.warn(

2026-02-01 23:09:07,587:WARNING:c:\Users\Shuvo\sleep_data_analysis_bracu\.venv\Lib\site-packages\sklearn\metrics\_classification.py:1561: UserWarning: Note that pos_label (set to 'Sleep Apnea') is ignored when average != 'binary' (got 'weighted'). You may use labels=[pos_label] to specify a single positive class.
  warnings.warn(

2026-02-01 23:09:07,588:WARNING:c:\Users\Shuvo\sleep_data_analysis_bracu\.venv\Lib\site-packages\sklearn\metrics\_classification.py:1561: UserWarning: Note that pos_label (set to 'Sleep Apnea') is ignored when average != 'binary' (got 'weighted'). You may use labels=[pos_label] to specify a single positive class.
  warnings.warn(

2026-02-01 23:09:07,589:WARNING:c:\Users\Shuvo\sleep_data_analysis_bracu\.venv\Lib\site-packages\sklearn\metrics\_classification.py:1561: UserWarning: Note that pos_label (set to 'Sleep Apnea') is ignored when average != 'binary' (got 'weighted'). You may use labels=[pos_label] to specify a single positive class.
  warnings.warn(

2026-02-01 23:09:07,591:WARNING:c:\Users\Shuvo\sleep_data_analysis_bracu\.venv\Lib\site-packages\sklearn\metrics\_classification.py:1561: UserWarning: Note that pos_label (set to 'Sleep Apnea') is ignored when average != 'binary' (got 'weighted'). You may use labels=[pos_label] to specify a single positive class.
  warnings.warn(

2026-02-01 23:09:07,594:WARNING:c:\Users\Shuvo\sleep_data_analysis_bracu\.venv\Lib\site-packages\sklearn\metrics\_classification.py:1561: UserWarning: Note that pos_label (set to 'Sleep Apnea') is ignored when average != 'binary' (got 'weighted'). You may use labels=[pos_label] to specify a single positive class.
  warnings.warn(

2026-02-01 23:09:07,596:WARNING:c:\Users\Shuvo\sleep_data_analysis_bracu\.venv\Lib\site-packages\sklearn\metrics\_classification.py:1561: UserWarning: Note that pos_label (set to 'Sleep Apnea') is ignored when average != 'binary' (got 'weighted'). You may use labels=[pos_label] to specify a single positive class.
  warnings.warn(

2026-02-01 23:09:07,611:WARNING:c:\Users\Shuvo\sleep_data_analysis_bracu\.venv\Lib\site-packages\sklearn\metrics\_classification.py:1561: UserWarning: Note that pos_label (set to 'Sleep Apnea') is ignored when average != 'binary' (got 'weighted'). You may use labels=[pos_label] to specify a single positive class.
  warnings.warn(

2026-02-01 23:09:07,613:WARNING:c:\Users\Shuvo\sleep_data_analysis_bracu\.venv\Lib\site-packages\sklearn\metrics\_classification.py:1561: UserWarning: Note that pos_label (set to 'Sleep Apnea') is ignored when average != 'binary' (got 'weighted'). You may use labels=[pos_label] to specify a single positive class.
  warnings.warn(

2026-02-01 23:09:07,617:WARNING:c:\Users\Shuvo\sleep_data_analysis_bracu\.venv\Lib\site-packages\sklearn\metrics\_classification.py:1561: UserWarning: Note that pos_label (set to 'Sleep Apnea') is ignored when average != 'binary' (got 'weighted'). You may use labels=[pos_label] to specify a single positive class.
  warnings.warn(

2026-02-01 23:09:07,620:WARNING:c:\Users\Shuvo\sleep_data_analysis_bracu\.venv\Lib\site-packages\sklearn\metrics\_classification.py:1561: UserWarning: Note that pos_label (set to 'Sleep Apnea') is ignored when average != 'binary' (got 'weighted'). You may use labels=[pos_label] to specify a single positive class.
  warnings.warn(

2026-02-01 23:09:07,620:WARNING:c:\Users\Shuvo\sleep_data_analysis_bracu\.venv\Lib\site-packages\sklearn\metrics\_classification.py:1561: UserWarning: Note that pos_label (set to 'Sleep Apnea') is ignored when average != 'binary' (got 'weighted'). You may use labels=[pos_label] to specify a single positive class.
  warnings.warn(

2026-02-01 23:09:07,623:WARNING:c:\Users\Shuvo\sleep_data_analysis_bracu\.venv\Lib\site-packages\sklearn\metrics\_classification.py:1561: UserWarning: Note that pos_label (set to 'Sleep Apnea') is ignored when average != 'binary' (got 'weighted'). You may use labels=[pos_label] to specify a single positive class.
  warnings.warn(

2026-02-01 23:09:07,623:WARNING:c:\Users\Shuvo\sleep_data_analysis_bracu\.venv\Lib\site-packages\sklearn\metrics\_classification.py:1561: UserWarning: Note that pos_label (set to 'Sleep Apnea') is ignored when average != 'binary' (got 'weighted'). You may use labels=[pos_label] to specify a single positive class.
  warnings.warn(

2026-02-01 23:09:07,624:WARNING:c:\Users\Shuvo\sleep_data_analysis_bracu\.venv\Lib\site-packages\sklearn\metrics\_classification.py:1561: UserWarning: Note that pos_label (set to 'Sleep Apnea') is ignored when average != 'binary' (got 'weighted'). You may use labels=[pos_label] to specify a single positive class.
  warnings.warn(

2026-02-01 23:09:07,626:WARNING:c:\Users\Shuvo\sleep_data_analysis_bracu\.venv\Lib\site-packages\sklearn\metrics\_classification.py:1561: UserWarning: Note that pos_label (set to 'Sleep Apnea') is ignored when average != 'binary' (got 'weighted'). You may use labels=[pos_label] to specify a single positive class.
  warnings.warn(

2026-02-01 23:09:07,626:WARNING:c:\Users\Shuvo\sleep_data_analysis_bracu\.venv\Lib\site-packages\sklearn\metrics\_classification.py:1561: UserWarning: Note that pos_label (set to 'Sleep Apnea') is ignored when average != 'binary' (got 'weighted'). You may use labels=[pos_label] to specify a single positive class.
  warnings.warn(

2026-02-01 23:09:07,626:WARNING:c:\Users\Shuvo\sleep_data_analysis_bracu\.venv\Lib\site-packages\sklearn\metrics\_classification.py:1561: UserWarning: Note that pos_label (set to 'Sleep Apnea') is ignored when average != 'binary' (got 'weighted'). You may use labels=[pos_label] to specify a single positive class.
  warnings.warn(

2026-02-01 23:09:07,627:WARNING:c:\Users\Shuvo\sleep_data_analysis_bracu\.venv\Lib\site-packages\sklearn\metrics\_classification.py:1561: UserWarning: Note that pos_label (set to 'Sleep Apnea') is ignored when average != 'binary' (got 'weighted'). You may use labels=[pos_label] to specify a single positive class.
  warnings.warn(

2026-02-01 23:09:07,627:WARNING:c:\Users\Shuvo\sleep_data_analysis_bracu\.venv\Lib\site-packages\sklearn\metrics\_classification.py:1561: UserWarning: Note that pos_label (set to 'Sleep Apnea') is ignored when average != 'binary' (got 'weighted'). You may use labels=[pos_label] to specify a single positive class.
  warnings.warn(

2026-02-01 23:09:07,628:WARNING:c:\Users\Shuvo\sleep_data_analysis_bracu\.venv\Lib\site-packages\sklearn\metrics\_classification.py:1561: UserWarning: Note that pos_label (set to 'Sleep Apnea') is ignored when average != 'binary' (got 'weighted'). You may use labels=[pos_label] to specify a single positive class.
  warnings.warn(

2026-02-01 23:09:07,629:WARNING:c:\Users\Shuvo\sleep_data_analysis_bracu\.venv\Lib\site-packages\sklearn\metrics\_classification.py:1561: UserWarning: Note that pos_label (set to 'Sleep Apnea') is ignored when average != 'binary' (got 'weighted'). You may use labels=[pos_label] to specify a single positive class.
  warnings.warn(

2026-02-01 23:09:07,630:WARNING:c:\Users\Shuvo\sleep_data_analysis_bracu\.venv\Lib\site-packages\sklearn\metrics\_classification.py:1561: UserWarning: Note that pos_label (set to 'Sleep Apnea') is ignored when average != 'binary' (got 'weighted'). You may use labels=[pos_label] to specify a single positive class.
  warnings.warn(

2026-02-01 23:09:07,632:WARNING:c:\Users\Shuvo\sleep_data_analysis_bracu\.venv\Lib\site-packages\sklearn\metrics\_classification.py:1561: UserWarning: Note that pos_label (set to 'Sleep Apnea') is ignored when average != 'binary' (got 'weighted'). You may use labels=[pos_label] to specify a single positive class.
  warnings.warn(

2026-02-01 23:09:07,633:WARNING:c:\Users\Shuvo\sleep_data_analysis_bracu\.venv\Lib\site-packages\sklearn\metrics\_classification.py:1561: UserWarning: Note that pos_label (set to 'Sleep Apnea') is ignored when average != 'binary' (got 'weighted'). You may use labels=[pos_label] to specify a single positive class.
  warnings.warn(

2026-02-01 23:09:07,639:WARNING:c:\Users\Shuvo\sleep_data_analysis_bracu\.venv\Lib\site-packages\sklearn\metrics\_classification.py:1561: UserWarning: Note that pos_label (set to 'Sleep Apnea') is ignored when average != 'binary' (got 'weighted'). You may use labels=[pos_label] to specify a single positive class.
  warnings.warn(

2026-02-01 23:09:07,641:WARNING:c:\Users\Shuvo\sleep_data_analysis_bracu\.venv\Lib\site-packages\sklearn\metrics\_classification.py:1561: UserWarning: Note that pos_label (set to 'Sleep Apnea') is ignored when average != 'binary' (got 'weighted'). You may use labels=[pos_label] to specify a single positive class.
  warnings.warn(

2026-02-01 23:09:07,644:WARNING:c:\Users\Shuvo\sleep_data_analysis_bracu\.venv\Lib\site-packages\sklearn\metrics\_classification.py:1561: UserWarning: Note that pos_label (set to 'Sleep Apnea') is ignored when average != 'binary' (got 'weighted'). You may use labels=[pos_label] to specify a single positive class.
  warnings.warn(

2026-02-01 23:09:07,653:INFO:Calculating mean and std
2026-02-01 23:09:07,654:INFO:Creating metrics dataframe
2026-02-01 23:09:07,656:INFO:Uploading results into container
2026-02-01 23:09:07,657:INFO:Uploading model into container now
2026-02-01 23:09:07,658:INFO:_master_model_container: 7
2026-02-01 23:09:07,658:INFO:_display_container: 2
2026-02-01 23:09:07,659:INFO:RandomForestClassifier(bootstrap=True, ccp_alpha=0.0, class_weight=None,
                       criterion='gini', max_depth=None, max_features='sqrt',
                       max_leaf_nodes=None, max_samples=None,
                       min_impurity_decrease=0.0, min_samples_leaf=1,
                       min_samples_split=2, min_weight_fraction_leaf=0.0,
                       monotonic_cst=None, n_estimators=100, n_jobs=-1,
                       oob_score=False, random_state=12, verbose=0,
                       warm_start=False)
2026-02-01 23:09:07,659:INFO:create_model() successfully completed......................................
2026-02-01 23:09:07,772:INFO:SubProcess create_model() end ==================================
2026-02-01 23:09:07,772:INFO:Creating metrics dataframe
2026-02-01 23:09:07,780:INFO:Initializing Quadratic Discriminant Analysis
2026-02-01 23:09:07,780:INFO:Total runtime is 0.20937895774841309 minutes
2026-02-01 23:09:07,785:INFO:SubProcess create_model() called ==================================
2026-02-01 23:09:07,785:INFO:Initializing create_model()
2026-02-01 23:09:07,786:INFO:create_model(self=<pycaret.classification.oop.ClassificationExperiment object at 0x0000027B8AE03350>, estimator=qda, fold=StratifiedKFold(n_splits=10, random_state=None, shuffle=False), round=4, cross_validation=True, predict=True, fit_kwargs={}, groups=None, refit=False, probability_threshold=None, experiment_custom_tags=None, verbose=False, system=False, add_to_model_list=True, metrics=None, display=<pycaret.internal.display.display.CommonDisplay object at 0x0000027B8ADF7050>, model_only=True, return_train_score=False, error_score=0.0, kwargs={})
2026-02-01 23:09:07,786:INFO:Checking exceptions
2026-02-01 23:09:07,786:INFO:Importing libraries
2026-02-01 23:09:07,786:INFO:Copying training dataset
2026-02-01 23:09:07,790:INFO:Defining folds
2026-02-01 23:09:07,791:INFO:Declaring metric variables
2026-02-01 23:09:07,795:INFO:Importing untrained model
2026-02-01 23:09:07,799:INFO:Quadratic Discriminant Analysis Imported successfully
2026-02-01 23:09:07,806:INFO:Starting cross validation
2026-02-01 23:09:07,808:INFO:Cross validating with StratifiedKFold(n_splits=10, random_state=None, shuffle=False), n_jobs=-1
2026-02-01 23:09:07,942:WARNING:c:\Users\Shuvo\sleep_data_analysis_bracu\.venv\Lib\site-packages\sklearn\discriminant_analysis.py:935: UserWarning: Variables are collinear
  warnings.warn("Variables are collinear")

2026-02-01 23:09:07,942:WARNING:c:\Users\Shuvo\sleep_data_analysis_bracu\.venv\Lib\site-packages\sklearn\discriminant_analysis.py:935: UserWarning: Variables are collinear
  warnings.warn("Variables are collinear")

2026-02-01 23:09:07,942:WARNING:c:\Users\Shuvo\sleep_data_analysis_bracu\.venv\Lib\site-packages\sklearn\discriminant_analysis.py:935: UserWarning: Variables are collinear
  warnings.warn("Variables are collinear")

2026-02-01 23:09:07,942:WARNING:c:\Users\Shuvo\sleep_data_analysis_bracu\.venv\Lib\site-packages\sklearn\discriminant_analysis.py:935: UserWarning: Variables are collinear
  warnings.warn("Variables are collinear")

2026-02-01 23:09:07,942:WARNING:c:\Users\Shuvo\sleep_data_analysis_bracu\.venv\Lib\site-packages\sklearn\discriminant_analysis.py:935: UserWarning: Variables are collinear
  warnings.warn("Variables are collinear")

2026-02-01 23:09:07,946:WARNING:c:\Users\Shuvo\sleep_data_analysis_bracu\.venv\Lib\site-packages\sklearn\discriminant_analysis.py:935: UserWarning: Variables are collinear
  warnings.warn("Variables are collinear")

2026-02-01 23:09:07,997:WARNING:c:\Users\Shuvo\sleep_data_analysis_bracu\.venv\Lib\site-packages\pycaret\internal\metrics.py:204: FitFailedWarning: Metric 'make_scorer(roc_auc_score, response_method=('decision_function', 'predict_proba'), average=weighted, multi_class=ovr)' failed and error score 0.0 has been returned instead. If this is a custom metric, this usually means that the error is in the metric code. Full exception below:
Traceback (most recent call last):
  File "c:\Users\Shuvo\sleep_data_analysis_bracu\.venv\Lib\site-packages\pycaret\internal\metrics.py", line 196, in _score
    return super()._score(
           ^^^^^^^^^^^^^^^
  File "c:\Users\Shuvo\sleep_data_analysis_bracu\.venv\Lib\site-packages\sklearn\metrics\_scorer.py", line 350, in _score
    return self._sign * self._score_func(y_true, y_pred, **scoring_kwargs)
                        ^^^^^^^^^^^^^^^^^^^^^^^^^^^^^^^^^^^^^^^^^^^^^^^^^^
  File "c:\Users\Shuvo\sleep_data_analysis_bracu\.venv\Lib\site-packages\pycaret\internal\metrics.py", line 144, in __call__
    return self.score_func(y_true, y_pred, **kwargs)
           ^^^^^^^^^^^^^^^^^^^^^^^^^^^^^^^^^^^^^^^^^
  File "c:\Users\Shuvo\sleep_data_analysis_bracu\.venv\Lib\site-packages\sklearn\utils\_param_validation.py", line 213, in wrapper
    return func(*args, **kwargs)
           ^^^^^^^^^^^^^^^^^^^^^
  File "c:\Users\Shuvo\sleep_data_analysis_bracu\.venv\Lib\site-packages\sklearn\metrics\_ranking.py", line 634, in roc_auc_score
    return _multiclass_roc_auc_score(
           ^^^^^^^^^^^^^^^^^^^^^^^^^^
  File "c:\Users\Shuvo\sleep_data_analysis_bracu\.venv\Lib\site-packages\sklearn\metrics\_ranking.py", line 707, in _multiclass_roc_auc_score
    raise ValueError(
ValueError: Target scores need to be probabilities for multiclass roc_auc, i.e. they should sum up to 1.0 over classes

  warnings.warn(

2026-02-01 23:09:07,997:WARNING:c:\Users\Shuvo\sleep_data_analysis_bracu\.venv\Lib\site-packages\pycaret\internal\metrics.py:204: FitFailedWarning: Metric 'make_scorer(roc_auc_score, response_method=('decision_function', 'predict_proba'), average=weighted, multi_class=ovr)' failed and error score 0.0 has been returned instead. If this is a custom metric, this usually means that the error is in the metric code. Full exception below:
Traceback (most recent call last):
  File "c:\Users\Shuvo\sleep_data_analysis_bracu\.venv\Lib\site-packages\pycaret\internal\metrics.py", line 196, in _score
    return super()._score(
           ^^^^^^^^^^^^^^^
  File "c:\Users\Shuvo\sleep_data_analysis_bracu\.venv\Lib\site-packages\sklearn\metrics\_scorer.py", line 350, in _score
    return self._sign * self._score_func(y_true, y_pred, **scoring_kwargs)
                        ^^^^^^^^^^^^^^^^^^^^^^^^^^^^^^^^^^^^^^^^^^^^^^^^^^
  File "c:\Users\Shuvo\sleep_data_analysis_bracu\.venv\Lib\site-packages\pycaret\internal\metrics.py", line 144, in __call__
    return self.score_func(y_true, y_pred, **kwargs)
           ^^^^^^^^^^^^^^^^^^^^^^^^^^^^^^^^^^^^^^^^^
  File "c:\Users\Shuvo\sleep_data_analysis_bracu\.venv\Lib\site-packages\sklearn\utils\_param_validation.py", line 213, in wrapper
    return func(*args, **kwargs)
           ^^^^^^^^^^^^^^^^^^^^^
  File "c:\Users\Shuvo\sleep_data_analysis_bracu\.venv\Lib\site-packages\sklearn\metrics\_ranking.py", line 634, in roc_auc_score
    return _multiclass_roc_auc_score(
           ^^^^^^^^^^^^^^^^^^^^^^^^^^
  File "c:\Users\Shuvo\sleep_data_analysis_bracu\.venv\Lib\site-packages\sklearn\metrics\_ranking.py", line 707, in _multiclass_roc_auc_score
    raise ValueError(
ValueError: Target scores need to be probabilities for multiclass roc_auc, i.e. they should sum up to 1.0 over classes

  warnings.warn(

2026-02-01 23:09:07,997:WARNING:c:\Users\Shuvo\sleep_data_analysis_bracu\.venv\Lib\site-packages\pycaret\internal\metrics.py:204: FitFailedWarning: Metric 'make_scorer(roc_auc_score, response_method=('decision_function', 'predict_proba'), average=weighted, multi_class=ovr)' failed and error score 0.0 has been returned instead. If this is a custom metric, this usually means that the error is in the metric code. Full exception below:
Traceback (most recent call last):
  File "c:\Users\Shuvo\sleep_data_analysis_bracu\.venv\Lib\site-packages\pycaret\internal\metrics.py", line 196, in _score
    return super()._score(
           ^^^^^^^^^^^^^^^
  File "c:\Users\Shuvo\sleep_data_analysis_bracu\.venv\Lib\site-packages\sklearn\metrics\_scorer.py", line 350, in _score
    return self._sign * self._score_func(y_true, y_pred, **scoring_kwargs)
                        ^^^^^^^^^^^^^^^^^^^^^^^^^^^^^^^^^^^^^^^^^^^^^^^^^^
  File "c:\Users\Shuvo\sleep_data_analysis_bracu\.venv\Lib\site-packages\pycaret\internal\metrics.py", line 144, in __call__
    return self.score_func(y_true, y_pred, **kwargs)
           ^^^^^^^^^^^^^^^^^^^^^^^^^^^^^^^^^^^^^^^^^
  File "c:\Users\Shuvo\sleep_data_analysis_bracu\.venv\Lib\site-packages\sklearn\utils\_param_validation.py", line 213, in wrapper
    return func(*args, **kwargs)
           ^^^^^^^^^^^^^^^^^^^^^
  File "c:\Users\Shuvo\sleep_data_analysis_bracu\.venv\Lib\site-packages\sklearn\metrics\_ranking.py", line 634, in roc_auc_score
    return _multiclass_roc_auc_score(
           ^^^^^^^^^^^^^^^^^^^^^^^^^^
  File "c:\Users\Shuvo\sleep_data_analysis_bracu\.venv\Lib\site-packages\sklearn\metrics\_ranking.py", line 707, in _multiclass_roc_auc_score
    raise ValueError(
ValueError: Target scores need to be probabilities for multiclass roc_auc, i.e. they should sum up to 1.0 over classes

  warnings.warn(

2026-02-01 23:09:07,999:WARNING:c:\Users\Shuvo\sleep_data_analysis_bracu\.venv\Lib\site-packages\sklearn\metrics\_classification.py:1561: UserWarning: Note that pos_label (set to 'Sleep Apnea') is ignored when average != 'binary' (got 'weighted'). You may use labels=[pos_label] to specify a single positive class.
  warnings.warn(

2026-02-01 23:09:07,999:WARNING:c:\Users\Shuvo\sleep_data_analysis_bracu\.venv\Lib\site-packages\sklearn\metrics\_classification.py:1561: UserWarning: Note that pos_label (set to 'Sleep Apnea') is ignored when average != 'binary' (got 'weighted'). You may use labels=[pos_label] to specify a single positive class.
  warnings.warn(

2026-02-01 23:09:07,999:WARNING:c:\Users\Shuvo\sleep_data_analysis_bracu\.venv\Lib\site-packages\sklearn\metrics\_classification.py:1561: UserWarning: Note that pos_label (set to 'Sleep Apnea') is ignored when average != 'binary' (got 'weighted'). You may use labels=[pos_label] to specify a single positive class.
  warnings.warn(

2026-02-01 23:09:08,000:WARNING:c:\Users\Shuvo\sleep_data_analysis_bracu\.venv\Lib\site-packages\pycaret\internal\metrics.py:204: FitFailedWarning: Metric 'make_scorer(roc_auc_score, response_method=('decision_function', 'predict_proba'), average=weighted, multi_class=ovr)' failed and error score 0.0 has been returned instead. If this is a custom metric, this usually means that the error is in the metric code. Full exception below:
Traceback (most recent call last):
  File "c:\Users\Shuvo\sleep_data_analysis_bracu\.venv\Lib\site-packages\pycaret\internal\metrics.py", line 196, in _score
    return super()._score(
           ^^^^^^^^^^^^^^^
  File "c:\Users\Shuvo\sleep_data_analysis_bracu\.venv\Lib\site-packages\sklearn\metrics\_scorer.py", line 350, in _score
    return self._sign * self._score_func(y_true, y_pred, **scoring_kwargs)
                        ^^^^^^^^^^^^^^^^^^^^^^^^^^^^^^^^^^^^^^^^^^^^^^^^^^
  File "c:\Users\Shuvo\sleep_data_analysis_bracu\.venv\Lib\site-packages\pycaret\internal\metrics.py", line 144, in __call__
    return self.score_func(y_true, y_pred, **kwargs)
           ^^^^^^^^^^^^^^^^^^^^^^^^^^^^^^^^^^^^^^^^^
  File "c:\Users\Shuvo\sleep_data_analysis_bracu\.venv\Lib\site-packages\sklearn\utils\_param_validation.py", line 213, in wrapper
    return func(*args, **kwargs)
           ^^^^^^^^^^^^^^^^^^^^^
  File "c:\Users\Shuvo\sleep_data_analysis_bracu\.venv\Lib\site-packages\sklearn\metrics\_ranking.py", line 634, in roc_auc_score
    return _multiclass_roc_auc_score(
           ^^^^^^^^^^^^^^^^^^^^^^^^^^
  File "c:\Users\Shuvo\sleep_data_analysis_bracu\.venv\Lib\site-packages\sklearn\metrics\_ranking.py", line 707, in _multiclass_roc_auc_score
    raise ValueError(
ValueError: Target scores need to be probabilities for multiclass roc_auc, i.e. they should sum up to 1.0 over classes

  warnings.warn(

2026-02-01 23:09:08,000:WARNING:c:\Users\Shuvo\sleep_data_analysis_bracu\.venv\Lib\site-packages\pycaret\internal\metrics.py:204: FitFailedWarning: Metric 'make_scorer(roc_auc_score, response_method=('decision_function', 'predict_proba'), average=weighted, multi_class=ovr)' failed and error score 0.0 has been returned instead. If this is a custom metric, this usually means that the error is in the metric code. Full exception below:
Traceback (most recent call last):
  File "c:\Users\Shuvo\sleep_data_analysis_bracu\.venv\Lib\site-packages\pycaret\internal\metrics.py", line 196, in _score
    return super()._score(
           ^^^^^^^^^^^^^^^
  File "c:\Users\Shuvo\sleep_data_analysis_bracu\.venv\Lib\site-packages\sklearn\metrics\_scorer.py", line 350, in _score
    return self._sign * self._score_func(y_true, y_pred, **scoring_kwargs)
                        ^^^^^^^^^^^^^^^^^^^^^^^^^^^^^^^^^^^^^^^^^^^^^^^^^^
  File "c:\Users\Shuvo\sleep_data_analysis_bracu\.venv\Lib\site-packages\pycaret\internal\metrics.py", line 144, in __call__
    return self.score_func(y_true, y_pred, **kwargs)
           ^^^^^^^^^^^^^^^^^^^^^^^^^^^^^^^^^^^^^^^^^
  File "c:\Users\Shuvo\sleep_data_analysis_bracu\.venv\Lib\site-packages\sklearn\utils\_param_validation.py", line 213, in wrapper
    return func(*args, **kwargs)
           ^^^^^^^^^^^^^^^^^^^^^
  File "c:\Users\Shuvo\sleep_data_analysis_bracu\.venv\Lib\site-packages\sklearn\metrics\_ranking.py", line 634, in roc_auc_score
    return _multiclass_roc_auc_score(
           ^^^^^^^^^^^^^^^^^^^^^^^^^^
  File "c:\Users\Shuvo\sleep_data_analysis_bracu\.venv\Lib\site-packages\sklearn\metrics\_ranking.py", line 707, in _multiclass_roc_auc_score
    raise ValueError(
ValueError: Target scores need to be probabilities for multiclass roc_auc, i.e. they should sum up to 1.0 over classes

  warnings.warn(

2026-02-01 23:09:08,002:WARNING:c:\Users\Shuvo\sleep_data_analysis_bracu\.venv\Lib\site-packages\pycaret\internal\metrics.py:204: FitFailedWarning: Metric 'make_scorer(roc_auc_score, response_method=('decision_function', 'predict_proba'), average=weighted, multi_class=ovr)' failed and error score 0.0 has been returned instead. If this is a custom metric, this usually means that the error is in the metric code. Full exception below:
Traceback (most recent call last):
  File "c:\Users\Shuvo\sleep_data_analysis_bracu\.venv\Lib\site-packages\pycaret\internal\metrics.py", line 196, in _score
    return super()._score(
           ^^^^^^^^^^^^^^^
  File "c:\Users\Shuvo\sleep_data_analysis_bracu\.venv\Lib\site-packages\sklearn\metrics\_scorer.py", line 350, in _score
    return self._sign * self._score_func(y_true, y_pred, **scoring_kwargs)
                        ^^^^^^^^^^^^^^^^^^^^^^^^^^^^^^^^^^^^^^^^^^^^^^^^^^
  File "c:\Users\Shuvo\sleep_data_analysis_bracu\.venv\Lib\site-packages\pycaret\internal\metrics.py", line 144, in __call__
    return self.score_func(y_true, y_pred, **kwargs)
           ^^^^^^^^^^^^^^^^^^^^^^^^^^^^^^^^^^^^^^^^^
  File "c:\Users\Shuvo\sleep_data_analysis_bracu\.venv\Lib\site-packages\sklearn\utils\_param_validation.py", line 213, in wrapper
    return func(*args, **kwargs)
           ^^^^^^^^^^^^^^^^^^^^^
  File "c:\Users\Shuvo\sleep_data_analysis_bracu\.venv\Lib\site-packages\sklearn\metrics\_ranking.py", line 634, in roc_auc_score
    return _multiclass_roc_auc_score(
           ^^^^^^^^^^^^^^^^^^^^^^^^^^
  File "c:\Users\Shuvo\sleep_data_analysis_bracu\.venv\Lib\site-packages\sklearn\metrics\_ranking.py", line 707, in _multiclass_roc_auc_score
    raise ValueError(
ValueError: Target scores need to be probabilities for multiclass roc_auc, i.e. they should sum up to 1.0 over classes

  warnings.warn(

2026-02-01 23:09:08,002:WARNING:c:\Users\Shuvo\sleep_data_analysis_bracu\.venv\Lib\site-packages\sklearn\metrics\_classification.py:1561: UserWarning: Note that pos_label (set to 'Sleep Apnea') is ignored when average != 'binary' (got 'weighted'). You may use labels=[pos_label] to specify a single positive class.
  warnings.warn(

2026-02-01 23:09:08,002:WARNING:c:\Users\Shuvo\sleep_data_analysis_bracu\.venv\Lib\site-packages\sklearn\metrics\_classification.py:1561: UserWarning: Note that pos_label (set to 'Sleep Apnea') is ignored when average != 'binary' (got 'weighted'). You may use labels=[pos_label] to specify a single positive class.
  warnings.warn(

2026-02-01 23:09:08,003:WARNING:c:\Users\Shuvo\sleep_data_analysis_bracu\.venv\Lib\site-packages\sklearn\metrics\_classification.py:1561: UserWarning: Note that pos_label (set to 'Sleep Apnea') is ignored when average != 'binary' (got 'weighted'). You may use labels=[pos_label] to specify a single positive class.
  warnings.warn(

2026-02-01 23:09:08,003:WARNING:c:\Users\Shuvo\sleep_data_analysis_bracu\.venv\Lib\site-packages\pycaret\internal\metrics.py:204: FitFailedWarning: Metric 'make_scorer(roc_auc_score, response_method=('decision_function', 'predict_proba'), average=weighted, multi_class=ovr)' failed and error score 0.0 has been returned instead. If this is a custom metric, this usually means that the error is in the metric code. Full exception below:
Traceback (most recent call last):
  File "c:\Users\Shuvo\sleep_data_analysis_bracu\.venv\Lib\site-packages\pycaret\internal\metrics.py", line 196, in _score
    return super()._score(
           ^^^^^^^^^^^^^^^
  File "c:\Users\Shuvo\sleep_data_analysis_bracu\.venv\Lib\site-packages\sklearn\metrics\_scorer.py", line 350, in _score
    return self._sign * self._score_func(y_true, y_pred, **scoring_kwargs)
                        ^^^^^^^^^^^^^^^^^^^^^^^^^^^^^^^^^^^^^^^^^^^^^^^^^^
  File "c:\Users\Shuvo\sleep_data_analysis_bracu\.venv\Lib\site-packages\pycaret\internal\metrics.py", line 144, in __call__
    return self.score_func(y_true, y_pred, **kwargs)
           ^^^^^^^^^^^^^^^^^^^^^^^^^^^^^^^^^^^^^^^^^
  File "c:\Users\Shuvo\sleep_data_analysis_bracu\.venv\Lib\site-packages\sklearn\utils\_param_validation.py", line 213, in wrapper
    return func(*args, **kwargs)
           ^^^^^^^^^^^^^^^^^^^^^
  File "c:\Users\Shuvo\sleep_data_analysis_bracu\.venv\Lib\site-packages\sklearn\metrics\_ranking.py", line 634, in roc_auc_score
    return _multiclass_roc_auc_score(
           ^^^^^^^^^^^^^^^^^^^^^^^^^^
  File "c:\Users\Shuvo\sleep_data_analysis_bracu\.venv\Lib\site-packages\sklearn\metrics\_ranking.py", line 707, in _multiclass_roc_auc_score
    raise ValueError(
ValueError: Target scores need to be probabilities for multiclass roc_auc, i.e. they should sum up to 1.0 over classes

  warnings.warn(

2026-02-01 23:09:08,003:WARNING:c:\Users\Shuvo\sleep_data_analysis_bracu\.venv\Lib\site-packages\sklearn\metrics\_classification.py:1561: UserWarning: Note that pos_label (set to 'Sleep Apnea') is ignored when average != 'binary' (got 'weighted'). You may use labels=[pos_label] to specify a single positive class.
  warnings.warn(

2026-02-01 23:09:08,003:WARNING:c:\Users\Shuvo\sleep_data_analysis_bracu\.venv\Lib\site-packages\sklearn\metrics\_classification.py:1561: UserWarning: Note that pos_label (set to 'Sleep Apnea') is ignored when average != 'binary' (got 'weighted'). You may use labels=[pos_label] to specify a single positive class.
  warnings.warn(

2026-02-01 23:09:08,004:WARNING:c:\Users\Shuvo\sleep_data_analysis_bracu\.venv\Lib\site-packages\sklearn\metrics\_classification.py:1561: UserWarning: Note that pos_label (set to 'Sleep Apnea') is ignored when average != 'binary' (got 'weighted'). You may use labels=[pos_label] to specify a single positive class.
  warnings.warn(

 is a custom metric, this usually means that the error is in the metric code. Full exception below:
Traceback (most recent call last):
  File "c:\Users\Shuvo\sleep_data_analysis_bracu\.venv\Lib\site-packages\pycaret\internal\metrics.py", line 196, in _score
    return super()._score(
           ^^^^^^^^^^^^^^^
  File "c:\Users\Shuvo\sleep_data_analysis_bracu\.venv\Lib\site-packages\sklearn\metrics\_scorer.py", line 350, in _score
    return self._sign * self._score_func(y_true, y_pred, **scoring_kwargs)
                        ^^^^^^^^^^^^^^^^^^^^^^^^^^^^^^^^^^^^^^^^^^^^^^^^^^
  File "c:\Users\Shuvo\sleep_data_analysis_bracu\.venv\Lib\site-packages\pycaret\internal\metrics.py", line 144, in __call__
    return self.score_func(y_true, y_pred, **kwargs)
           ^^^^^^^^^^^^^^^^^^^^^^^^^^^^^^^^^^^^^^^^^
  File "c:\Users\Shuvo\sleep_data_analysis_bracu\.venv\Lib\site-packages\sklearn\utils\_param_validation.py", line 213, in wrapper
    return func(*args, **kwargs)
           ^^^^^^^^^^^^^^^^^^^^^
  File "c:\Users\Shuvo\sleep_data_analysis_bracu\.venv\Lib\site-packages\sklearn\metrics\_ranking.py", line 634, in roc_auc_score
    return _multiclass_roc_auc_score(
           ^^^^^^^^^^^^^^^^^^^^^^^^^^
  File "c:\Users\Shuvo\sleep_data_analysis_bracu\.venv\Lib\site-packages\sklearn\metrics\_ranking.py", line 707, in _multiclass_roc_auc_score
    raise ValueError(
ValueError: Target scores need to be probabilities for multiclass roc_auc, i.e. they should sum up to 1.0 over classes

  warnings.warn(

2026-02-01 23:09:08,006:WARNING:c:\Users\Shuvo\sleep_data_analysis_bracu\.venv\Lib\site-packages\sklearn\metrics\_classification.py:1561: UserWarning: Note that pos_label (set to 'Sleep Apnea') is ignored when average != 'binary' (got 'weighted'). You may use labels=[pos_label] to specify a single positive class.
  warnings.warn(

 is a custom metric, this usually means that the error is in the metric code. Full exception below:
Traceback (most recent call last):
  File "c:\Users\Shuvo\sleep_data_analysis_bracu\.venv\Lib\site-packages\pycaret\internal\metrics.py", line 196, in _score
    return super()._score(
           ^^^^^^^^^^^^^^^
  File "c:\Users\Shuvo\sleep_data_analysis_bracu\.venv\Lib\site-packages\sklearn\metrics\_scorer.py", line 350, in _score
    return self._sign * self._score_func(y_true, y_pred, **scoring_kwargs)
                        ^^^^^^^^^^^^^^^^^^^^^^^^^^^^^^^^^^^^^^^^^^^^^^^^^^
  File "c:\Users\Shuvo\sleep_data_analysis_bracu\.venv\Lib\site-packages\pycaret\internal\metrics.py", line 144, in __call__
    return self.score_func(y_true, y_pred, **kwargs)
           ^^^^^^^^^^^^^^^^^^^^^^^^^^^^^^^^^^^^^^^^^
  File "c:\Users\Shuvo\sleep_data_analysis_bracu\.venv\Lib\site-packages\sklearn\utils\_param_validation.py", line 213, in wrapper
    return func(*args, **kwargs)
           ^^^^^^^^^^^^^^^^^^^^^
  File "c:\Users\Shuvo\sleep_data_analysis_bracu\.venv\Lib\site-packages\sklearn\metrics\_ranking.py", line 634, in roc_auc_score
    return _multiclass_roc_auc_score(
           ^^^^^^^^^^^^^^^^^^^^^^^^^^
  File "c:\Users\Shuvo\sleep_data_analysis_bracu\.venv\Lib\site-packages\sklearn\metrics\_ranking.py", line 707, in _multiclass_roc_auc_score
    raise ValueError(
ValueError: Target scores need to be probabilities for multiclass roc_auc, i.e. they should sum up to 1.0 over classes

  warnings.warn(

2026-02-01 23:09:08,006:WARNING:c:\Users\Shuvo\sleep_data_analysis_bracu\.venv\Lib\site-packages\sklearn\metrics\_classification.py:1561: UserWarning: Note that pos_label (set to 'Sleep Apnea') is ignored when average != 'binary' (got 'weighted'). You may use labels=[pos_label] to specify a single positive class.
  warnings.warn(

2026-02-01 23:09:08,007:WARNING:c:\Users\Shuvo\sleep_data_analysis_bracu\.venv\Lib\site-packages\sklearn\metrics\_classification.py:1561: UserWarning: Note that pos_label (set to 'Sleep Apnea') is ignored when average != 'binary' (got 'weighted'). You may use labels=[pos_label] to specify a single positive class.
  warnings.warn(

2026-02-01 23:09:08,007:WARNING:c:\Users\Shuvo\sleep_data_analysis_bracu\.venv\Lib\site-packages\sklearn\metrics\_classification.py:1561: UserWarning: Note that pos_label (set to 'Sleep Apnea') is ignored when average != 'binary' (got 'weighted'). You may use labels=[pos_label] to specify a single positive class.
  warnings.warn(

2026-02-01 23:09:08,007:WARNING:c:\Users\Shuvo\sleep_data_analysis_bracu\.venv\Lib\site-packages\sklearn\metrics\_classification.py:1561: UserWarning: Note that pos_label (set to 'Sleep Apnea') is ignored when average != 'binary' (got 'weighted'). You may use labels=[pos_label] to specify a single positive class.
  warnings.warn(

2026-02-01 23:09:08,007:WARNING:c:\Users\Shuvo\sleep_data_analysis_bracu\.venv\Lib\site-packages\sklearn\metrics\_classification.py:1561: UserWarning: Note that pos_label (set to 'Sleep Apnea') is ignored when average != 'binary' (got 'weighted'). You may use labels=[pos_label] to specify a single positive class.
  warnings.warn(

2026-02-01 23:09:08,007:WARNING:c:\Users\Shuvo\sleep_data_analysis_bracu\.venv\Lib\site-packages\sklearn\metrics\_classification.py:1561: UserWarning: Note that pos_label (set to 'Sleep Apnea') is ignored when average != 'binary' (got 'weighted'). You may use labels=[pos_label] to specify a single positive class.
  warnings.warn(

2026-02-01 23:09:08,008:WARNING:c:\Users\Shuvo\sleep_data_analysis_bracu\.venv\Lib\site-packages\sklearn\metrics\_classification.py:1561: UserWarning: Note that pos_label (set to 'Sleep Apnea') is ignored when average != 'binary' (got 'weighted'). You may use labels=[pos_label] to specify a single positive class.
  warnings.warn(

2026-02-01 23:09:08,008:WARNING:c:\Users\Shuvo\sleep_data_analysis_bracu\.venv\Lib\site-packages\sklearn\metrics\_classification.py:1561: UserWarning: Note that pos_label (set to 'Sleep Apnea') is ignored when average != 'binary' (got 'weighted'). You may use labels=[pos_label] to specify a single positive class.
  warnings.warn(

2026-02-01 23:09:08,009:WARNING:c:\Users\Shuvo\sleep_data_analysis_bracu\.venv\Lib\site-packages\sklearn\metrics\_classification.py:1561: UserWarning: Note that pos_label (set to 'Sleep Apnea') is ignored when average != 'binary' (got 'weighted'). You may use labels=[pos_label] to specify a single positive class.
  warnings.warn(

2026-02-01 23:09:08,009:WARNING:c:\Users\Shuvo\sleep_data_analysis_bracu\.venv\Lib\site-packages\sklearn\metrics\_classification.py:1561: UserWarning: Note that pos_label (set to 'Sleep Apnea') is ignored when average != 'binary' (got 'weighted'). You may use labels=[pos_label] to specify a single positive class.
  warnings.warn(

2026-02-01 23:09:08,009:WARNING:c:\Users\Shuvo\sleep_data_analysis_bracu\.venv\Lib\site-packages\sklearn\metrics\_classification.py:1561: UserWarning: Note that pos_label (set to 'Sleep Apnea') is ignored when average != 'binary' (got 'weighted'). You may use labels=[pos_label] to specify a single positive class.
  warnings.warn(

2026-02-01 23:09:08,010:WARNING:c:\Users\Shuvo\sleep_data_analysis_bracu\.venv\Lib\site-packages\sklearn\metrics\_classification.py:1561: UserWarning: Note that pos_label (set to 'Sleep Apnea') is ignored when average != 'binary' (got 'weighted'). You may use labels=[pos_label] to specify a single positive class.
  warnings.warn(

2026-02-01 23:09:08,012:WARNING:c:\Users\Shuvo\sleep_data_analysis_bracu\.venv\Lib\site-packages\sklearn\metrics\_classification.py:1561: UserWarning: Note that pos_label (set to 'Sleep Apnea') is ignored when average != 'binary' (got 'weighted'). You may use labels=[pos_label] to specify a single positive class.
  warnings.warn(

2026-02-01 23:09:08,013:WARNING:c:\Users\Shuvo\sleep_data_analysis_bracu\.venv\Lib\site-packages\sklearn\metrics\_classification.py:1561: UserWarning: Note that pos_label (set to 'Sleep Apnea') is ignored when average != 'binary' (got 'weighted'). You may use labels=[pos_label] to specify a single positive class.
  warnings.warn(

2026-02-01 23:09:08,013:WARNING:c:\Users\Shuvo\sleep_data_analysis_bracu\.venv\Lib\site-packages\sklearn\metrics\_classification.py:1561: UserWarning: Note that pos_label (set to 'Sleep Apnea') is ignored when average != 'binary' (got 'weighted'). You may use labels=[pos_label] to specify a single positive class.
  warnings.warn(

2026-02-01 23:09:08,013:WARNING:c:\Users\Shuvo\sleep_data_analysis_bracu\.venv\Lib\site-packages\sklearn\metrics\_classification.py:1561: UserWarning: Note that pos_label (set to 'Sleep Apnea') is ignored when average != 'binary' (got 'weighted'). You may use labels=[pos_label] to specify a single positive class.
  warnings.warn(

2026-02-01 23:09:08,015:WARNING:c:\Users\Shuvo\sleep_data_analysis_bracu\.venv\Lib\site-packages\sklearn\metrics\_classification.py:1561: UserWarning: Note that pos_label (set to 'Sleep Apnea') is ignored when average != 'binary' (got 'weighted'). You may use labels=[pos_label] to specify a single positive class.
  warnings.warn(

2026-02-01 23:09:08,028:INFO:Calculating mean and std
2026-02-01 23:09:08,030:INFO:Creating metrics dataframe
2026-02-01 23:09:08,033:INFO:Uploading results into container
2026-02-01 23:09:08,034:INFO:Uploading model into container now
2026-02-01 23:09:08,035:INFO:_master_model_container: 8
2026-02-01 23:09:08,035:INFO:_display_container: 2
2026-02-01 23:09:08,036:INFO:QuadraticDiscriminantAnalysis(priors=None, reg_param=0.0,
                              store_covariance=False, tol=0.0001)
2026-02-01 23:09:08,036:INFO:create_model() successfully completed......................................
2026-02-01 23:09:08,161:INFO:SubProcess create_model() end ==================================
2026-02-01 23:09:08,161:INFO:Creating metrics dataframe
2026-02-01 23:09:08,169:INFO:Initializing Ada Boost Classifier
2026-02-01 23:09:08,169:INFO:Total runtime is 0.21585344870885212 minutes
2026-02-01 23:09:08,173:INFO:SubProcess create_model() called ==================================
2026-02-01 23:09:08,174:INFO:Initializing create_model()
2026-02-01 23:09:08,174:INFO:create_model(self=<pycaret.classification.oop.ClassificationExperiment object at 0x0000027B8AE03350>, estimator=ada, fold=StratifiedKFold(n_splits=10, random_state=None, shuffle=False), round=4, cross_validation=True, predict=True, fit_kwargs={}, groups=None, refit=False, probability_threshold=None, experiment_custom_tags=None, verbose=False, system=False, add_to_model_list=True, metrics=None, display=<pycaret.internal.display.display.CommonDisplay object at 0x0000027B8ADF7050>, model_only=True, return_train_score=False, error_score=0.0, kwargs={})
2026-02-01 23:09:08,174:INFO:Checking exceptions
2026-02-01 23:09:08,174:INFO:Importing libraries
2026-02-01 23:09:08,174:INFO:Copying training dataset
2026-02-01 23:09:08,178:INFO:Defining folds
2026-02-01 23:09:08,178:INFO:Declaring metric variables
2026-02-01 23:09:08,183:INFO:Importing untrained model
2026-02-01 23:09:08,188:INFO:Ada Boost Classifier Imported successfully
2026-02-01 23:09:08,194:INFO:Starting cross validation
2026-02-01 23:09:08,197:INFO:Cross validating with StratifiedKFold(n_splits=10, random_state=None, shuffle=False), n_jobs=-1
2026-02-01 23:09:08,319:WARNING:c:\Users\Shuvo\sleep_data_analysis_bracu\.venv\Lib\site-packages\sklearn\ensemble\_weight_boosting.py:519: FutureWarning: The SAMME.R algorithm (the default) is deprecated and will be removed in 1.6. Use the SAMME algorithm to circumvent this warning.
  warnings.warn(

2026-02-01 23:09:08,322:WARNING:c:\Users\Shuvo\sleep_data_analysis_bracu\.venv\Lib\site-packages\sklearn\ensemble\_weight_boosting.py:519: FutureWarning: The SAMME.R algorithm (the default) is deprecated and will be removed in 1.6. Use the SAMME algorithm to circumvent this warning.
  warnings.warn(

2026-02-01 23:09:08,323:WARNING:c:\Users\Shuvo\sleep_data_analysis_bracu\.venv\Lib\site-packages\sklearn\ensemble\_weight_boosting.py:519: FutureWarning: The SAMME.R algorithm (the default) is deprecated and will be removed in 1.6. Use the SAMME algorithm to circumvent this warning.
  warnings.warn(

2026-02-01 23:09:08,324:WARNING:c:\Users\Shuvo\sleep_data_analysis_bracu\.venv\Lib\site-packages\sklearn\ensemble\_weight_boosting.py:519: FutureWarning: The SAMME.R algorithm (the default) is deprecated and will be removed in 1.6. Use the SAMME algorithm to circumvent this warning.
  warnings.warn(

2026-02-01 23:09:08,327:WARNING:c:\Users\Shuvo\sleep_data_analysis_bracu\.venv\Lib\site-packages\sklearn\ensemble\_weight_boosting.py:519: FutureWarning: The SAMME.R algorithm (the default) is deprecated and will be removed in 1.6. Use the SAMME algorithm to circumvent this warning.
  warnings.warn(

2026-02-01 23:09:08,328:WARNING:c:\Users\Shuvo\sleep_data_analysis_bracu\.venv\Lib\site-packages\sklearn\ensemble\_weight_boosting.py:519: FutureWarning: The SAMME.R algorithm (the default) is deprecated and will be removed in 1.6. Use the SAMME algorithm to circumvent this warning.
  warnings.warn(

2026-02-01 23:09:08,331:WARNING:c:\Users\Shuvo\sleep_data_analysis_bracu\.venv\Lib\site-packages\sklearn\ensemble\_weight_boosting.py:519: FutureWarning: The SAMME.R algorithm (the default) is deprecated and will be removed in 1.6. Use the SAMME algorithm to circumvent this warning.
  warnings.warn(

2026-02-01 23:09:08,339:WARNING:c:\Users\Shuvo\sleep_data_analysis_bracu\.venv\Lib\site-packages\sklearn\ensemble\_weight_boosting.py:519: FutureWarning: The SAMME.R algorithm (the default) is deprecated and will be removed in 1.6. Use the SAMME algorithm to circumvent this warning.
  warnings.warn(

2026-02-01 23:09:08,342:WARNING:c:\Users\Shuvo\sleep_data_analysis_bracu\.venv\Lib\site-packages\sklearn\ensemble\_weight_boosting.py:519: FutureWarning: The SAMME.R algorithm (the default) is deprecated and will be removed in 1.6. Use the SAMME algorithm to circumvent this warning.
  warnings.warn(

2026-02-01 23:09:08,343:WARNING:c:\Users\Shuvo\sleep_data_analysis_bracu\.venv\Lib\site-packages\sklearn\ensemble\_weight_boosting.py:519: FutureWarning: The SAMME.R algorithm (the default) is deprecated and will be removed in 1.6. Use the SAMME algorithm to circumvent this warning.
  warnings.warn(

2026-02-01 23:09:08,505:WARNING:c:\Users\Shuvo\sleep_data_analysis_bracu\.venv\Lib\site-packages\pycaret\internal\metrics.py:204: FitFailedWarning: Metric 'make_scorer(roc_auc_score, response_method=('decision_function', 'predict_proba'), average=weighted, multi_class=ovr)' failed and error score 0.0 has been returned instead. If this is a custom metric, this usually means that the error is in the metric code. Full exception below:
Traceback (most recent call last):
  File "c:\Users\Shuvo\sleep_data_analysis_bracu\.venv\Lib\site-packages\pycaret\internal\metrics.py", line 196, in _score
    return super()._score(
           ^^^^^^^^^^^^^^^
  File "c:\Users\Shuvo\sleep_data_analysis_bracu\.venv\Lib\site-packages\sklearn\metrics\_scorer.py", line 350, in _score
    return self._sign * self._score_func(y_true, y_pred, **scoring_kwargs)
                        ^^^^^^^^^^^^^^^^^^^^^^^^^^^^^^^^^^^^^^^^^^^^^^^^^^
  File "c:\Users\Shuvo\sleep_data_analysis_bracu\.venv\Lib\site-packages\pycaret\internal\metrics.py", line 144, in __call__
    return self.score_func(y_true, y_pred, **kwargs)
           ^^^^^^^^^^^^^^^^^^^^^^^^^^^^^^^^^^^^^^^^^
  File "c:\Users\Shuvo\sleep_data_analysis_bracu\.venv\Lib\site-packages\sklearn\utils\_param_validation.py", line 213, in wrapper
    return func(*args, **kwargs)
           ^^^^^^^^^^^^^^^^^^^^^
  File "c:\Users\Shuvo\sleep_data_analysis_bracu\.venv\Lib\site-packages\sklearn\metrics\_ranking.py", line 634, in roc_auc_score
    return _multiclass_roc_auc_score(
           ^^^^^^^^^^^^^^^^^^^^^^^^^^
  File "c:\Users\Shuvo\sleep_data_analysis_bracu\.venv\Lib\site-packages\sklearn\metrics\_ranking.py", line 707, in _multiclass_roc_auc_score
    raise ValueError(
ValueError: Target scores need to be probabilities for multiclass roc_auc, i.e. they should sum up to 1.0 over classes

  warnings.warn(

2026-02-01 23:09:08,508:WARNING:c:\Users\Shuvo\sleep_data_analysis_bracu\.venv\Lib\site-packages\sklearn\metrics\_classification.py:1561: UserWarning: Note that pos_label (set to 'Sleep Apnea') is ignored when average != 'binary' (got 'weighted'). You may use labels=[pos_label] to specify a single positive class.
  warnings.warn(

2026-02-01 23:09:08,508:WARNING:c:\Users\Shuvo\sleep_data_analysis_bracu\.venv\Lib\site-packages\pycaret\internal\metrics.py:204: FitFailedWarning: Metric 'make_scorer(roc_auc_score, response_method=('decision_function', 'predict_proba'), average=weighted, multi_class=ovr)' failed and error score 0.0 has been returned instead. If this is a custom metric, this usually means that the error is in the metric code. Full exception below:
Traceback (most recent call last):
  File "c:\Users\Shuvo\sleep_data_analysis_bracu\.venv\Lib\site-packages\pycaret\internal\metrics.py", line 196, in _score
    return super()._score(
           ^^^^^^^^^^^^^^^
  File "c:\Users\Shuvo\sleep_data_analysis_bracu\.venv\Lib\site-packages\sklearn\metrics\_scorer.py", line 350, in _score
    return self._sign * self._score_func(y_true, y_pred, **scoring_kwargs)
                        ^^^^^^^^^^^^^^^^^^^^^^^^^^^^^^^^^^^^^^^^^^^^^^^^^^
  File "c:\Users\Shuvo\sleep_data_analysis_bracu\.venv\Lib\site-packages\pycaret\internal\metrics.py", line 144, in __call__
    return self.score_func(y_true, y_pred, **kwargs)
           ^^^^^^^^^^^^^^^^^^^^^^^^^^^^^^^^^^^^^^^^^
  File "c:\Users\Shuvo\sleep_data_analysis_bracu\.venv\Lib\site-packages\sklearn\utils\_param_validation.py", line 213, in wrapper
    return func(*args, **kwargs)
           ^^^^^^^^^^^^^^^^^^^^^
  File "c:\Users\Shuvo\sleep_data_analysis_bracu\.venv\Lib\site-packages\sklearn\metrics\_ranking.py", line 634, in roc_auc_score
    return _multiclass_roc_auc_score(
           ^^^^^^^^^^^^^^^^^^^^^^^^^^
  File "c:\Users\Shuvo\sleep_data_analysis_bracu\.venv\Lib\site-packages\sklearn\metrics\_ranking.py", line 707, in _multiclass_roc_auc_score
    raise ValueError(
ValueError: Target scores need to be probabilities for multiclass roc_auc, i.e. they should sum up to 1.0 over classes

  warnings.warn(

2026-02-01 23:09:08,510:WARNING:c:\Users\Shuvo\sleep_data_analysis_bracu\.venv\Lib\site-packages\sklearn\metrics\_classification.py:1561: UserWarning: Note that pos_label (set to 'Sleep Apnea') is ignored when average != 'binary' (got 'weighted'). You may use labels=[pos_label] to specify a single positive class.
  warnings.warn(

2026-02-01 23:09:08,510:WARNING:c:\Users\Shuvo\sleep_data_analysis_bracu\.venv\Lib\site-packages\pycaret\internal\metrics.py:204: FitFailedWarning: Metric 'make_scorer(roc_auc_score, response_method=('decision_function', 'predict_proba'), average=weighted, multi_class=ovr)' failed and error score 0.0 has been returned instead. If this is a custom metric, this usually means that the error is in the metric code. Full exception below:
Traceback (most recent call last):
  File "c:\Users\Shuvo\sleep_data_analysis_bracu\.venv\Lib\site-packages\pycaret\internal\metrics.py", line 196, in _score
    return super()._score(
           ^^^^^^^^^^^^^^^
  File "c:\Users\Shuvo\sleep_data_analysis_bracu\.venv\Lib\site-packages\sklearn\metrics\_scorer.py", line 350, in _score
    return self._sign * self._score_func(y_true, y_pred, **scoring_kwargs)
                        ^^^^^^^^^^^^^^^^^^^^^^^^^^^^^^^^^^^^^^^^^^^^^^^^^^
  File "c:\Users\Shuvo\sleep_data_analysis_bracu\.venv\Lib\site-packages\pycaret\internal\metrics.py", line 144, in __call__
    return self.score_func(y_true, y_pred, **kwargs)
           ^^^^^^^^^^^^^^^^^^^^^^^^^^^^^^^^^^^^^^^^^
  File "c:\Users\Shuvo\sleep_data_analysis_bracu\.venv\Lib\site-packages\sklearn\utils\_param_validation.py", line 213, in wrapper
    return func(*args, **kwargs)
           ^^^^^^^^^^^^^^^^^^^^^
  File "c:\Users\Shuvo\sleep_data_analysis_bracu\.venv\Lib\site-packages\sklearn\metrics\_ranking.py", line 634, in roc_auc_score
    return _multiclass_roc_auc_score(
           ^^^^^^^^^^^^^^^^^^^^^^^^^^
  File "c:\Users\Shuvo\sleep_data_analysis_bracu\.venv\Lib\site-packages\sklearn\metrics\_ranking.py", line 707, in _multiclass_roc_auc_score
    raise ValueError(
ValueError: Target scores need to be probabilities for multiclass roc_auc, i.e. they should sum up to 1.0 over classes

  warnings.warn(

2026-02-01 23:09:08,511:WARNING:c:\Users\Shuvo\sleep_data_analysis_bracu\.venv\Lib\site-packages\pycaret\internal\metrics.py:204: FitFailedWarning: Metric 'make_scorer(roc_auc_score, response_method=('decision_function', 'predict_proba'), average=weighted, multi_class=ovr)' failed and error score 0.0 has been returned instead. If this is a custom metric, this usually means that the error is in the metric code. Full exception below:
Traceback (most recent call last):
  File "c:\Users\Shuvo\sleep_data_analysis_bracu\.venv\Lib\site-packages\pycaret\internal\metrics.py", line 196, in _score
    return super()._score(
           ^^^^^^^^^^^^^^^
  File "c:\Users\Shuvo\sleep_data_analysis_bracu\.venv\Lib\site-packages\sklearn\metrics\_scorer.py", line 350, in _score
    return self._sign * self._score_func(y_true, y_pred, **scoring_kwargs)
                        ^^^^^^^^^^^^^^^^^^^^^^^^^^^^^^^^^^^^^^^^^^^^^^^^^^
  File "c:\Users\Shuvo\sleep_data_analysis_bracu\.venv\Lib\site-packages\pycaret\internal\metrics.py", line 144, in __call__
    return self.score_func(y_true, y_pred, **kwargs)
           ^^^^^^^^^^^^^^^^^^^^^^^^^^^^^^^^^^^^^^^^^
  File "c:\Users\Shuvo\sleep_data_analysis_bracu\.venv\Lib\site-packages\sklearn\utils\_param_validation.py", line 213, in wrapper
    return func(*args, **kwargs)
           ^^^^^^^^^^^^^^^^^^^^^
  File "c:\Users\Shuvo\sleep_data_analysis_bracu\.venv\Lib\site-packages\sklearn\metrics\_ranking.py", line 634, in roc_auc_score
    return _multiclass_roc_auc_score(
           ^^^^^^^^^^^^^^^^^^^^^^^^^^
  File "c:\Users\Shuvo\sleep_data_analysis_bracu\.venv\Lib\site-packages\sklearn\metrics\_ranking.py", line 707, in _multiclass_roc_auc_score
    raise ValueError(
ValueError: Target scores need to be probabilities for multiclass roc_auc, i.e. they should sum up to 1.0 over classes

  warnings.warn(

2026-02-01 23:09:08,511:WARNING:c:\Users\Shuvo\sleep_data_analysis_bracu\.venv\Lib\site-packages\pycaret\internal\metrics.py:204: FitFailedWarning: Metric 'make_scorer(roc_auc_score, response_method=('decision_function', 'predict_proba'), average=weighted, multi_class=ovr)' failed and error score 0.0 has been returned instead. If this is a custom metric, this usually means that the error is in the metric code. Full exception below:
Traceback (most recent call last):
  File "c:\Users\Shuvo\sleep_data_analysis_bracu\.venv\Lib\site-packages\pycaret\internal\metrics.py", line 196, in _score
    return super()._score(
           ^^^^^^^^^^^^^^^
  File "c:\Users\Shuvo\sleep_data_analysis_bracu\.venv\Lib\site-packages\sklearn\metrics\_scorer.py", line 350, in _score
    return self._sign * self._score_func(y_true, y_pred, **scoring_kwargs)
                        ^^^^^^^^^^^^^^^^^^^^^^^^^^^^^^^^^^^^^^^^^^^^^^^^^^
  File "c:\Users\Shuvo\sleep_data_analysis_bracu\.venv\Lib\site-packages\pycaret\internal\metrics.py", line 144, in __call__
    return self.score_func(y_true, y_pred, **kwargs)
           ^^^^^^^^^^^^^^^^^^^^^^^^^^^^^^^^^^^^^^^^^
  File "c:\Users\Shuvo\sleep_data_analysis_bracu\.venv\Lib\site-packages\sklearn\utils\_param_validation.py", line 213, in wrapper
    return func(*args, **kwargs)
           ^^^^^^^^^^^^^^^^^^^^^
  File "c:\Users\Shuvo\sleep_data_analysis_bracu\.venv\Lib\site-packages\sklearn\metrics\_ranking.py", line 634, in roc_auc_score
    return _multiclass_roc_auc_score(
           ^^^^^^^^^^^^^^^^^^^^^^^^^^
  File "c:\Users\Shuvo\sleep_data_analysis_bracu\.venv\Lib\site-packages\sklearn\metrics\_ranking.py", line 707, in _multiclass_roc_auc_score
    raise ValueError(
ValueError: Target scores need to be probabilities for multiclass roc_auc, i.e. they should sum up to 1.0 over classes

  warnings.warn(

2026-02-01 23:09:08,512:WARNING:c:\Users\Shuvo\sleep_data_analysis_bracu\.venv\Lib\site-packages\sklearn\metrics\_classification.py:1561: UserWarning: Note that pos_label (set to 'Sleep Apnea') is ignored when average != 'binary' (got 'weighted'). You may use labels=[pos_label] to specify a single positive class.
  warnings.warn(

 is a custom metric, this usually means that the error is in the metric code. Full exception below:
Traceback (most recent call last):
  File "c:\Users\Shuvo\sleep_data_analysis_bracu\.venv\Lib\site-packages\pycaret\internal\metrics.py", line 196, in _score
    return super()._score(
           ^^^^^^^^^^^^^^^
  File "c:\Users\Shuvo\sleep_data_analysis_bracu\.venv\Lib\site-packages\sklearn\metrics\_scorer.py", line 350, in _score
    return self._sign * self._score_func(y_true, y_pred, **scoring_kwargs)
                        ^^^^^^^^^^^^^^^^^^^^^^^^^^^^^^^^^^^^^^^^^^^^^^^^^^
  File "c:\Users\Shuvo\sleep_data_analysis_bracu\.venv\Lib\site-packages\pycaret\internal\metrics.py", line 144, in __call__
    return self.score_func(y_true, y_pred, **kwargs)
           ^^^^^^^^^^^^^^^^^^^^^^^^^^^^^^^^^^^^^^^^^
  File "c:\Users\Shuvo\sleep_data_analysis_bracu\.venv\Lib\site-packages\sklearn\utils\_param_validation.py", line 213, in wrapper
    return func(*args, **kwargs)
           ^^^^^^^^^^^^^^^^^^^^^
  File "c:\Users\Shuvo\sleep_data_analysis_bracu\.venv\Lib\site-packages\sklearn\metrics\_ranking.py", line 634, in roc_auc_score
    return _multiclass_roc_auc_score(
           ^^^^^^^^^^^^^^^^^^^^^^^^^^
  File "c:\Users\Shuvo\sleep_data_analysis_bracu\.venv\Lib\site-packages\sklearn\metrics\_ranking.py", line 707, in _multiclass_roc_auc_score
    raise ValueError(
ValueError: Target scores need to be probabilities for multiclass roc_auc, i.e. they should sum up to 1.0 over classes

  warnings.warn(

2026-02-01 23:09:08,512:WARNING:c:\Users\Shuvo\sleep_data_analysis_bracu\.venv\Lib\site-packages\sklearn\metrics\_classification.py:1561: UserWarning: Note that pos_label (set to 'Sleep Apnea') is ignored when average != 'binary' (got 'weighted'). You may use labels=[pos_label] to specify a single positive class.
  warnings.warn(

2026-02-01 23:09:08,512:WARNING:c:\Users\Shuvo\sleep_data_analysis_bracu\.venv\Lib\site-packages\sklearn\metrics\_classification.py:1561: UserWarning: Note that pos_label (set to 'Sleep Apnea') is ignored when average != 'binary' (got 'weighted'). You may use labels=[pos_label] to specify a single positive class.
  warnings.warn(

2026-02-01 23:09:08,513:WARNING:c:\Users\Shuvo\sleep_data_analysis_bracu\.venv\Lib\site-packages\sklearn\metrics\_classification.py:1561: UserWarning: Note that pos_label (set to 'Sleep Apnea') is ignored when average != 'binary' (got 'weighted'). You may use labels=[pos_label] to specify a single positive class.
  warnings.warn(

2026-02-01 23:09:08,513:WARNING:c:\Users\Shuvo\sleep_data_analysis_bracu\.venv\Lib\site-packages\sklearn\metrics\_classification.py:1561: UserWarning: Note that pos_label (set to 'Sleep Apnea') is ignored when average != 'binary' (got 'weighted'). You may use labels=[pos_label] to specify a single positive class.
  warnings.warn(

2026-02-01 23:09:08,514:WARNING:c:\Users\Shuvo\sleep_data_analysis_bracu\.venv\Lib\site-packages\sklearn\metrics\_classification.py:1561: UserWarning: Note that pos_label (set to 'Sleep Apnea') is ignored when average != 'binary' (got 'weighted'). You may use labels=[pos_label] to specify a single positive class.
  warnings.warn(

2026-02-01 23:09:08,516:WARNING:c:\Users\Shuvo\sleep_data_analysis_bracu\.venv\Lib\site-packages\sklearn\metrics\_classification.py:1561: UserWarning: Note that pos_label (set to 'Sleep Apnea') is ignored when average != 'binary' (got 'weighted'). You may use labels=[pos_label] to specify a single positive class.
  warnings.warn(

2026-02-01 23:09:08,516:WARNING:c:\Users\Shuvo\sleep_data_analysis_bracu\.venv\Lib\site-packages\sklearn\metrics\_classification.py:1561: UserWarning: Note that pos_label (set to 'Sleep Apnea') is ignored when average != 'binary' (got 'weighted'). You may use labels=[pos_label] to specify a single positive class.
  warnings.warn(

2026-02-01 23:09:08,517:WARNING:c:\Users\Shuvo\sleep_data_analysis_bracu\.venv\Lib\site-packages\sklearn\metrics\_classification.py:1561: UserWarning: Note that pos_label (set to 'Sleep Apnea') is ignored when average != 'binary' (got 'weighted'). You may use labels=[pos_label] to specify a single positive class.
  warnings.warn(

2026-02-01 23:09:08,517:WARNING:c:\Users\Shuvo\sleep_data_analysis_bracu\.venv\Lib\site-packages\sklearn\metrics\_classification.py:1561: UserWarning: Note that pos_label (set to 'Sleep Apnea') is ignored when average != 'binary' (got 'weighted'). You may use labels=[pos_label] to specify a single positive class.
  warnings.warn(

2026-02-01 23:09:08,518:WARNING:c:\Users\Shuvo\sleep_data_analysis_bracu\.venv\Lib\site-packages\sklearn\metrics\_classification.py:1561: UserWarning: Note that pos_label (set to 'Sleep Apnea') is ignored when average != 'binary' (got 'weighted'). You may use labels=[pos_label] to specify a single positive class.
  warnings.warn(

2026-02-01 23:09:08,519:WARNING:c:\Users\Shuvo\sleep_data_analysis_bracu\.venv\Lib\site-packages\pycaret\internal\metrics.py:204: FitFailedWarning: Metric 'make_scorer(roc_auc_score, response_method=('decision_function', 'predict_proba'), average=weighted, multi_class=ovr)' failed and error score 0.0 has been returned instead. If this is a custom metric, this usually means that the error is in the metric code. Full exception below:
Traceback (most recent call last):
  File "c:\Users\Shuvo\sleep_data_analysis_bracu\.venv\Lib\site-packages\pycaret\internal\metrics.py", line 196, in _score
    return super()._score(
           ^^^^^^^^^^^^^^^
  File "c:\Users\Shuvo\sleep_data_analysis_bracu\.venv\Lib\site-packages\sklearn\metrics\_scorer.py", line 350, in _score
    return self._sign * self._score_func(y_true, y_pred, **scoring_kwargs)
                        ^^^^^^^^^^^^^^^^^^^^^^^^^^^^^^^^^^^^^^^^^^^^^^^^^^
  File "c:\Users\Shuvo\sleep_data_analysis_bracu\.venv\Lib\site-packages\pycaret\internal\metrics.py", line 144, in __call__
    return self.score_func(y_true, y_pred, **kwargs)
           ^^^^^^^^^^^^^^^^^^^^^^^^^^^^^^^^^^^^^^^^^
  File "c:\Users\Shuvo\sleep_data_analysis_bracu\.venv\Lib\site-packages\sklearn\utils\_param_validation.py", line 213, in wrapper
    return func(*args, **kwargs)
           ^^^^^^^^^^^^^^^^^^^^^
  File "c:\Users\Shuvo\sleep_data_analysis_bracu\.venv\Lib\site-packages\sklearn\metrics\_ranking.py", line 634, in roc_auc_score
    return _multiclass_roc_auc_score(
           ^^^^^^^^^^^^^^^^^^^^^^^^^^
  File "c:\Users\Shuvo\sleep_data_analysis_bracu\.venv\Lib\site-packages\sklearn\metrics\_ranking.py", line 707, in _multiclass_roc_auc_score
    raise ValueError(
ValueError: Target scores need to be probabilities for multiclass roc_auc, i.e. they should sum up to 1.0 over classes

  warnings.warn(

2026-02-01 23:09:08,520:WARNING:c:\Users\Shuvo\sleep_data_analysis_bracu\.venv\Lib\site-packages\sklearn\metrics\_classification.py:1561: UserWarning: Note that pos_label (set to 'Sleep Apnea') is ignored when average != 'binary' (got 'weighted'). You may use labels=[pos_label] to specify a single positive class.
  warnings.warn(

2026-02-01 23:09:08,521:WARNING:c:\Users\Shuvo\sleep_data_analysis_bracu\.venv\Lib\site-packages\sklearn\metrics\_classification.py:1561: UserWarning: Note that pos_label (set to 'Sleep Apnea') is ignored when average != 'binary' (got 'weighted'). You may use labels=[pos_label] to specify a single positive class.
  warnings.warn(

2026-02-01 23:09:08,522:WARNING:c:\Users\Shuvo\sleep_data_analysis_bracu\.venv\Lib\site-packages\sklearn\metrics\_classification.py:1561: UserWarning: Note that pos_label (set to 'Sleep Apnea') is ignored when average != 'binary' (got 'weighted'). You may use labels=[pos_label] to specify a single positive class.
  warnings.warn(

2026-02-01 23:09:08,523:WARNING:c:\Users\Shuvo\sleep_data_analysis_bracu\.venv\Lib\site-packages\sklearn\metrics\_classification.py:1561: UserWarning: Note that pos_label (set to 'Sleep Apnea') is ignored when average != 'binary' (got 'weighted'). You may use labels=[pos_label] to specify a single positive class.
  warnings.warn(

2026-02-01 23:09:08,526:WARNING:c:\Users\Shuvo\sleep_data_analysis_bracu\.venv\Lib\site-packages\sklearn\metrics\_classification.py:1561: UserWarning: Note that pos_label (set to 'Sleep Apnea') is ignored when average != 'binary' (got 'weighted'). You may use labels=[pos_label] to specify a single positive class.
  warnings.warn(

2026-02-01 23:09:08,530:WARNING:c:\Users\Shuvo\sleep_data_analysis_bracu\.venv\Lib\site-packages\sklearn\metrics\_classification.py:1561: UserWarning: Note that pos_label (set to 'Sleep Apnea') is ignored when average != 'binary' (got 'weighted'). You may use labels=[pos_label] to specify a single positive class.
  warnings.warn(

2026-02-01 23:09:08,536:WARNING:c:\Users\Shuvo\sleep_data_analysis_bracu\.venv\Lib\site-packages\pycaret\internal\metrics.py:204: FitFailedWarning: Metric 'make_scorer(roc_auc_score, response_method=('decision_function', 'predict_proba'), average=weighted, multi_class=ovr)' failed and error score 0.0 has been returned instead. If this is a custom metric, this usually means that the error is in the metric code. Full exception below:
Traceback (most recent call last):
  File "c:\Users\Shuvo\sleep_data_analysis_bracu\.venv\Lib\site-packages\pycaret\internal\metrics.py", line 196, in _score
    return super()._score(
           ^^^^^^^^^^^^^^^
  File "c:\Users\Shuvo\sleep_data_analysis_bracu\.venv\Lib\site-packages\sklearn\metrics\_scorer.py", line 350, in _score
    return self._sign * self._score_func(y_true, y_pred, **scoring_kwargs)
                        ^^^^^^^^^^^^^^^^^^^^^^^^^^^^^^^^^^^^^^^^^^^^^^^^^^
  File "c:\Users\Shuvo\sleep_data_analysis_bracu\.venv\Lib\site-packages\pycaret\internal\metrics.py", line 144, in __call__
    return self.score_func(y_true, y_pred, **kwargs)
           ^^^^^^^^^^^^^^^^^^^^^^^^^^^^^^^^^^^^^^^^^
  File "c:\Users\Shuvo\sleep_data_analysis_bracu\.venv\Lib\site-packages\sklearn\utils\_param_validation.py", line 213, in wrapper
    return func(*args, **kwargs)
           ^^^^^^^^^^^^^^^^^^^^^
  File "c:\Users\Shuvo\sleep_data_analysis_bracu\.venv\Lib\site-packages\sklearn\metrics\_ranking.py", line 634, in roc_auc_score
    return _multiclass_roc_auc_score(
           ^^^^^^^^^^^^^^^^^^^^^^^^^^
  File "c:\Users\Shuvo\sleep_data_analysis_bracu\.venv\Lib\site-packages\sklearn\metrics\_ranking.py", line 707, in _multiclass_roc_auc_score
    raise ValueError(
ValueError: Target scores need to be probabilities for multiclass roc_auc, i.e. they should sum up to 1.0 over classes

  warnings.warn(

2026-02-01 23:09:08,539:WARNING:c:\Users\Shuvo\sleep_data_analysis_bracu\.venv\Lib\site-packages\sklearn\metrics\_classification.py:1561: UserWarning: Note that pos_label (set to 'Sleep Apnea') is ignored when average != 'binary' (got 'weighted'). You may use labels=[pos_label] to specify a single positive class.
  warnings.warn(

2026-02-01 23:09:08,541:WARNING:c:\Users\Shuvo\sleep_data_analysis_bracu\.venv\Lib\site-packages\pycaret\internal\metrics.py:204: FitFailedWarning: Metric 'make_scorer(roc_auc_score, response_method=('decision_function', 'predict_proba'), average=weighted, multi_class=ovr)' failed and error score 0.0 has been returned instead. If this is a custom metric, this usually means that the error is in the metric code. Full exception below:
Traceback (most recent call last):
  File "c:\Users\Shuvo\sleep_data_analysis_bracu\.venv\Lib\site-packages\pycaret\internal\metrics.py", line 196, in _score
    return super()._score(
           ^^^^^^^^^^^^^^^
  File "c:\Users\Shuvo\sleep_data_analysis_bracu\.venv\Lib\site-packages\sklearn\metrics\_scorer.py", line 350, in _score
    return self._sign * self._score_func(y_true, y_pred, **scoring_kwargs)
                        ^^^^^^^^^^^^^^^^^^^^^^^^^^^^^^^^^^^^^^^^^^^^^^^^^^
  File "c:\Users\Shuvo\sleep_data_analysis_bracu\.venv\Lib\site-packages\pycaret\internal\metrics.py", line 144, in __call__
    return self.score_func(y_true, y_pred, **kwargs)
           ^^^^^^^^^^^^^^^^^^^^^^^^^^^^^^^^^^^^^^^^^
  File "c:\Users\Shuvo\sleep_data_analysis_bracu\.venv\Lib\site-packages\sklearn\utils\_param_validation.py", line 213, in wrapper
    return func(*args, **kwargs)
           ^^^^^^^^^^^^^^^^^^^^^
  File "c:\Users\Shuvo\sleep_data_analysis_bracu\.venv\Lib\site-packages\sklearn\metrics\_ranking.py", line 634, in roc_auc_score
    return _multiclass_roc_auc_score(
           ^^^^^^^^^^^^^^^^^^^^^^^^^^
  File "c:\Users\Shuvo\sleep_data_analysis_bracu\.venv\Lib\site-packages\sklearn\metrics\_ranking.py", line 707, in _multiclass_roc_auc_score
    raise ValueError(
ValueError: Target scores need to be probabilities for multiclass roc_auc, i.e. they should sum up to 1.0 over classes

  warnings.warn(

2026-02-01 23:09:08,542:WARNING:c:\Users\Shuvo\sleep_data_analysis_bracu\.venv\Lib\site-packages\sklearn\metrics\_classification.py:1561: UserWarning: Note that pos_label (set to 'Sleep Apnea') is ignored when average != 'binary' (got 'weighted'). You may use labels=[pos_label] to specify a single positive class.
  warnings.warn(

2026-02-01 23:09:08,543:WARNING:c:\Users\Shuvo\sleep_data_analysis_bracu\.venv\Lib\site-packages\sklearn\metrics\_classification.py:1561: UserWarning: Note that pos_label (set to 'Sleep Apnea') is ignored when average != 'binary' (got 'weighted'). You may use labels=[pos_label] to specify a single positive class.
  warnings.warn(

2026-02-01 23:09:08,545:WARNING:c:\Users\Shuvo\sleep_data_analysis_bracu\.venv\Lib\site-packages\sklearn\metrics\_classification.py:1561: UserWarning: Note that pos_label (set to 'Sleep Apnea') is ignored when average != 'binary' (got 'weighted'). You may use labels=[pos_label] to specify a single positive class.
  warnings.warn(

2026-02-01 23:09:08,547:WARNING:c:\Users\Shuvo\sleep_data_analysis_bracu\.venv\Lib\site-packages\sklearn\metrics\_classification.py:1561: UserWarning: Note that pos_label (set to 'Sleep Apnea') is ignored when average != 'binary' (got 'weighted'). You may use labels=[pos_label] to specify a single positive class.
  warnings.warn(

2026-02-01 23:09:08,547:WARNING:c:\Users\Shuvo\sleep_data_analysis_bracu\.venv\Lib\site-packages\sklearn\metrics\_classification.py:1561: UserWarning: Note that pos_label (set to 'Sleep Apnea') is ignored when average != 'binary' (got 'weighted'). You may use labels=[pos_label] to specify a single positive class.
  warnings.warn(

2026-02-01 23:09:08,550:WARNING:c:\Users\Shuvo\sleep_data_analysis_bracu\.venv\Lib\site-packages\pycaret\internal\metrics.py:204: FitFailedWarning: Metric 'make_scorer(roc_auc_score, response_method=('decision_function', 'predict_proba'), average=weighted, multi_class=ovr)' failed and error score 0.0 has been returned instead. If this is a custom metric, this usually means that the error is in the metric code. Full exception below:
Traceback (most recent call last):
  File "c:\Users\Shuvo\sleep_data_analysis_bracu\.venv\Lib\site-packages\pycaret\internal\metrics.py", line 196, in _score
    return super()._score(
           ^^^^^^^^^^^^^^^
  File "c:\Users\Shuvo\sleep_data_analysis_bracu\.venv\Lib\site-packages\sklearn\metrics\_scorer.py", line 350, in _score
    return self._sign * self._score_func(y_true, y_pred, **scoring_kwargs)
                        ^^^^^^^^^^^^^^^^^^^^^^^^^^^^^^^^^^^^^^^^^^^^^^^^^^
  File "c:\Users\Shuvo\sleep_data_analysis_bracu\.venv\Lib\site-packages\pycaret\internal\metrics.py", line 144, in __call__
    return self.score_func(y_true, y_pred, **kwargs)
           ^^^^^^^^^^^^^^^^^^^^^^^^^^^^^^^^^^^^^^^^^
  File "c:\Users\Shuvo\sleep_data_analysis_bracu\.venv\Lib\site-packages\sklearn\utils\_param_validation.py", line 213, in wrapper
    return func(*args, **kwargs)
           ^^^^^^^^^^^^^^^^^^^^^
  File "c:\Users\Shuvo\sleep_data_analysis_bracu\.venv\Lib\site-packages\sklearn\metrics\_ranking.py", line 634, in roc_auc_score
    return _multiclass_roc_auc_score(
           ^^^^^^^^^^^^^^^^^^^^^^^^^^
  File "c:\Users\Shuvo\sleep_data_analysis_bracu\.venv\Lib\site-packages\sklearn\metrics\_ranking.py", line 707, in _multiclass_roc_auc_score
    raise ValueError(
ValueError: Target scores need to be probabilities for multiclass roc_auc, i.e. they should sum up to 1.0 over classes

  warnings.warn(

2026-02-01 23:09:08,552:WARNING:c:\Users\Shuvo\sleep_data_analysis_bracu\.venv\Lib\site-packages\sklearn\metrics\_classification.py:1561: UserWarning: Note that pos_label (set to 'Sleep Apnea') is ignored when average != 'binary' (got 'weighted'). You may use labels=[pos_label] to specify a single positive class.
  warnings.warn(

2026-02-01 23:09:08,554:WARNING:c:\Users\Shuvo\sleep_data_analysis_bracu\.venv\Lib\site-packages\sklearn\metrics\_classification.py:1561: UserWarning: Note that pos_label (set to 'Sleep Apnea') is ignored when average != 'binary' (got 'weighted'). You may use labels=[pos_label] to specify a single positive class.
  warnings.warn(

2026-02-01 23:09:08,556:WARNING:c:\Users\Shuvo\sleep_data_analysis_bracu\.venv\Lib\site-packages\sklearn\metrics\_classification.py:1561: UserWarning: Note that pos_label (set to 'Sleep Apnea') is ignored when average != 'binary' (got 'weighted'). You may use labels=[pos_label] to specify a single positive class.
  warnings.warn(

2026-02-01 23:09:08,568:INFO:Calculating mean and std
2026-02-01 23:09:08,569:INFO:Creating metrics dataframe
2026-02-01 23:09:08,571:INFO:Uploading results into container
2026-02-01 23:09:08,572:INFO:Uploading model into container now
2026-02-01 23:09:08,573:INFO:_master_model_container: 9
2026-02-01 23:09:08,573:INFO:_display_container: 2
2026-02-01 23:09:08,574:INFO:AdaBoostClassifier(algorithm='SAMME.R', estimator=None, learning_rate=1.0,
                   n_estimators=50, random_state=12)
2026-02-01 23:09:08,574:INFO:create_model() successfully completed......................................
2026-02-01 23:09:08,684:INFO:SubProcess create_model() end ==================================
2026-02-01 23:09:08,684:INFO:Creating metrics dataframe
2026-02-01 23:09:08,691:INFO:Initializing Gradient Boosting Classifier
2026-02-01 23:09:08,692:INFO:Total runtime is 0.22456815242767333 minutes
2026-02-01 23:09:08,695:INFO:SubProcess create_model() called ==================================
2026-02-01 23:09:08,696:INFO:Initializing create_model()
2026-02-01 23:09:08,696:INFO:create_model(self=<pycaret.classification.oop.ClassificationExperiment object at 0x0000027B8AE03350>, estimator=gbc, fold=StratifiedKFold(n_splits=10, random_state=None, shuffle=False), round=4, cross_validation=True, predict=True, fit_kwargs={}, groups=None, refit=False, probability_threshold=None, experiment_custom_tags=None, verbose=False, system=False, add_to_model_list=True, metrics=None, display=<pycaret.internal.display.display.CommonDisplay object at 0x0000027B8ADF7050>, model_only=True, return_train_score=False, error_score=0.0, kwargs={})
2026-02-01 23:09:08,696:INFO:Checking exceptions
2026-02-01 23:09:08,696:INFO:Importing libraries
2026-02-01 23:09:08,696:INFO:Copying training dataset
2026-02-01 23:09:08,702:INFO:Defining folds
2026-02-01 23:09:08,702:INFO:Declaring metric variables
2026-02-01 23:09:08,706:INFO:Importing untrained model
2026-02-01 23:09:08,710:INFO:Gradient Boosting Classifier Imported successfully
2026-02-01 23:09:08,718:INFO:Starting cross validation
2026-02-01 23:09:08,720:INFO:Cross validating with StratifiedKFold(n_splits=10, random_state=None, shuffle=False), n_jobs=-1
2026-02-01 23:09:09,375:WARNING:c:\Users\Shuvo\sleep_data_analysis_bracu\.venv\Lib\site-packages\pycaret\internal\metrics.py:204: FitFailedWarning: Metric 'make_scorer(roc_auc_score, response_method=('decision_function', 'predict_proba'), average=weighted, multi_class=ovr)' failed and error score 0.0 has been returned instead. If this is a custom metric, this usually means that the error is in the metric code. Full exception below:
Traceback (most recent call last):
  File "c:\Users\Shuvo\sleep_data_analysis_bracu\.venv\Lib\site-packages\pycaret\internal\metrics.py", line 196, in _score
    return super()._score(
           ^^^^^^^^^^^^^^^
  File "c:\Users\Shuvo\sleep_data_analysis_bracu\.venv\Lib\site-packages\sklearn\metrics\_scorer.py", line 350, in _score
    return self._sign * self._score_func(y_true, y_pred, **scoring_kwargs)
                        ^^^^^^^^^^^^^^^^^^^^^^^^^^^^^^^^^^^^^^^^^^^^^^^^^^
  File "c:\Users\Shuvo\sleep_data_analysis_bracu\.venv\Lib\site-packages\pycaret\internal\metrics.py", line 144, in __call__
    return self.score_func(y_true, y_pred, **kwargs)
           ^^^^^^^^^^^^^^^^^^^^^^^^^^^^^^^^^^^^^^^^^
  File "c:\Users\Shuvo\sleep_data_analysis_bracu\.venv\Lib\site-packages\sklearn\utils\_param_validation.py", line 213, in wrapper
    return func(*args, **kwargs)
           ^^^^^^^^^^^^^^^^^^^^^
  File "c:\Users\Shuvo\sleep_data_analysis_bracu\.venv\Lib\site-packages\sklearn\metrics\_ranking.py", line 634, in roc_auc_score
    return _multiclass_roc_auc_score(
           ^^^^^^^^^^^^^^^^^^^^^^^^^^
  File "c:\Users\Shuvo\sleep_data_analysis_bracu\.venv\Lib\site-packages\sklearn\metrics\_ranking.py", line 707, in _multiclass_roc_auc_score
    raise ValueError(
ValueError: Target scores need to be probabilities for multiclass roc_auc, i.e. they should sum up to 1.0 over classes

  warnings.warn(

2026-02-01 23:09:09,376:WARNING:c:\Users\Shuvo\sleep_data_analysis_bracu\.venv\Lib\site-packages\pycaret\internal\metrics.py:204: FitFailedWarning: Metric 'make_scorer(roc_auc_score, response_method=('decision_function', 'predict_proba'), average=weighted, multi_class=ovr)' failed and error score 0.0 has been returned instead. If this is a custom metric, this usually means that the error is in the metric code. Full exception below:
Traceback (most recent call last):
  File "c:\Users\Shuvo\sleep_data_analysis_bracu\.venv\Lib\site-packages\pycaret\internal\metrics.py", line 196, in _score
    return super()._score(
           ^^^^^^^^^^^^^^^
  File "c:\Users\Shuvo\sleep_data_analysis_bracu\.venv\Lib\site-packages\sklearn\metrics\_scorer.py", line 350, in _score
    return self._sign * self._score_func(y_true, y_pred, **scoring_kwargs)
                        ^^^^^^^^^^^^^^^^^^^^^^^^^^^^^^^^^^^^^^^^^^^^^^^^^^
  File "c:\Users\Shuvo\sleep_data_analysis_bracu\.venv\Lib\site-packages\pycaret\internal\metrics.py", line 144, in __call__
    return self.score_func(y_true, y_pred, **kwargs)
           ^^^^^^^^^^^^^^^^^^^^^^^^^^^^^^^^^^^^^^^^^
  File "c:\Users\Shuvo\sleep_data_analysis_bracu\.venv\Lib\site-packages\sklearn\utils\_param_validation.py", line 213, in wrapper
    return func(*args, **kwargs)
           ^^^^^^^^^^^^^^^^^^^^^
  File "c:\Users\Shuvo\sleep_data_analysis_bracu\.venv\Lib\site-packages\sklearn\metrics\_ranking.py", line 634, in roc_auc_score
    return _multiclass_roc_auc_score(
           ^^^^^^^^^^^^^^^^^^^^^^^^^^
  File "c:\Users\Shuvo\sleep_data_analysis_bracu\.venv\Lib\site-packages\sklearn\metrics\_ranking.py", line 707, in _multiclass_roc_auc_score
    raise ValueError(
ValueError: Target scores need to be probabilities for multiclass roc_auc, i.e. they should sum up to 1.0 over classes

  warnings.warn(

2026-02-01 23:09:09,377:WARNING:c:\Users\Shuvo\sleep_data_analysis_bracu\.venv\Lib\site-packages\sklearn\metrics\_classification.py:1561: UserWarning: Note that pos_label (set to 'Sleep Apnea') is ignored when average != 'binary' (got 'weighted'). You may use labels=[pos_label] to specify a single positive class.
  warnings.warn(

2026-02-01 23:09:09,378:WARNING:c:\Users\Shuvo\sleep_data_analysis_bracu\.venv\Lib\site-packages\sklearn\metrics\_classification.py:1561: UserWarning: Note that pos_label (set to 'Sleep Apnea') is ignored when average != 'binary' (got 'weighted'). You may use labels=[pos_label] to specify a single positive class.
  warnings.warn(

2026-02-01 23:09:09,378:WARNING:c:\Users\Shuvo\sleep_data_analysis_bracu\.venv\Lib\site-packages\pycaret\internal\metrics.py:204: FitFailedWarning: Metric 'make_scorer(roc_auc_score, response_method=('decision_function', 'predict_proba'), average=weighted, multi_class=ovr)' failed and error score 0.0 has been returned instead. If this is a custom metric, this usually means that the error is in the metric code. Full exception below:
Traceback (most recent call last):
  File "c:\Users\Shuvo\sleep_data_analysis_bracu\.venv\Lib\site-packages\pycaret\internal\metrics.py", line 196, in _score
    return super()._score(
           ^^^^^^^^^^^^^^^
  File "c:\Users\Shuvo\sleep_data_analysis_bracu\.venv\Lib\site-packages\sklearn\metrics\_scorer.py", line 350, in _score
    return self._sign * self._score_func(y_true, y_pred, **scoring_kwargs)
                        ^^^^^^^^^^^^^^^^^^^^^^^^^^^^^^^^^^^^^^^^^^^^^^^^^^
  File "c:\Users\Shuvo\sleep_data_analysis_bracu\.venv\Lib\site-packages\pycaret\internal\metrics.py", line 144, in __call__
    return self.score_func(y_true, y_pred, **kwargs)
           ^^^^^^^^^^^^^^^^^^^^^^^^^^^^^^^^^^^^^^^^^
  File "c:\Users\Shuvo\sleep_data_analysis_bracu\.venv\Lib\site-packages\sklearn\utils\_param_validation.py", line 213, in wrapper
    return func(*args, **kwargs)
           ^^^^^^^^^^^^^^^^^^^^^
  File "c:\Users\Shuvo\sleep_data_analysis_bracu\.venv\Lib\site-packages\sklearn\metrics\_ranking.py", line 634, in roc_auc_score
    return _multiclass_roc_auc_score(
           ^^^^^^^^^^^^^^^^^^^^^^^^^^
  File "c:\Users\Shuvo\sleep_data_analysis_bracu\.venv\Lib\site-packages\sklearn\metrics\_ranking.py", line 707, in _multiclass_roc_auc_score
    raise ValueError(
ValueError: Target scores need to be probabilities for multiclass roc_auc, i.e. they should sum up to 1.0 over classes

  warnings.warn(

2026-02-01 23:09:09,378:WARNING:c:\Users\Shuvo\sleep_data_analysis_bracu\.venv\Lib\site-packages\pycaret\internal\metrics.py:204: FitFailedWarning: Metric 'make_scorer(roc_auc_score, response_method=('decision_function', 'predict_proba'), average=weighted, multi_class=ovr)' failed and error score 0.0 has been returned instead. If this is a custom metric, this usually means that the error is in the metric code. Full exception below:
Traceback (most recent call last):
  File "c:\Users\Shuvo\sleep_data_analysis_bracu\.venv\Lib\site-packages\pycaret\internal\metrics.py", line 196, in _score
    return super()._score(
           ^^^^^^^^^^^^^^^
  File "c:\Users\Shuvo\sleep_data_analysis_bracu\.venv\Lib\site-packages\sklearn\metrics\_scorer.py", line 350, in _score
    return self._sign * self._score_func(y_true, y_pred, **scoring_kwargs)
                        ^^^^^^^^^^^^^^^^^^^^^^^^^^^^^^^^^^^^^^^^^^^^^^^^^^
  File "c:\Users\Shuvo\sleep_data_analysis_bracu\.venv\Lib\site-packages\pycaret\internal\metrics.py", line 144, in __call__
    return self.score_func(y_true, y_pred, **kwargs)
           ^^^^^^^^^^^^^^^^^^^^^^^^^^^^^^^^^^^^^^^^^
  File "c:\Users\Shuvo\sleep_data_analysis_bracu\.venv\Lib\site-packages\sklearn\utils\_param_validation.py", line 213, in wrapper
    return func(*args, **kwargs)
           ^^^^^^^^^^^^^^^^^^^^^
  File "c:\Users\Shuvo\sleep_data_analysis_bracu\.venv\Lib\site-packages\sklearn\metrics\_ranking.py", line 634, in roc_auc_score
    return _multiclass_roc_auc_score(
           ^^^^^^^^^^^^^^^^^^^^^^^^^^
  File "c:\Users\Shuvo\sleep_data_analysis_bracu\.venv\Lib\site-packages\sklearn\metrics\_ranking.py", line 707, in _multiclass_roc_auc_score
    raise ValueError(
ValueError: Target scores need to be probabilities for multiclass roc_auc, i.e. they should sum up to 1.0 over classes

  warnings.warn(

2026-02-01 23:09:09,380:WARNING:c:\Users\Shuvo\sleep_data_analysis_bracu\.venv\Lib\site-packages\sklearn\metrics\_classification.py:1561: UserWarning: Note that pos_label (set to 'Sleep Apnea') is ignored when average != 'binary' (got 'weighted'). You may use labels=[pos_label] to specify a single positive class.
  warnings.warn(

2026-02-01 23:09:09,380:WARNING:c:\Users\Shuvo\sleep_data_analysis_bracu\.venv\Lib\site-packages\sklearn\metrics\_classification.py:1561: UserWarning: Note that pos_label (set to 'Sleep Apnea') is ignored when average != 'binary' (got 'weighted'). You may use labels=[pos_label] to specify a single positive class.
  warnings.warn(

2026-02-01 23:09:09,380:WARNING:c:\Users\Shuvo\sleep_data_analysis_bracu\.venv\Lib\site-packages\sklearn\metrics\_classification.py:1561: UserWarning: Note that pos_label (set to 'Sleep Apnea') is ignored when average != 'binary' (got 'weighted'). You may use labels=[pos_label] to specify a single positive class.
  warnings.warn(

2026-02-01 23:09:09,381:WARNING:c:\Users\Shuvo\sleep_data_analysis_bracu\.venv\Lib\site-packages\sklearn\metrics\_classification.py:1561: UserWarning: Note that pos_label (set to 'Sleep Apnea') is ignored when average != 'binary' (got 'weighted'). You may use labels=[pos_label] to specify a single positive class.
  warnings.warn(

2026-02-01 23:09:09,383:WARNING:c:\Users\Shuvo\sleep_data_analysis_bracu\.venv\Lib\site-packages\sklearn\metrics\_classification.py:1561: UserWarning: Note that pos_label (set to 'Sleep Apnea') is ignored when average != 'binary' (got 'weighted'). You may use labels=[pos_label] to specify a single positive class.
  warnings.warn(

2026-02-01 23:09:09,384:WARNING:c:\Users\Shuvo\sleep_data_analysis_bracu\.venv\Lib\site-packages\sklearn\metrics\_classification.py:1561: UserWarning: Note that pos_label (set to 'Sleep Apnea') is ignored when average != 'binary' (got 'weighted'). You may use labels=[pos_label] to specify a single positive class.
  warnings.warn(

2026-02-01 23:09:09,384:WARNING:c:\Users\Shuvo\sleep_data_analysis_bracu\.venv\Lib\site-packages\sklearn\metrics\_classification.py:1561: UserWarning: Note that pos_label (set to 'Sleep Apnea') is ignored when average != 'binary' (got 'weighted'). You may use labels=[pos_label] to specify a single positive class.
  warnings.warn(

2026-02-01 23:09:09,385:WARNING:c:\Users\Shuvo\sleep_data_analysis_bracu\.venv\Lib\site-packages\sklearn\metrics\_classification.py:1561: UserWarning: Note that pos_label (set to 'Sleep Apnea') is ignored when average != 'binary' (got 'weighted'). You may use labels=[pos_label] to specify a single positive class.
  warnings.warn(

2026-02-01 23:09:09,386:WARNING:c:\Users\Shuvo\sleep_data_analysis_bracu\.venv\Lib\site-packages\pycaret\internal\metrics.py:204: FitFailedWarning: Metric 'make_scorer(roc_auc_score, response_method=('decision_function', 'predict_proba'), average=weighted, multi_class=ovr)' failed and error score 0.0 has been returned instead. If this is a custom metric, this usually means that the error is in the metric code. Full exception below:
Traceback (most recent call last):
  File "c:\Users\Shuvo\sleep_data_analysis_bracu\.venv\Lib\site-packages\pycaret\internal\metrics.py", line 196, in _score
    return super()._score(
           ^^^^^^^^^^^^^^^
  File "c:\Users\Shuvo\sleep_data_analysis_bracu\.venv\Lib\site-packages\sklearn\metrics\_scorer.py", line 350, in _score
    return self._sign * self._score_func(y_true, y_pred, **scoring_kwargs)
                        ^^^^^^^^^^^^^^^^^^^^^^^^^^^^^^^^^^^^^^^^^^^^^^^^^^
  File "c:\Users\Shuvo\sleep_data_analysis_bracu\.venv\Lib\site-packages\pycaret\internal\metrics.py", line 144, in __call__
    return self.score_func(y_true, y_pred, **kwargs)
           ^^^^^^^^^^^^^^^^^^^^^^^^^^^^^^^^^^^^^^^^^
  File "c:\Users\Shuvo\sleep_data_analysis_bracu\.venv\Lib\site-packages\sklearn\utils\_param_validation.py", line 213, in wrapper
    return func(*args, **kwargs)
           ^^^^^^^^^^^^^^^^^^^^^
  File "c:\Users\Shuvo\sleep_data_analysis_bracu\.venv\Lib\site-packages\sklearn\metrics\_ranking.py", line 634, in roc_auc_score
    return _multiclass_roc_auc_score(
           ^^^^^^^^^^^^^^^^^^^^^^^^^^
  File "c:\Users\Shuvo\sleep_data_analysis_bracu\.venv\Lib\site-packages\sklearn\metrics\_ranking.py", line 707, in _multiclass_roc_auc_score
    raise ValueError(
ValueError: Target scores need to be probabilities for multiclass roc_auc, i.e. they should sum up to 1.0 over classes

  warnings.warn(

2026-02-01 23:09:09,387:WARNING:c:\Users\Shuvo\sleep_data_analysis_bracu\.venv\Lib\site-packages\sklearn\metrics\_classification.py:1561: UserWarning: Note that pos_label (set to 'Sleep Apnea') is ignored when average != 'binary' (got 'weighted'). You may use labels=[pos_label] to specify a single positive class.
  warnings.warn(

2026-02-01 23:09:09,388:WARNING:c:\Users\Shuvo\sleep_data_analysis_bracu\.venv\Lib\site-packages\sklearn\metrics\_classification.py:1561: UserWarning: Note that pos_label (set to 'Sleep Apnea') is ignored when average != 'binary' (got 'weighted'). You may use labels=[pos_label] to specify a single positive class.
  warnings.warn(

2026-02-01 23:09:09,388:WARNING:c:\Users\Shuvo\sleep_data_analysis_bracu\.venv\Lib\site-packages\sklearn\metrics\_classification.py:1561: UserWarning: Note that pos_label (set to 'Sleep Apnea') is ignored when average != 'binary' (got 'weighted'). You may use labels=[pos_label] to specify a single positive class.
  warnings.warn(

2026-02-01 23:09:09,389:WARNING:c:\Users\Shuvo\sleep_data_analysis_bracu\.venv\Lib\site-packages\pycaret\internal\metrics.py:204: FitFailedWarning: Metric 'make_scorer(roc_auc_score, response_method=('decision_function', 'predict_proba'), average=weighted, multi_class=ovr)' failed and error score 0.0 has been returned instead. If this is a custom metric, this usually means that the error is in the metric code. Full exception below:
Traceback (most recent call last):
  File "c:\Users\Shuvo\sleep_data_analysis_bracu\.venv\Lib\site-packages\pycaret\internal\metrics.py", line 196, in _score
    return super()._score(
           ^^^^^^^^^^^^^^^
  File "c:\Users\Shuvo\sleep_data_analysis_bracu\.venv\Lib\site-packages\sklearn\metrics\_scorer.py", line 350, in _score
    return self._sign * self._score_func(y_true, y_pred, **scoring_kwargs)
                        ^^^^^^^^^^^^^^^^^^^^^^^^^^^^^^^^^^^^^^^^^^^^^^^^^^
  File "c:\Users\Shuvo\sleep_data_analysis_bracu\.venv\Lib\site-packages\pycaret\internal\metrics.py", line 144, in __call__
    return self.score_func(y_true, y_pred, **kwargs)
           ^^^^^^^^^^^^^^^^^^^^^^^^^^^^^^^^^^^^^^^^^
  File "c:\Users\Shuvo\sleep_data_analysis_bracu\.venv\Lib\site-packages\sklearn\utils\_param_validation.py", line 213, in wrapper
    return func(*args, **kwargs)
           ^^^^^^^^^^^^^^^^^^^^^
  File "c:\Users\Shuvo\sleep_data_analysis_bracu\.venv\Lib\site-packages\sklearn\metrics\_ranking.py", line 634, in roc_auc_score
    return _multiclass_roc_auc_score(
           ^^^^^^^^^^^^^^^^^^^^^^^^^^
  File "c:\Users\Shuvo\sleep_data_analysis_bracu\.venv\Lib\site-packages\sklearn\metrics\_ranking.py", line 707, in _multiclass_roc_auc_score
    raise ValueError(
ValueError: Target scores need to be probabilities for multiclass roc_auc, i.e. they should sum up to 1.0 over classes

  warnings.warn(

2026-02-01 23:09:09,389:WARNING:c:\Users\Shuvo\sleep_data_analysis_bracu\.venv\Lib\site-packages\pycaret\internal\metrics.py:204: FitFailedWarning: Metric 'make_scorer(roc_auc_score, response_method=('decision_function', 'predict_proba'), average=weighted, multi_class=ovr)' failed and error score 0.0 has been returned instead. If this is a custom metric, this usually means that the error is in the metric code. Full exception below:
Traceback (most recent call last):
  File "c:\Users\Shuvo\sleep_data_analysis_bracu\.venv\Lib\site-packages\pycaret\internal\metrics.py", line 196, in _score
    return super()._score(
           ^^^^^^^^^^^^^^^
  File "c:\Users\Shuvo\sleep_data_analysis_bracu\.venv\Lib\site-packages\sklearn\metrics\_scorer.py", line 350, in _score
    return self._sign * self._score_func(y_true, y_pred, **scoring_kwargs)
                        ^^^^^^^^^^^^^^^^^^^^^^^^^^^^^^^^^^^^^^^^^^^^^^^^^^
  File "c:\Users\Shuvo\sleep_data_analysis_bracu\.venv\Lib\site-packages\pycaret\internal\metrics.py", line 144, in __call__
    return self.score_func(y_true, y_pred, **kwargs)
           ^^^^^^^^^^^^^^^^^^^^^^^^^^^^^^^^^^^^^^^^^
  File "c:\Users\Shuvo\sleep_data_analysis_bracu\.venv\Lib\site-packages\sklearn\utils\_param_validation.py", line 213, in wrapper
    return func(*args, **kwargs)
           ^^^^^^^^^^^^^^^^^^^^^
  File "c:\Users\Shuvo\sleep_data_analysis_bracu\.venv\Lib\site-packages\sklearn\metrics\_ranking.py", line 634, in roc_auc_score
    return _multiclass_roc_auc_score(
           ^^^^^^^^^^^^^^^^^^^^^^^^^^
  File "c:\Users\Shuvo\sleep_data_analysis_bracu\.venv\Lib\site-packages\sklearn\metrics\_ranking.py", line 707, in _multiclass_roc_auc_score
    raise ValueError(
ValueError: Target scores need to be probabilities for multiclass roc_auc, i.e. they should sum up to 1.0 over classes

  warnings.warn(

2026-02-01 23:09:09,390:WARNING:c:\Users\Shuvo\sleep_data_analysis_bracu\.venv\Lib\site-packages\sklearn\metrics\_classification.py:1561: UserWarning: Note that pos_label (set to 'Sleep Apnea') is ignored when average != 'binary' (got 'weighted'). You may use labels=[pos_label] to specify a single positive class.
  warnings.warn(

2026-02-01 23:09:09,390:WARNING:c:\Users\Shuvo\sleep_data_analysis_bracu\.venv\Lib\site-packages\sklearn\metrics\_classification.py:1561: UserWarning: Note that pos_label (set to 'Sleep Apnea') is ignored when average != 'binary' (got 'weighted'). You may use labels=[pos_label] to specify a single positive class.
  warnings.warn(

2026-02-01 23:09:09,392:WARNING:c:\Users\Shuvo\sleep_data_analysis_bracu\.venv\Lib\site-packages\sklearn\metrics\_classification.py:1561: UserWarning: Note that pos_label (set to 'Sleep Apnea') is ignored when average != 'binary' (got 'weighted'). You may use labels=[pos_label] to specify a single positive class.
  warnings.warn(

2026-02-01 23:09:09,393:WARNING:c:\Users\Shuvo\sleep_data_analysis_bracu\.venv\Lib\site-packages\sklearn\metrics\_classification.py:1561: UserWarning: Note that pos_label (set to 'Sleep Apnea') is ignored when average != 'binary' (got 'weighted'). You may use labels=[pos_label] to specify a single positive class.
  warnings.warn(

2026-02-01 23:09:09,394:WARNING:c:\Users\Shuvo\sleep_data_analysis_bracu\.venv\Lib\site-packages\sklearn\metrics\_classification.py:1561: UserWarning: Note that pos_label (set to 'Sleep Apnea') is ignored when average != 'binary' (got 'weighted'). You may use labels=[pos_label] to specify a single positive class.
  warnings.warn(

2026-02-01 23:09:09,395:WARNING:c:\Users\Shuvo\sleep_data_analysis_bracu\.venv\Lib\site-packages\sklearn\metrics\_classification.py:1561: UserWarning: Note that pos_label (set to 'Sleep Apnea') is ignored when average != 'binary' (got 'weighted'). You may use labels=[pos_label] to specify a single positive class.
  warnings.warn(

2026-02-01 23:09:09,396:WARNING:c:\Users\Shuvo\sleep_data_analysis_bracu\.venv\Lib\site-packages\sklearn\metrics\_classification.py:1561: UserWarning: Note that pos_label (set to 'Sleep Apnea') is ignored when average != 'binary' (got 'weighted'). You may use labels=[pos_label] to specify a single positive class.
  warnings.warn(

2026-02-01 23:09:09,398:WARNING:c:\Users\Shuvo\sleep_data_analysis_bracu\.venv\Lib\site-packages\sklearn\metrics\_classification.py:1561: UserWarning: Note that pos_label (set to 'Sleep Apnea') is ignored when average != 'binary' (got 'weighted'). You may use labels=[pos_label] to specify a single positive class.
  warnings.warn(

2026-02-01 23:09:09,399:WARNING:c:\Users\Shuvo\sleep_data_analysis_bracu\.venv\Lib\site-packages\pycaret\internal\metrics.py:204: FitFailedWarning: Metric 'make_scorer(roc_auc_score, response_method=('decision_function', 'predict_proba'), average=weighted, multi_class=ovr)' failed and error score 0.0 has been returned instead. If this is a custom metric, this usually means that the error is in the metric code. Full exception below:
Traceback (most recent call last):
  File "c:\Users\Shuvo\sleep_data_analysis_bracu\.venv\Lib\site-packages\pycaret\internal\metrics.py", line 196, in _score
    return super()._score(
           ^^^^^^^^^^^^^^^
  File "c:\Users\Shuvo\sleep_data_analysis_bracu\.venv\Lib\site-packages\sklearn\metrics\_scorer.py", line 350, in _score
    return self._sign * self._score_func(y_true, y_pred, **scoring_kwargs)
                        ^^^^^^^^^^^^^^^^^^^^^^^^^^^^^^^^^^^^^^^^^^^^^^^^^^
  File "c:\Users\Shuvo\sleep_data_analysis_bracu\.venv\Lib\site-packages\pycaret\internal\metrics.py", line 144, in __call__
    return self.score_func(y_true, y_pred, **kwargs)
           ^^^^^^^^^^^^^^^^^^^^^^^^^^^^^^^^^^^^^^^^^
  File "c:\Users\Shuvo\sleep_data_analysis_bracu\.venv\Lib\site-packages\sklearn\utils\_param_validation.py", line 213, in wrapper
    return func(*args, **kwargs)
           ^^^^^^^^^^^^^^^^^^^^^
  File "c:\Users\Shuvo\sleep_data_analysis_bracu\.venv\Lib\site-packages\sklearn\metrics\_ranking.py", line 634, in roc_auc_score
    return _multiclass_roc_auc_score(
           ^^^^^^^^^^^^^^^^^^^^^^^^^^
  File "c:\Users\Shuvo\sleep_data_analysis_bracu\.venv\Lib\site-packages\sklearn\metrics\_ranking.py", line 707, in _multiclass_roc_auc_score
    raise ValueError(
ValueError: Target scores need to be probabilities for multiclass roc_auc, i.e. they should sum up to 1.0 over classes

  warnings.warn(

2026-02-01 23:09:09,400:WARNING:c:\Users\Shuvo\sleep_data_analysis_bracu\.venv\Lib\site-packages\sklearn\metrics\_classification.py:1561: UserWarning: Note that pos_label (set to 'Sleep Apnea') is ignored when average != 'binary' (got 'weighted'). You may use labels=[pos_label] to specify a single positive class.
  warnings.warn(

2026-02-01 23:09:09,403:WARNING:c:\Users\Shuvo\sleep_data_analysis_bracu\.venv\Lib\site-packages\sklearn\metrics\_classification.py:1561: UserWarning: Note that pos_label (set to 'Sleep Apnea') is ignored when average != 'binary' (got 'weighted'). You may use labels=[pos_label] to specify a single positive class.
  warnings.warn(

2026-02-01 23:09:09,405:WARNING:c:\Users\Shuvo\sleep_data_analysis_bracu\.venv\Lib\site-packages\sklearn\metrics\_classification.py:1561: UserWarning: Note that pos_label (set to 'Sleep Apnea') is ignored when average != 'binary' (got 'weighted'). You may use labels=[pos_label] to specify a single positive class.
  warnings.warn(

2026-02-01 23:09:09,407:WARNING:c:\Users\Shuvo\sleep_data_analysis_bracu\.venv\Lib\site-packages\pycaret\internal\metrics.py:204: FitFailedWarning: Metric 'make_scorer(roc_auc_score, response_method=('decision_function', 'predict_proba'), average=weighted, multi_class=ovr)' failed and error score 0.0 has been returned instead. If this is a custom metric, this usually means that the error is in the metric code. Full exception below:
Traceback (most recent call last):
  File "c:\Users\Shuvo\sleep_data_analysis_bracu\.venv\Lib\site-packages\pycaret\internal\metrics.py", line 196, in _score
    return super()._score(
           ^^^^^^^^^^^^^^^
  File "c:\Users\Shuvo\sleep_data_analysis_bracu\.venv\Lib\site-packages\sklearn\metrics\_scorer.py", line 350, in _score
    return self._sign * self._score_func(y_true, y_pred, **scoring_kwargs)
                        ^^^^^^^^^^^^^^^^^^^^^^^^^^^^^^^^^^^^^^^^^^^^^^^^^^
  File "c:\Users\Shuvo\sleep_data_analysis_bracu\.venv\Lib\site-packages\pycaret\internal\metrics.py", line 144, in __call__
    return self.score_func(y_true, y_pred, **kwargs)
           ^^^^^^^^^^^^^^^^^^^^^^^^^^^^^^^^^^^^^^^^^
  File "c:\Users\Shuvo\sleep_data_analysis_bracu\.venv\Lib\site-packages\sklearn\utils\_param_validation.py", line 213, in wrapper
    return func(*args, **kwargs)
           ^^^^^^^^^^^^^^^^^^^^^
  File "c:\Users\Shuvo\sleep_data_analysis_bracu\.venv\Lib\site-packages\sklearn\metrics\_ranking.py", line 634, in roc_auc_score
    return _multiclass_roc_auc_score(
           ^^^^^^^^^^^^^^^^^^^^^^^^^^
  File "c:\Users\Shuvo\sleep_data_analysis_bracu\.venv\Lib\site-packages\sklearn\metrics\_ranking.py", line 707, in _multiclass_roc_auc_score
    raise ValueError(
ValueError: Target scores need to be probabilities for multiclass roc_auc, i.e. they should sum up to 1.0 over classes

  warnings.warn(

2026-02-01 23:09:09,408:WARNING:c:\Users\Shuvo\sleep_data_analysis_bracu\.venv\Lib\site-packages\sklearn\metrics\_classification.py:1561: UserWarning: Note that pos_label (set to 'Sleep Apnea') is ignored when average != 'binary' (got 'weighted'). You may use labels=[pos_label] to specify a single positive class.
  warnings.warn(

2026-02-01 23:09:09,411:WARNING:c:\Users\Shuvo\sleep_data_analysis_bracu\.venv\Lib\site-packages\sklearn\metrics\_classification.py:1561: UserWarning: Note that pos_label (set to 'Sleep Apnea') is ignored when average != 'binary' (got 'weighted'). You may use labels=[pos_label] to specify a single positive class.
  warnings.warn(

2026-02-01 23:09:09,413:WARNING:c:\Users\Shuvo\sleep_data_analysis_bracu\.venv\Lib\site-packages\sklearn\metrics\_classification.py:1561: UserWarning: Note that pos_label (set to 'Sleep Apnea') is ignored when average != 'binary' (got 'weighted'). You may use labels=[pos_label] to specify a single positive class.
  warnings.warn(

2026-02-01 23:09:09,428:WARNING:c:\Users\Shuvo\sleep_data_analysis_bracu\.venv\Lib\site-packages\pycaret\internal\metrics.py:204: FitFailedWarning: Metric 'make_scorer(roc_auc_score, response_method=('decision_function', 'predict_proba'), average=weighted, multi_class=ovr)' failed and error score 0.0 has been returned instead. If this is a custom metric, this usually means that the error is in the metric code. Full exception below:
Traceback (most recent call last):
  File "c:\Users\Shuvo\sleep_data_analysis_bracu\.venv\Lib\site-packages\pycaret\internal\metrics.py", line 196, in _score
    return super()._score(
           ^^^^^^^^^^^^^^^
  File "c:\Users\Shuvo\sleep_data_analysis_bracu\.venv\Lib\site-packages\sklearn\metrics\_scorer.py", line 350, in _score
    return self._sign * self._score_func(y_true, y_pred, **scoring_kwargs)
                        ^^^^^^^^^^^^^^^^^^^^^^^^^^^^^^^^^^^^^^^^^^^^^^^^^^
  File "c:\Users\Shuvo\sleep_data_analysis_bracu\.venv\Lib\site-packages\pycaret\internal\metrics.py", line 144, in __call__
    return self.score_func(y_true, y_pred, **kwargs)
           ^^^^^^^^^^^^^^^^^^^^^^^^^^^^^^^^^^^^^^^^^
  File "c:\Users\Shuvo\sleep_data_analysis_bracu\.venv\Lib\site-packages\sklearn\utils\_param_validation.py", line 213, in wrapper
    return func(*args, **kwargs)
           ^^^^^^^^^^^^^^^^^^^^^
  File "c:\Users\Shuvo\sleep_data_analysis_bracu\.venv\Lib\site-packages\sklearn\metrics\_ranking.py", line 634, in roc_auc_score
    return _multiclass_roc_auc_score(
           ^^^^^^^^^^^^^^^^^^^^^^^^^^
  File "c:\Users\Shuvo\sleep_data_analysis_bracu\.venv\Lib\site-packages\sklearn\metrics\_ranking.py", line 707, in _multiclass_roc_auc_score
    raise ValueError(
ValueError: Target scores need to be probabilities for multiclass roc_auc, i.e. they should sum up to 1.0 over classes

  warnings.warn(

2026-02-01 23:09:09,429:WARNING:c:\Users\Shuvo\sleep_data_analysis_bracu\.venv\Lib\site-packages\sklearn\metrics\_classification.py:1561: UserWarning: Note that pos_label (set to 'Sleep Apnea') is ignored when average != 'binary' (got 'weighted'). You may use labels=[pos_label] to specify a single positive class.
  warnings.warn(

2026-02-01 23:09:09,431:WARNING:c:\Users\Shuvo\sleep_data_analysis_bracu\.venv\Lib\site-packages\sklearn\metrics\_classification.py:1561: UserWarning: Note that pos_label (set to 'Sleep Apnea') is ignored when average != 'binary' (got 'weighted'). You may use labels=[pos_label] to specify a single positive class.
  warnings.warn(

2026-02-01 23:09:09,434:WARNING:c:\Users\Shuvo\sleep_data_analysis_bracu\.venv\Lib\site-packages\sklearn\metrics\_classification.py:1561: UserWarning: Note that pos_label (set to 'Sleep Apnea') is ignored when average != 'binary' (got 'weighted'). You may use labels=[pos_label] to specify a single positive class.
  warnings.warn(

2026-02-01 23:09:09,444:INFO:Calculating mean and std
2026-02-01 23:09:09,446:INFO:Creating metrics dataframe
2026-02-01 23:09:09,449:INFO:Uploading results into container
2026-02-01 23:09:09,450:INFO:Uploading model into container now
2026-02-01 23:09:09,450:INFO:_master_model_container: 10
2026-02-01 23:09:09,450:INFO:_display_container: 2
2026-02-01 23:09:09,451:INFO:GradientBoostingClassifier(ccp_alpha=0.0, criterion='friedman_mse', init=None,
                           learning_rate=0.1, loss='log_loss', max_depth=3,
                           max_features=None, max_leaf_nodes=None,
                           min_impurity_decrease=0.0, min_samples_leaf=1,
                           min_samples_split=2, min_weight_fraction_leaf=0.0,
                           n_estimators=100, n_iter_no_change=None,
                           random_state=12, subsample=1.0, tol=0.0001,
                           validation_fraction=0.1, verbose=0,
                           warm_start=False)
2026-02-01 23:09:09,451:INFO:create_model() successfully completed......................................
2026-02-01 23:09:09,558:INFO:SubProcess create_model() end ==================================
2026-02-01 23:09:09,558:INFO:Creating metrics dataframe
2026-02-01 23:09:09,566:INFO:Initializing Linear Discriminant Analysis
2026-02-01 23:09:09,566:INFO:Total runtime is 0.2391371210416158 minutes
2026-02-01 23:09:09,569:INFO:SubProcess create_model() called ==================================
2026-02-01 23:09:09,570:INFO:Initializing create_model()
2026-02-01 23:09:09,570:INFO:create_model(self=<pycaret.classification.oop.ClassificationExperiment object at 0x0000027B8AE03350>, estimator=lda, fold=StratifiedKFold(n_splits=10, random_state=None, shuffle=False), round=4, cross_validation=True, predict=True, fit_kwargs={}, groups=None, refit=False, probability_threshold=None, experiment_custom_tags=None, verbose=False, system=False, add_to_model_list=True, metrics=None, display=<pycaret.internal.display.display.CommonDisplay object at 0x0000027B8ADF7050>, model_only=True, return_train_score=False, error_score=0.0, kwargs={})
2026-02-01 23:09:09,570:INFO:Checking exceptions
2026-02-01 23:09:09,570:INFO:Importing libraries
2026-02-01 23:09:09,570:INFO:Copying training dataset
2026-02-01 23:09:09,573:INFO:Defining folds
2026-02-01 23:09:09,573:INFO:Declaring metric variables
2026-02-01 23:09:09,577:INFO:Importing untrained model
2026-02-01 23:09:09,581:INFO:Linear Discriminant Analysis Imported successfully
2026-02-01 23:09:09,586:INFO:Starting cross validation
2026-02-01 23:09:09,589:INFO:Cross validating with StratifiedKFold(n_splits=10, random_state=None, shuffle=False), n_jobs=-1
2026-02-01 23:09:09,749:WARNING:c:\Users\Shuvo\sleep_data_analysis_bracu\.venv\Lib\site-packages\pycaret\internal\metrics.py:204: FitFailedWarning: Metric 'make_scorer(roc_auc_score, response_method=('decision_function', 'predict_proba'), average=weighted, multi_class=ovr)' failed and error score 0.0 has been returned instead. If this is a custom metric, this usually means that the error is in the metric code. Full exception below:
Traceback (most recent call last):
  File "c:\Users\Shuvo\sleep_data_analysis_bracu\.venv\Lib\site-packages\pycaret\internal\metrics.py", line 196, in _score
    return super()._score(
           ^^^^^^^^^^^^^^^
  File "c:\Users\Shuvo\sleep_data_analysis_bracu\.venv\Lib\site-packages\sklearn\metrics\_scorer.py", line 350, in _score
    return self._sign * self._score_func(y_true, y_pred, **scoring_kwargs)
                        ^^^^^^^^^^^^^^^^^^^^^^^^^^^^^^^^^^^^^^^^^^^^^^^^^^
  File "c:\Users\Shuvo\sleep_data_analysis_bracu\.venv\Lib\site-packages\pycaret\internal\metrics.py", line 144, in __call__
    return self.score_func(y_true, y_pred, **kwargs)
           ^^^^^^^^^^^^^^^^^^^^^^^^^^^^^^^^^^^^^^^^^
  File "c:\Users\Shuvo\sleep_data_analysis_bracu\.venv\Lib\site-packages\sklearn\utils\_param_validation.py", line 213, in wrapper
    return func(*args, **kwargs)
           ^^^^^^^^^^^^^^^^^^^^^
  File "c:\Users\Shuvo\sleep_data_analysis_bracu\.venv\Lib\site-packages\sklearn\metrics\_ranking.py", line 634, in roc_auc_score
    return _multiclass_roc_auc_score(
           ^^^^^^^^^^^^^^^^^^^^^^^^^^
  File "c:\Users\Shuvo\sleep_data_analysis_bracu\.venv\Lib\site-packages\sklearn\metrics\_ranking.py", line 707, in _multiclass_roc_auc_score
    raise ValueError(
ValueError: Target scores need to be probabilities for multiclass roc_auc, i.e. they should sum up to 1.0 over classes

  warnings.warn(

2026-02-01 23:09:09,751:WARNING:c:\Users\Shuvo\sleep_data_analysis_bracu\.venv\Lib\site-packages\pycaret\internal\metrics.py:204: FitFailedWarning: Metric 'make_scorer(roc_auc_score, response_method=('decision_function', 'predict_proba'), average=weighted, multi_class=ovr)' failed and error score 0.0 has been returned instead. If this is a custom metric, this usually means that the error is in the metric code. Full exception below:
Traceback (most recent call last):
  File "c:\Users\Shuvo\sleep_data_analysis_bracu\.venv\Lib\site-packages\pycaret\internal\metrics.py", line 196, in _score
    return super()._score(
           ^^^^^^^^^^^^^^^
  File "c:\Users\Shuvo\sleep_data_analysis_bracu\.venv\Lib\site-packages\sklearn\metrics\_scorer.py", line 350, in _score
    return self._sign * self._score_func(y_true, y_pred, **scoring_kwargs)
                        ^^^^^^^^^^^^^^^^^^^^^^^^^^^^^^^^^^^^^^^^^^^^^^^^^^
  File "c:\Users\Shuvo\sleep_data_analysis_bracu\.venv\Lib\site-packages\pycaret\internal\metrics.py", line 144, in __call__
    return self.score_func(y_true, y_pred, **kwargs)
           ^^^^^^^^^^^^^^^^^^^^^^^^^^^^^^^^^^^^^^^^^
  File "c:\Users\Shuvo\sleep_data_analysis_bracu\.venv\Lib\site-packages\sklearn\utils\_param_validation.py", line 213, in wrapper
    return func(*args, **kwargs)
           ^^^^^^^^^^^^^^^^^^^^^
  File "c:\Users\Shuvo\sleep_data_analysis_bracu\.venv\Lib\site-packages\sklearn\metrics\_ranking.py", line 634, in roc_auc_score
    return _multiclass_roc_auc_score(
           ^^^^^^^^^^^^^^^^^^^^^^^^^^
  File "c:\Users\Shuvo\sleep_data_analysis_bracu\.venv\Lib\site-packages\sklearn\metrics\_ranking.py", line 707, in _multiclass_roc_auc_score
    raise ValueError(
ValueError: Target scores need to be probabilities for multiclass roc_auc, i.e. they should sum up to 1.0 over classes

  warnings.warn(

2026-02-01 23:09:09,751:WARNING:c:\Users\Shuvo\sleep_data_analysis_bracu\.venv\Lib\site-packages\sklearn\metrics\_classification.py:1561: UserWarning: Note that pos_label (set to 'Sleep Apnea') is ignored when average != 'binary' (got 'weighted'). You may use labels=[pos_label] to specify a single positive class.
  warnings.warn(

2026-02-01 23:09:09,752:WARNING:c:\Users\Shuvo\sleep_data_analysis_bracu\.venv\Lib\site-packages\pycaret\internal\metrics.py:204: FitFailedWarning: Metric 'make_scorer(roc_auc_score, response_method=('decision_function', 'predict_proba'), average=weighted, multi_class=ovr)' failed and error score 0.0 has been returned instead. If this is a custom metric, this usually means that the error is in the metric code. Full exception below:
Traceback (most recent call last):
  File "c:\Users\Shuvo\sleep_data_analysis_bracu\.venv\Lib\site-packages\pycaret\internal\metrics.py", line 196, in _score
    return super()._score(
           ^^^^^^^^^^^^^^^
  File "c:\Users\Shuvo\sleep_data_analysis_bracu\.venv\Lib\site-packages\sklearn\metrics\_scorer.py", line 350, in _score
    return self._sign * self._score_func(y_true, y_pred, **scoring_kwargs)
                        ^^^^^^^^^^^^^^^^^^^^^^^^^^^^^^^^^^^^^^^^^^^^^^^^^^
  File "c:\Users\Shuvo\sleep_data_analysis_bracu\.venv\Lib\site-packages\pycaret\internal\metrics.py", line 144, in __call__
    return self.score_func(y_true, y_pred, **kwargs)
           ^^^^^^^^^^^^^^^^^^^^^^^^^^^^^^^^^^^^^^^^^
  File "c:\Users\Shuvo\sleep_data_analysis_bracu\.venv\Lib\site-packages\sklearn\utils\_param_validation.py", line 213, in wrapper
    return func(*args, **kwargs)
           ^^^^^^^^^^^^^^^^^^^^^
  File "c:\Users\Shuvo\sleep_data_analysis_bracu\.venv\Lib\site-packages\sklearn\metrics\_ranking.py", line 634, in roc_auc_score
    return _multiclass_roc_auc_score(
           ^^^^^^^^^^^^^^^^^^^^^^^^^^
  File "c:\Users\Shuvo\sleep_data_analysis_bracu\.venv\Lib\site-packages\sklearn\metrics\_ranking.py", line 707, in _multiclass_roc_auc_score
    raise ValueError(
ValueError: Target scores need to be probabilities for multiclass roc_auc, i.e. they should sum up to 1.0 over classes

  warnings.warn(

2026-02-01 23:09:09,753:WARNING:c:\Users\Shuvo\sleep_data_analysis_bracu\.venv\Lib\site-packages\sklearn\metrics\_classification.py:1561: UserWarning: Note that pos_label (set to 'Sleep Apnea') is ignored when average != 'binary' (got 'weighted'). You may use labels=[pos_label] to specify a single positive class.
  warnings.warn(

2026-02-01 23:09:09,754:WARNING:c:\Users\Shuvo\sleep_data_analysis_bracu\.venv\Lib\site-packages\sklearn\metrics\_classification.py:1561: UserWarning: Note that pos_label (set to 'Sleep Apnea') is ignored when average != 'binary' (got 'weighted'). You may use labels=[pos_label] to specify a single positive class.
  warnings.warn(

2026-02-01 23:09:09,755:WARNING:c:\Users\Shuvo\sleep_data_analysis_bracu\.venv\Lib\site-packages\sklearn\metrics\_classification.py:1561: UserWarning: Note that pos_label (set to 'Sleep Apnea') is ignored when average != 'binary' (got 'weighted'). You may use labels=[pos_label] to specify a single positive class.
  warnings.warn(

2026-02-01 23:09:09,756:WARNING:c:\Users\Shuvo\sleep_data_analysis_bracu\.venv\Lib\site-packages\sklearn\metrics\_classification.py:1561: UserWarning: Note that pos_label (set to 'Sleep Apnea') is ignored when average != 'binary' (got 'weighted'). You may use labels=[pos_label] to specify a single positive class.
  warnings.warn(

2026-02-01 23:09:09,757:WARNING:c:\Users\Shuvo\sleep_data_analysis_bracu\.venv\Lib\site-packages\sklearn\metrics\_classification.py:1561: UserWarning: Note that pos_label (set to 'Sleep Apnea') is ignored when average != 'binary' (got 'weighted'). You may use labels=[pos_label] to specify a single positive class.
  warnings.warn(

2026-02-01 23:09:09,757:WARNING:c:\Users\Shuvo\sleep_data_analysis_bracu\.venv\Lib\site-packages\pycaret\internal\metrics.py:204: FitFailedWarning: Metric 'make_scorer(roc_auc_score, response_method=('decision_function', 'predict_proba'), average=weighted, multi_class=ovr)' failed and error score 0.0 has been returned instead. If this is a custom metric, this usually means that the error is in the metric code. Full exception below:
Traceback (most recent call last):
  File "c:\Users\Shuvo\sleep_data_analysis_bracu\.venv\Lib\site-packages\pycaret\internal\metrics.py", line 196, in _score
    return super()._score(
           ^^^^^^^^^^^^^^^
  File "c:\Users\Shuvo\sleep_data_analysis_bracu\.venv\Lib\site-packages\sklearn\metrics\_scorer.py", line 350, in _score
    return self._sign * self._score_func(y_true, y_pred, **scoring_kwargs)
                        ^^^^^^^^^^^^^^^^^^^^^^^^^^^^^^^^^^^^^^^^^^^^^^^^^^
  File "c:\Users\Shuvo\sleep_data_analysis_bracu\.venv\Lib\site-packages\pycaret\internal\metrics.py", line 144, in __call__
    return self.score_func(y_true, y_pred, **kwargs)
           ^^^^^^^^^^^^^^^^^^^^^^^^^^^^^^^^^^^^^^^^^
  File "c:\Users\Shuvo\sleep_data_analysis_bracu\.venv\Lib\site-packages\sklearn\utils\_param_validation.py", line 213, in wrapper
    return func(*args, **kwargs)
           ^^^^^^^^^^^^^^^^^^^^^
  File "c:\Users\Shuvo\sleep_data_analysis_bracu\.venv\Lib\site-packages\sklearn\metrics\_ranking.py", line 634, in roc_auc_score
    return _multiclass_roc_auc_score(
           ^^^^^^^^^^^^^^^^^^^^^^^^^^
  File "c:\Users\Shuvo\sleep_data_analysis_bracu\.venv\Lib\site-packages\sklearn\metrics\_ranking.py", line 707, in _multiclass_roc_auc_score
    raise ValueError(
ValueError: Target scores need to be probabilities for multiclass roc_auc, i.e. they should sum up to 1.0 over classes

  warnings.warn(

2026-02-01 23:09:09,757:WARNING:c:\Users\Shuvo\sleep_data_analysis_bracu\.venv\Lib\site-packages\pycaret\internal\metrics.py:204: FitFailedWarning: Metric 'make_scorer(roc_auc_score, response_method=('decision_function', 'predict_proba'), average=weighted, multi_class=ovr)' failed and error score 0.0 has been returned instead. If this is a custom metric, this usually means that the error is in the metric code. Full exception below:
Traceback (most recent call last):
  File "c:\Users\Shuvo\sleep_data_analysis_bracu\.venv\Lib\site-packages\pycaret\internal\metrics.py", line 196, in _score
    return super()._score(
           ^^^^^^^^^^^^^^^
  File "c:\Users\Shuvo\sleep_data_analysis_bracu\.venv\Lib\site-packages\sklearn\metrics\_scorer.py", line 350, in _score
    return self._sign * self._score_func(y_true, y_pred, **scoring_kwargs)
                        ^^^^^^^^^^^^^^^^^^^^^^^^^^^^^^^^^^^^^^^^^^^^^^^^^^
  File "c:\Users\Shuvo\sleep_data_analysis_bracu\.venv\Lib\site-packages\pycaret\internal\metrics.py", line 144, in __call__
    return self.score_func(y_true, y_pred, **kwargs)
           ^^^^^^^^^^^^^^^^^^^^^^^^^^^^^^^^^^^^^^^^^
  File "c:\Users\Shuvo\sleep_data_analysis_bracu\.venv\Lib\site-packages\sklearn\utils\_param_validation.py", line 213, in wrapper
    return func(*args, **kwargs)
           ^^^^^^^^^^^^^^^^^^^^^
  File "c:\Users\Shuvo\sleep_data_analysis_bracu\.venv\Lib\site-packages\sklearn\metrics\_ranking.py", line 634, in roc_auc_score
    return _multiclass_roc_auc_score(
           ^^^^^^^^^^^^^^^^^^^^^^^^^^
  File "c:\Users\Shuvo\sleep_data_analysis_bracu\.venv\Lib\site-packages\sklearn\metrics\_ranking.py", line 707, in _multiclass_roc_auc_score
    raise ValueError(
ValueError: Target scores need to be probabilities for multiclass roc_auc, i.e. they should sum up to 1.0 over classes

  warnings.warn(

2026-02-01 23:09:09,757:WARNING:c:\Users\Shuvo\sleep_data_analysis_bracu\.venv\Lib\site-packages\sklearn\metrics\_classification.py:1561: UserWarning: Note that pos_label (set to 'Sleep Apnea') is ignored when average != 'binary' (got 'weighted'). You may use labels=[pos_label] to specify a single positive class.
  warnings.warn(

2026-02-01 23:09:09,758:WARNING:c:\Users\Shuvo\sleep_data_analysis_bracu\.venv\Lib\site-packages\pycaret\internal\metrics.py:204: FitFailedWarning: Metric 'make_scorer(roc_auc_score, response_method=('decision_function', 'predict_proba'), average=weighted, multi_class=ovr)' failed and error score 0.0 has been returned instead. If this is a custom metric, this usually means that the error is in the metric code. Full exception below:
Traceback (most recent call last):
  File "c:\Users\Shuvo\sleep_data_analysis_bracu\.venv\Lib\site-packages\pycaret\internal\metrics.py", line 196, in _score
    return super()._score(
           ^^^^^^^^^^^^^^^
  File "c:\Users\Shuvo\sleep_data_analysis_bracu\.venv\Lib\site-packages\sklearn\metrics\_scorer.py", line 350, in _score
    return self._sign * self._score_func(y_true, y_pred, **scoring_kwargs)
                        ^^^^^^^^^^^^^^^^^^^^^^^^^^^^^^^^^^^^^^^^^^^^^^^^^^
  File "c:\Users\Shuvo\sleep_data_analysis_bracu\.venv\Lib\site-packages\pycaret\internal\metrics.py", line 144, in __call__
    return self.score_func(y_true, y_pred, **kwargs)
           ^^^^^^^^^^^^^^^^^^^^^^^^^^^^^^^^^^^^^^^^^
  File "c:\Users\Shuvo\sleep_data_analysis_bracu\.venv\Lib\site-packages\sklearn\utils\_param_validation.py", line 213, in wrapper
    return func(*args, **kwargs)
           ^^^^^^^^^^^^^^^^^^^^^
  File "c:\Users\Shuvo\sleep_data_analysis_bracu\.venv\Lib\site-packages\sklearn\metrics\_ranking.py", line 634, in roc_auc_score
    return _multiclass_roc_auc_score(
           ^^^^^^^^^^^^^^^^^^^^^^^^^^
  File "c:\Users\Shuvo\sleep_data_analysis_bracu\.venv\Lib\site-packages\sklearn\metrics\_ranking.py", line 707, in _multiclass_roc_auc_score
    raise ValueError(
ValueError: Target scores need to be probabilities for multiclass roc_auc, i.e. they should sum up to 1.0 over classes

  warnings.warn(

2026-02-01 23:09:09,758:WARNING:c:\Users\Shuvo\sleep_data_analysis_bracu\.venv\Lib\site-packages\pycaret\internal\metrics.py:204: FitFailedWarning: Metric 'make_scorer(roc_auc_score, response_method=('decision_function', 'predict_proba'), average=weighted, multi_class=ovr)' failed and error score 0.0 has been returned instead. If this is a custom metric, this usually means that the error is in the metric code. Full exception below:
Traceback (most recent call last):
  File "c:\Users\Shuvo\sleep_data_analysis_bracu\.venv\Lib\site-packages\pycaret\internal\metrics.py", line 196, in _score
    return super()._score(
           ^^^^^^^^^^^^^^^
  File "c:\Users\Shuvo\sleep_data_analysis_bracu\.venv\Lib\site-packages\sklearn\metrics\_scorer.py", line 350, in _score
    return self._sign * self._score_func(y_true, y_pred, **scoring_kwargs)
                        ^^^^^^^^^^^^^^^^^^^^^^^^^^^^^^^^^^^^^^^^^^^^^^^^^^
  File "c:\Users\Shuvo\sleep_data_analysis_bracu\.venv\Lib\site-packages\pycaret\internal\metrics.py", line 144, in __call__
    return self.score_func(y_true, y_pred, **kwargs)
           ^^^^^^^^^^^^^^^^^^^^^^^^^^^^^^^^^^^^^^^^^
  File "c:\Users\Shuvo\sleep_data_analysis_bracu\.venv\Lib\site-packages\sklearn\utils\_param_validation.py", line 213, in wrapper
    return func(*args, **kwargs)
           ^^^^^^^^^^^^^^^^^^^^^
  File "c:\Users\Shuvo\sleep_data_analysis_bracu\.venv\Lib\site-packages\sklearn\metrics\_ranking.py", line 634, in roc_auc_score
    return _multiclass_roc_auc_score(
           ^^^^^^^^^^^^^^^^^^^^^^^^^^
  File "c:\Users\Shuvo\sleep_data_analysis_bracu\.venv\Lib\site-packages\sklearn\metrics\_ranking.py", line 707, in _multiclass_roc_auc_score
    raise ValueError(
ValueError: Target scores need to be probabilities for multiclass roc_auc, i.e. they should sum up to 1.0 over classes

  warnings.warn(

2026-02-01 23:09:09,759:WARNING:c:\Users\Shuvo\sleep_data_analysis_bracu\.venv\Lib\site-packages\sklearn\metrics\_classification.py:1561: UserWarning: Note that pos_label (set to 'Sleep Apnea') is ignored when average != 'binary' (got 'weighted'). You may use labels=[pos_label] to specify a single positive class.
  warnings.warn(

2026-02-01 23:09:09,760:WARNING:c:\Users\Shuvo\sleep_data_analysis_bracu\.venv\Lib\site-packages\sklearn\metrics\_classification.py:1561: UserWarning: Note that pos_label (set to 'Sleep Apnea') is ignored when average != 'binary' (got 'weighted'). You may use labels=[pos_label] to specify a single positive class.
  warnings.warn(

2026-02-01 23:09:09,760:WARNING:c:\Users\Shuvo\sleep_data_analysis_bracu\.venv\Lib\site-packages\sklearn\metrics\_classification.py:1561: UserWarning: Note that pos_label (set to 'Sleep Apnea') is ignored when average != 'binary' (got 'weighted'). You may use labels=[pos_label] to specify a single positive class.
  warnings.warn(

2026-02-01 23:09:09,760:WARNING:c:\Users\Shuvo\sleep_data_analysis_bracu\.venv\Lib\site-packages\sklearn\metrics\_classification.py:1561: UserWarning: Note that pos_label (set to 'Sleep Apnea') is ignored when average != 'binary' (got 'weighted'). You may use labels=[pos_label] to specify a single positive class.
  warnings.warn(

2026-02-01 23:09:09,760:WARNING:c:\Users\Shuvo\sleep_data_analysis_bracu\.venv\Lib\site-packages\sklearn\metrics\_classification.py:1561: UserWarning: Note that pos_label (set to 'Sleep Apnea') is ignored when average != 'binary' (got 'weighted'). You may use labels=[pos_label] to specify a single positive class.
  warnings.warn(

2026-02-01 23:09:09,762:WARNING:c:\Users\Shuvo\sleep_data_analysis_bracu\.venv\Lib\site-packages\sklearn\metrics\_classification.py:1561: UserWarning: Note that pos_label (set to 'Sleep Apnea') is ignored when average != 'binary' (got 'weighted'). You may use labels=[pos_label] to specify a single positive class.
  warnings.warn(

2026-02-01 23:09:09,763:WARNING:c:\Users\Shuvo\sleep_data_analysis_bracu\.venv\Lib\site-packages\sklearn\metrics\_classification.py:1561: UserWarning: Note that pos_label (set to 'Sleep Apnea') is ignored when average != 'binary' (got 'weighted'). You may use labels=[pos_label] to specify a single positive class.
  warnings.warn(

2026-02-01 23:09:09,764:WARNING:c:\Users\Shuvo\sleep_data_analysis_bracu\.venv\Lib\site-packages\sklearn\metrics\_classification.py:1561: UserWarning: Note that pos_label (set to 'Sleep Apnea') is ignored when average != 'binary' (got 'weighted'). You may use labels=[pos_label] to specify a single positive class.
  warnings.warn(

2026-02-01 23:09:09,765:WARNING:c:\Users\Shuvo\sleep_data_analysis_bracu\.venv\Lib\site-packages\sklearn\metrics\_classification.py:1561: UserWarning: Note that pos_label (set to 'Sleep Apnea') is ignored when average != 'binary' (got 'weighted'). You may use labels=[pos_label] to specify a single positive class.
  warnings.warn(

2026-02-01 23:09:09,766:WARNING:c:\Users\Shuvo\sleep_data_analysis_bracu\.venv\Lib\site-packages\sklearn\metrics\_classification.py:1561: UserWarning: Note that pos_label (set to 'Sleep Apnea') is ignored when average != 'binary' (got 'weighted'). You may use labels=[pos_label] to specify a single positive class.
  warnings.warn(

2026-02-01 23:09:09,766:WARNING:c:\Users\Shuvo\sleep_data_analysis_bracu\.venv\Lib\site-packages\sklearn\metrics\_classification.py:1561: UserWarning: Note that pos_label (set to 'Sleep Apnea') is ignored when average != 'binary' (got 'weighted'). You may use labels=[pos_label] to specify a single positive class.
  warnings.warn(

2026-02-01 23:09:09,768:WARNING:c:\Users\Shuvo\sleep_data_analysis_bracu\.venv\Lib\site-packages\sklearn\metrics\_classification.py:1561: UserWarning: Note that pos_label (set to 'Sleep Apnea') is ignored when average != 'binary' (got 'weighted'). You may use labels=[pos_label] to specify a single positive class.
  warnings.warn(

2026-02-01 23:09:09,768:WARNING:c:\Users\Shuvo\sleep_data_analysis_bracu\.venv\Lib\site-packages\pycaret\internal\metrics.py:204: FitFailedWarning: Metric 'make_scorer(roc_auc_score, response_method=('decision_function', 'predict_proba'), average=weighted, multi_class=ovr)' failed and error score 0.0 has been returned instead. If this is a custom metric, this usually means that the error is in the metric code. Full exception below:
Traceback (most recent call last):
  File "c:\Users\Shuvo\sleep_data_analysis_bracu\.venv\Lib\site-packages\pycaret\internal\metrics.py", line 196, in _score
    return super()._score(
           ^^^^^^^^^^^^^^^
  File "c:\Users\Shuvo\sleep_data_analysis_bracu\.venv\Lib\site-packages\sklearn\metrics\_scorer.py", line 350, in _score
    return self._sign * self._score_func(y_true, y_pred, **scoring_kwargs)
                        ^^^^^^^^^^^^^^^^^^^^^^^^^^^^^^^^^^^^^^^^^^^^^^^^^^
  File "c:\Users\Shuvo\sleep_data_analysis_bracu\.venv\Lib\site-packages\pycaret\internal\metrics.py", line 144, in __call__
    return self.score_func(y_true, y_pred, **kwargs)
           ^^^^^^^^^^^^^^^^^^^^^^^^^^^^^^^^^^^^^^^^^
  File "c:\Users\Shuvo\sleep_data_analysis_bracu\.venv\Lib\site-packages\sklearn\utils\_param_validation.py", line 213, in wrapper
    return func(*args, **kwargs)
           ^^^^^^^^^^^^^^^^^^^^^
  File "c:\Users\Shuvo\sleep_data_analysis_bracu\.venv\Lib\site-packages\sklearn\metrics\_ranking.py", line 634, in roc_auc_score
    return _multiclass_roc_auc_score(
           ^^^^^^^^^^^^^^^^^^^^^^^^^^
  File "c:\Users\Shuvo\sleep_data_analysis_bracu\.venv\Lib\site-packages\sklearn\metrics\_ranking.py", line 707, in _multiclass_roc_auc_score
    raise ValueError(
ValueError: Target scores need to be probabilities for multiclass roc_auc, i.e. they should sum up to 1.0 over classes

  warnings.warn(

2026-02-01 23:09:09,770:WARNING:c:\Users\Shuvo\sleep_data_analysis_bracu\.venv\Lib\site-packages\sklearn\metrics\_classification.py:1561: UserWarning: Note that pos_label (set to 'Sleep Apnea') is ignored when average != 'binary' (got 'weighted'). You may use labels=[pos_label] to specify a single positive class.
  warnings.warn(

2026-02-01 23:09:09,772:WARNING:c:\Users\Shuvo\sleep_data_analysis_bracu\.venv\Lib\site-packages\pycaret\internal\metrics.py:204: FitFailedWarning: Metric 'make_scorer(roc_auc_score, response_method=('decision_function', 'predict_proba'), average=weighted, multi_class=ovr)' failed and error score 0.0 has been returned instead. If this is a custom metric, this usually means that the error is in the metric code. Full exception below:
Traceback (most recent call last):
  File "c:\Users\Shuvo\sleep_data_analysis_bracu\.venv\Lib\site-packages\pycaret\internal\metrics.py", line 196, in _score
    return super()._score(
           ^^^^^^^^^^^^^^^
  File "c:\Users\Shuvo\sleep_data_analysis_bracu\.venv\Lib\site-packages\sklearn\metrics\_scorer.py", line 350, in _score
    return self._sign * self._score_func(y_true, y_pred, **scoring_kwargs)
                        ^^^^^^^^^^^^^^^^^^^^^^^^^^^^^^^^^^^^^^^^^^^^^^^^^^
  File "c:\Users\Shuvo\sleep_data_analysis_bracu\.venv\Lib\site-packages\pycaret\internal\metrics.py", line 144, in __call__
    return self.score_func(y_true, y_pred, **kwargs)
           ^^^^^^^^^^^^^^^^^^^^^^^^^^^^^^^^^^^^^^^^^
  File "c:\Users\Shuvo\sleep_data_analysis_bracu\.venv\Lib\site-packages\sklearn\utils\_param_validation.py", line 213, in wrapper
    return func(*args, **kwargs)
           ^^^^^^^^^^^^^^^^^^^^^
  File "c:\Users\Shuvo\sleep_data_analysis_bracu\.venv\Lib\site-packages\sklearn\metrics\_ranking.py", line 634, in roc_auc_score
    return _multiclass_roc_auc_score(
           ^^^^^^^^^^^^^^^^^^^^^^^^^^
  File "c:\Users\Shuvo\sleep_data_analysis_bracu\.venv\Lib\site-packages\sklearn\metrics\_ranking.py", line 707, in _multiclass_roc_auc_score
    raise ValueError(
ValueError: Target scores need to be probabilities for multiclass roc_auc, i.e. they should sum up to 1.0 over classes

  warnings.warn(

2026-02-01 23:09:09,774:WARNING:c:\Users\Shuvo\sleep_data_analysis_bracu\.venv\Lib\site-packages\sklearn\metrics\_classification.py:1561: UserWarning: Note that pos_label (set to 'Sleep Apnea') is ignored when average != 'binary' (got 'weighted'). You may use labels=[pos_label] to specify a single positive class.
  warnings.warn(

2026-02-01 23:09:09,774:WARNING:c:\Users\Shuvo\sleep_data_analysis_bracu\.venv\Lib\site-packages\sklearn\metrics\_classification.py:1561: UserWarning: Note that pos_label (set to 'Sleep Apnea') is ignored when average != 'binary' (got 'weighted'). You may use labels=[pos_label] to specify a single positive class.
  warnings.warn(

2026-02-01 23:09:09,777:WARNING:c:\Users\Shuvo\sleep_data_analysis_bracu\.venv\Lib\site-packages\sklearn\metrics\_classification.py:1561: UserWarning: Note that pos_label (set to 'Sleep Apnea') is ignored when average != 'binary' (got 'weighted'). You may use labels=[pos_label] to specify a single positive class.
  warnings.warn(

2026-02-01 23:09:09,780:WARNING:c:\Users\Shuvo\sleep_data_analysis_bracu\.venv\Lib\site-packages\sklearn\metrics\_classification.py:1561: UserWarning: Note that pos_label (set to 'Sleep Apnea') is ignored when average != 'binary' (got 'weighted'). You may use labels=[pos_label] to specify a single positive class.
  warnings.warn(

2026-02-01 23:09:09,783:WARNING:c:\Users\Shuvo\sleep_data_analysis_bracu\.venv\Lib\site-packages\pycaret\internal\metrics.py:204: FitFailedWarning: Metric 'make_scorer(roc_auc_score, response_method=('decision_function', 'predict_proba'), average=weighted, multi_class=ovr)' failed and error score 0.0 has been returned instead. If this is a custom metric, this usually means that the error is in the metric code. Full exception below:
Traceback (most recent call last):
  File "c:\Users\Shuvo\sleep_data_analysis_bracu\.venv\Lib\site-packages\pycaret\internal\metrics.py", line 196, in _score
    return super()._score(
           ^^^^^^^^^^^^^^^
  File "c:\Users\Shuvo\sleep_data_analysis_bracu\.venv\Lib\site-packages\sklearn\metrics\_scorer.py", line 350, in _score
    return self._sign * self._score_func(y_true, y_pred, **scoring_kwargs)
                        ^^^^^^^^^^^^^^^^^^^^^^^^^^^^^^^^^^^^^^^^^^^^^^^^^^
  File "c:\Users\Shuvo\sleep_data_analysis_bracu\.venv\Lib\site-packages\pycaret\internal\metrics.py", line 144, in __call__
    return self.score_func(y_true, y_pred, **kwargs)
           ^^^^^^^^^^^^^^^^^^^^^^^^^^^^^^^^^^^^^^^^^
  File "c:\Users\Shuvo\sleep_data_analysis_bracu\.venv\Lib\site-packages\sklearn\utils\_param_validation.py", line 213, in wrapper
    return func(*args, **kwargs)
           ^^^^^^^^^^^^^^^^^^^^^
  File "c:\Users\Shuvo\sleep_data_analysis_bracu\.venv\Lib\site-packages\sklearn\metrics\_ranking.py", line 634, in roc_auc_score
    return _multiclass_roc_auc_score(
           ^^^^^^^^^^^^^^^^^^^^^^^^^^
  File "c:\Users\Shuvo\sleep_data_analysis_bracu\.venv\Lib\site-packages\sklearn\metrics\_ranking.py", line 707, in _multiclass_roc_auc_score
    raise ValueError(
ValueError: Target scores need to be probabilities for multiclass roc_auc, i.e. they should sum up to 1.0 over classes

  warnings.warn(

2026-02-01 23:09:09,784:WARNING:c:\Users\Shuvo\sleep_data_analysis_bracu\.venv\Lib\site-packages\sklearn\metrics\_classification.py:1561: UserWarning: Note that pos_label (set to 'Sleep Apnea') is ignored when average != 'binary' (got 'weighted'). You may use labels=[pos_label] to specify a single positive class.
  warnings.warn(

2026-02-01 23:09:09,787:WARNING:c:\Users\Shuvo\sleep_data_analysis_bracu\.venv\Lib\site-packages\sklearn\metrics\_classification.py:1561: UserWarning: Note that pos_label (set to 'Sleep Apnea') is ignored when average != 'binary' (got 'weighted'). You may use labels=[pos_label] to specify a single positive class.
  warnings.warn(

2026-02-01 23:09:09,789:WARNING:c:\Users\Shuvo\sleep_data_analysis_bracu\.venv\Lib\site-packages\sklearn\metrics\_classification.py:1561: UserWarning: Note that pos_label (set to 'Sleep Apnea') is ignored when average != 'binary' (got 'weighted'). You may use labels=[pos_label] to specify a single positive class.
  warnings.warn(

2026-02-01 23:09:09,800:INFO:Calculating mean and std
2026-02-01 23:09:09,801:INFO:Creating metrics dataframe
2026-02-01 23:09:09,803:INFO:Uploading results into container
2026-02-01 23:09:09,803:INFO:Uploading model into container now
2026-02-01 23:09:09,804:INFO:_master_model_container: 11
2026-02-01 23:09:09,804:INFO:_display_container: 2
2026-02-01 23:09:09,805:INFO:LinearDiscriminantAnalysis(covariance_estimator=None, n_components=None,
                           priors=None, shrinkage=None, solver='svd',
                           store_covariance=False, tol=0.0001)
2026-02-01 23:09:09,805:INFO:create_model() successfully completed......................................
2026-02-01 23:09:09,919:INFO:SubProcess create_model() end ==================================
2026-02-01 23:09:09,919:INFO:Creating metrics dataframe
2026-02-01 23:09:09,928:INFO:Initializing Extra Trees Classifier
2026-02-01 23:09:09,928:INFO:Total runtime is 0.24517350594202678 minutes
2026-02-01 23:09:09,933:INFO:SubProcess create_model() called ==================================
2026-02-01 23:09:09,934:INFO:Initializing create_model()
2026-02-01 23:09:09,935:INFO:create_model(self=<pycaret.classification.oop.ClassificationExperiment object at 0x0000027B8AE03350>, estimator=et, fold=StratifiedKFold(n_splits=10, random_state=None, shuffle=False), round=4, cross_validation=True, predict=True, fit_kwargs={}, groups=None, refit=False, probability_threshold=None, experiment_custom_tags=None, verbose=False, system=False, add_to_model_list=True, metrics=None, display=<pycaret.internal.display.display.CommonDisplay object at 0x0000027B8ADF7050>, model_only=True, return_train_score=False, error_score=0.0, kwargs={})
2026-02-01 23:09:09,935:INFO:Checking exceptions
2026-02-01 23:09:09,935:INFO:Importing libraries
2026-02-01 23:09:09,935:INFO:Copying training dataset
2026-02-01 23:09:09,941:INFO:Defining folds
2026-02-01 23:09:09,941:INFO:Declaring metric variables
2026-02-01 23:09:09,946:INFO:Importing untrained model
2026-02-01 23:09:09,951:INFO:Extra Trees Classifier Imported successfully
2026-02-01 23:09:09,962:INFO:Starting cross validation
2026-02-01 23:09:09,964:INFO:Cross validating with StratifiedKFold(n_splits=10, random_state=None, shuffle=False), n_jobs=-1
2026-02-01 23:09:10,592:WARNING:c:\Users\Shuvo\sleep_data_analysis_bracu\.venv\Lib\site-packages\sklearn\metrics\_classification.py:1561: UserWarning: Note that pos_label (set to 'Sleep Apnea') is ignored when average != 'binary' (got 'weighted'). You may use labels=[pos_label] to specify a single positive class.
  warnings.warn(

2026-02-01 23:09:10,595:WARNING:c:\Users\Shuvo\sleep_data_analysis_bracu\.venv\Lib\site-packages\sklearn\metrics\_classification.py:1561: UserWarning: Note that pos_label (set to 'Sleep Apnea') is ignored when average != 'binary' (got 'weighted'). You may use labels=[pos_label] to specify a single positive class.
  warnings.warn(

2026-02-01 23:09:10,600:WARNING:c:\Users\Shuvo\sleep_data_analysis_bracu\.venv\Lib\site-packages\sklearn\metrics\_classification.py:1561: UserWarning: Note that pos_label (set to 'Sleep Apnea') is ignored when average != 'binary' (got 'weighted'). You may use labels=[pos_label] to specify a single positive class.
  warnings.warn(

2026-02-01 23:09:10,601:WARNING:c:\Users\Shuvo\sleep_data_analysis_bracu\.venv\Lib\site-packages\sklearn\metrics\_classification.py:1561: UserWarning: Note that pos_label (set to 'Sleep Apnea') is ignored when average != 'binary' (got 'weighted'). You may use labels=[pos_label] to specify a single positive class.
  warnings.warn(

2026-02-01 23:09:10,602:WARNING:c:\Users\Shuvo\sleep_data_analysis_bracu\.venv\Lib\site-packages\sklearn\metrics\_classification.py:1561: UserWarning: Note that pos_label (set to 'Sleep Apnea') is ignored when average != 'binary' (got 'weighted'). You may use labels=[pos_label] to specify a single positive class.
  warnings.warn(

2026-02-01 23:09:10,603:WARNING:c:\Users\Shuvo\sleep_data_analysis_bracu\.venv\Lib\site-packages\sklearn\metrics\_classification.py:1561: UserWarning: Note that pos_label (set to 'Sleep Apnea') is ignored when average != 'binary' (got 'weighted'). You may use labels=[pos_label] to specify a single positive class.
  warnings.warn(

2026-02-01 23:09:10,604:WARNING:c:\Users\Shuvo\sleep_data_analysis_bracu\.venv\Lib\site-packages\sklearn\metrics\_classification.py:1561: UserWarning: Note that pos_label (set to 'Sleep Apnea') is ignored when average != 'binary' (got 'weighted'). You may use labels=[pos_label] to specify a single positive class.
  warnings.warn(

2026-02-01 23:09:10,604:WARNING:c:\Users\Shuvo\sleep_data_analysis_bracu\.venv\Lib\site-packages\sklearn\metrics\_classification.py:1561: UserWarning: Note that pos_label (set to 'Sleep Apnea') is ignored when average != 'binary' (got 'weighted'). You may use labels=[pos_label] to specify a single positive class.
  warnings.warn(

2026-02-01 23:09:10,605:WARNING:c:\Users\Shuvo\sleep_data_analysis_bracu\.venv\Lib\site-packages\sklearn\metrics\_classification.py:1561: UserWarning: Note that pos_label (set to 'Sleep Apnea') is ignored when average != 'binary' (got 'weighted'). You may use labels=[pos_label] to specify a single positive class.
  warnings.warn(

2026-02-01 23:09:10,607:WARNING:c:\Users\Shuvo\sleep_data_analysis_bracu\.venv\Lib\site-packages\sklearn\metrics\_classification.py:1561: UserWarning: Note that pos_label (set to 'Sleep Apnea') is ignored when average != 'binary' (got 'weighted'). You may use labels=[pos_label] to specify a single positive class.
  warnings.warn(

2026-02-01 23:09:10,608:WARNING:c:\Users\Shuvo\sleep_data_analysis_bracu\.venv\Lib\site-packages\sklearn\metrics\_classification.py:1561: UserWarning: Note that pos_label (set to 'Sleep Apnea') is ignored when average != 'binary' (got 'weighted'). You may use labels=[pos_label] to specify a single positive class.
  warnings.warn(

2026-02-01 23:09:10,609:WARNING:c:\Users\Shuvo\sleep_data_analysis_bracu\.venv\Lib\site-packages\sklearn\metrics\_classification.py:1561: UserWarning: Note that pos_label (set to 'Sleep Apnea') is ignored when average != 'binary' (got 'weighted'). You may use labels=[pos_label] to specify a single positive class.
  warnings.warn(

2026-02-01 23:09:10,610:WARNING:c:\Users\Shuvo\sleep_data_analysis_bracu\.venv\Lib\site-packages\sklearn\metrics\_classification.py:1561: UserWarning: Note that pos_label (set to 'Sleep Apnea') is ignored when average != 'binary' (got 'weighted'). You may use labels=[pos_label] to specify a single positive class.
  warnings.warn(

2026-02-01 23:09:10,610:WARNING:c:\Users\Shuvo\sleep_data_analysis_bracu\.venv\Lib\site-packages\sklearn\metrics\_classification.py:1561: UserWarning: Note that pos_label (set to 'Sleep Apnea') is ignored when average != 'binary' (got 'weighted'). You may use labels=[pos_label] to specify a single positive class.
  warnings.warn(

2026-02-01 23:09:10,611:WARNING:c:\Users\Shuvo\sleep_data_analysis_bracu\.venv\Lib\site-packages\sklearn\metrics\_classification.py:1561: UserWarning: Note that pos_label (set to 'Sleep Apnea') is ignored when average != 'binary' (got 'weighted'). You may use labels=[pos_label] to specify a single positive class.
  warnings.warn(

2026-02-01 23:09:10,612:WARNING:c:\Users\Shuvo\sleep_data_analysis_bracu\.venv\Lib\site-packages\sklearn\metrics\_classification.py:1561: UserWarning: Note that pos_label (set to 'Sleep Apnea') is ignored when average != 'binary' (got 'weighted'). You may use labels=[pos_label] to specify a single positive class.
  warnings.warn(

2026-02-01 23:09:10,609:WARNING:c:\Users\Shuvo\sleep_data_analysis_bracu\.venv\Lib\site-packages\sklearn\metrics\_classification.py:1561: UserWarning: Note that pos_label (set to 'Sleep Apnea') is ignored when average != 'binary' (got 'weighted'). You may use labels=[pos_label] to specify a single positive class.
  warnings.warn(

2026-02-01 23:09:10,616:WARNING:c:\Users\Shuvo\sleep_data_analysis_bracu\.venv\Lib\site-packages\sklearn\metrics\_classification.py:1561: UserWarning: Note that pos_label (set to 'Sleep Apnea') is ignored when average != 'binary' (got 'weighted'). You may use labels=[pos_label] to specify a single positive class.
  warnings.warn(

2026-02-01 23:09:10,619:WARNING:c:\Users\Shuvo\sleep_data_analysis_bracu\.venv\Lib\site-packages\sklearn\metrics\_classification.py:1561: UserWarning: Note that pos_label (set to 'Sleep Apnea') is ignored when average != 'binary' (got 'weighted'). You may use labels=[pos_label] to specify a single positive class.
  warnings.warn(

2026-02-01 23:09:10,621:WARNING:c:\Users\Shuvo\sleep_data_analysis_bracu\.venv\Lib\site-packages\sklearn\metrics\_classification.py:1561: UserWarning: Note that pos_label (set to 'Sleep Apnea') is ignored when average != 'binary' (got 'weighted'). You may use labels=[pos_label] to specify a single positive class.
  warnings.warn(

2026-02-01 23:09:10,625:WARNING:c:\Users\Shuvo\sleep_data_analysis_bracu\.venv\Lib\site-packages\sklearn\metrics\_classification.py:1561: UserWarning: Note that pos_label (set to 'Sleep Apnea') is ignored when average != 'binary' (got 'weighted'). You may use labels=[pos_label] to specify a single positive class.
  warnings.warn(

2026-02-01 23:09:10,625:WARNING:c:\Users\Shuvo\sleep_data_analysis_bracu\.venv\Lib\site-packages\sklearn\metrics\_classification.py:1561: UserWarning: Note that pos_label (set to 'Sleep Apnea') is ignored when average != 'binary' (got 'weighted'). You may use labels=[pos_label] to specify a single positive class.
  warnings.warn(

2026-02-01 23:09:10,625:WARNING:c:\Users\Shuvo\sleep_data_analysis_bracu\.venv\Lib\site-packages\sklearn\metrics\_classification.py:1561: UserWarning: Note that pos_label (set to 'Sleep Apnea') is ignored when average != 'binary' (got 'weighted'). You may use labels=[pos_label] to specify a single positive class.
  warnings.warn(

2026-02-01 23:09:10,627:WARNING:c:\Users\Shuvo\sleep_data_analysis_bracu\.venv\Lib\site-packages\sklearn\metrics\_classification.py:1561: UserWarning: Note that pos_label (set to 'Sleep Apnea') is ignored when average != 'binary' (got 'weighted'). You may use labels=[pos_label] to specify a single positive class.
  warnings.warn(

2026-02-01 23:09:10,627:WARNING:c:\Users\Shuvo\sleep_data_analysis_bracu\.venv\Lib\site-packages\sklearn\metrics\_classification.py:1561: UserWarning: Note that pos_label (set to 'Sleep Apnea') is ignored when average != 'binary' (got 'weighted'). You may use labels=[pos_label] to specify a single positive class.
  warnings.warn(

2026-02-01 23:09:10,630:WARNING:c:\Users\Shuvo\sleep_data_analysis_bracu\.venv\Lib\site-packages\sklearn\metrics\_classification.py:1561: UserWarning: Note that pos_label (set to 'Sleep Apnea') is ignored when average != 'binary' (got 'weighted'). You may use labels=[pos_label] to specify a single positive class.
  warnings.warn(

2026-02-01 23:09:10,633:WARNING:c:\Users\Shuvo\sleep_data_analysis_bracu\.venv\Lib\site-packages\sklearn\metrics\_classification.py:1561: UserWarning: Note that pos_label (set to 'Sleep Apnea') is ignored when average != 'binary' (got 'weighted'). You may use labels=[pos_label] to specify a single positive class.
  warnings.warn(

2026-02-01 23:09:10,637:WARNING:c:\Users\Shuvo\sleep_data_analysis_bracu\.venv\Lib\site-packages\sklearn\metrics\_classification.py:1561: UserWarning: Note that pos_label (set to 'Sleep Apnea') is ignored when average != 'binary' (got 'weighted'). You may use labels=[pos_label] to specify a single positive class.
  warnings.warn(

2026-02-01 23:09:10,640:WARNING:c:\Users\Shuvo\sleep_data_analysis_bracu\.venv\Lib\site-packages\sklearn\metrics\_classification.py:1561: UserWarning: Note that pos_label (set to 'Sleep Apnea') is ignored when average != 'binary' (got 'weighted'). You may use labels=[pos_label] to specify a single positive class.
  warnings.warn(

2026-02-01 23:09:10,646:INFO:Calculating mean and std
2026-02-01 23:09:10,647:INFO:Creating metrics dataframe
2026-02-01 23:09:10,651:INFO:Uploading results into container
2026-02-01 23:09:10,652:INFO:Uploading model into container now
2026-02-01 23:09:10,653:INFO:_master_model_container: 12
2026-02-01 23:09:10,653:INFO:_display_container: 2
2026-02-01 23:09:10,654:INFO:ExtraTreesClassifier(bootstrap=False, ccp_alpha=0.0, class_weight=None,
                     criterion='gini', max_depth=None, max_features='sqrt',
                     max_leaf_nodes=None, max_samples=None,
                     min_impurity_decrease=0.0, min_samples_leaf=1,
                     min_samples_split=2, min_weight_fraction_leaf=0.0,
                     monotonic_cst=None, n_estimators=100, n_jobs=-1,
                     oob_score=False, random_state=12, verbose=0,
                     warm_start=False)
2026-02-01 23:09:10,654:INFO:create_model() successfully completed......................................
2026-02-01 23:09:10,788:INFO:SubProcess create_model() end ==================================
2026-02-01 23:09:10,789:INFO:Creating metrics dataframe
2026-02-01 23:09:10,798:INFO:Initializing Light Gradient Boosting Machine
2026-02-01 23:09:10,798:INFO:Total runtime is 0.25967288414637246 minutes
2026-02-01 23:09:10,802:INFO:SubProcess create_model() called ==================================
2026-02-01 23:09:10,803:INFO:Initializing create_model()
2026-02-01 23:09:10,803:INFO:create_model(self=<pycaret.classification.oop.ClassificationExperiment object at 0x0000027B8AE03350>, estimator=lightgbm, fold=StratifiedKFold(n_splits=10, random_state=None, shuffle=False), round=4, cross_validation=True, predict=True, fit_kwargs={}, groups=None, refit=False, probability_threshold=None, experiment_custom_tags=None, verbose=False, system=False, add_to_model_list=True, metrics=None, display=<pycaret.internal.display.display.CommonDisplay object at 0x0000027B8ADF7050>, model_only=True, return_train_score=False, error_score=0.0, kwargs={})
2026-02-01 23:09:10,803:INFO:Checking exceptions
2026-02-01 23:09:10,803:INFO:Importing libraries
2026-02-01 23:09:10,803:INFO:Copying training dataset
2026-02-01 23:09:10,808:INFO:Defining folds
2026-02-01 23:09:10,809:INFO:Declaring metric variables
2026-02-01 23:09:10,813:INFO:Importing untrained model
2026-02-01 23:09:10,818:INFO:Light Gradient Boosting Machine Imported successfully
2026-02-01 23:09:10,828:INFO:Starting cross validation
2026-02-01 23:09:10,831:INFO:Cross validating with StratifiedKFold(n_splits=10, random_state=None, shuffle=False), n_jobs=-1
2026-02-01 23:09:11,705:WARNING:c:\Users\Shuvo\sleep_data_analysis_bracu\.venv\Lib\site-packages\sklearn\metrics\_classification.py:1561: UserWarning: Note that pos_label (set to 'Sleep Apnea') is ignored when average != 'binary' (got 'weighted'). You may use labels=[pos_label] to specify a single positive class.
  warnings.warn(

2026-02-01 23:09:11,709:WARNING:c:\Users\Shuvo\sleep_data_analysis_bracu\.venv\Lib\site-packages\sklearn\metrics\_classification.py:1561: UserWarning: Note that pos_label (set to 'Sleep Apnea') is ignored when average != 'binary' (got 'weighted'). You may use labels=[pos_label] to specify a single positive class.
  warnings.warn(

2026-02-01 23:09:11,715:WARNING:c:\Users\Shuvo\sleep_data_analysis_bracu\.venv\Lib\site-packages\sklearn\metrics\_classification.py:1561: UserWarning: Note that pos_label (set to 'Sleep Apnea') is ignored when average != 'binary' (got 'weighted'). You may use labels=[pos_label] to specify a single positive class.
  warnings.warn(

2026-02-01 23:09:11,730:WARNING:c:\Users\Shuvo\sleep_data_analysis_bracu\.venv\Lib\site-packages\sklearn\metrics\_classification.py:1561: UserWarning: Note that pos_label (set to 'Sleep Apnea') is ignored when average != 'binary' (got 'weighted'). You may use labels=[pos_label] to specify a single positive class.
  warnings.warn(

2026-02-01 23:09:11,735:WARNING:c:\Users\Shuvo\sleep_data_analysis_bracu\.venv\Lib\site-packages\sklearn\metrics\_classification.py:1561: UserWarning: Note that pos_label (set to 'Sleep Apnea') is ignored when average != 'binary' (got 'weighted'). You may use labels=[pos_label] to specify a single positive class.
  warnings.warn(

2026-02-01 23:09:11,739:WARNING:c:\Users\Shuvo\sleep_data_analysis_bracu\.venv\Lib\site-packages\sklearn\metrics\_classification.py:1561: UserWarning: Note that pos_label (set to 'Sleep Apnea') is ignored when average != 'binary' (got 'weighted'). You may use labels=[pos_label] to specify a single positive class.
  warnings.warn(

2026-02-01 23:09:11,779:WARNING:c:\Users\Shuvo\sleep_data_analysis_bracu\.venv\Lib\site-packages\sklearn\metrics\_classification.py:1561: UserWarning: Note that pos_label (set to 'Sleep Apnea') is ignored when average != 'binary' (got 'weighted'). You may use labels=[pos_label] to specify a single positive class.
  warnings.warn(

2026-02-01 23:09:11,783:WARNING:c:\Users\Shuvo\sleep_data_analysis_bracu\.venv\Lib\site-packages\sklearn\metrics\_classification.py:1561: UserWarning: Note that pos_label (set to 'Sleep Apnea') is ignored when average != 'binary' (got 'weighted'). You may use labels=[pos_label] to specify a single positive class.
  warnings.warn(

2026-02-01 23:09:11,787:WARNING:c:\Users\Shuvo\sleep_data_analysis_bracu\.venv\Lib\site-packages\sklearn\metrics\_classification.py:1561: UserWarning: Note that pos_label (set to 'Sleep Apnea') is ignored when average != 'binary' (got 'weighted'). You may use labels=[pos_label] to specify a single positive class.
  warnings.warn(

2026-02-01 23:09:11,827:WARNING:c:\Users\Shuvo\sleep_data_analysis_bracu\.venv\Lib\site-packages\sklearn\metrics\_classification.py:1561: UserWarning: Note that pos_label (set to 'Sleep Apnea') is ignored when average != 'binary' (got 'weighted'). You may use labels=[pos_label] to specify a single positive class.
  warnings.warn(

2026-02-01 23:09:11,831:WARNING:c:\Users\Shuvo\sleep_data_analysis_bracu\.venv\Lib\site-packages\sklearn\metrics\_classification.py:1561: UserWarning: Note that pos_label (set to 'Sleep Apnea') is ignored when average != 'binary' (got 'weighted'). You may use labels=[pos_label] to specify a single positive class.
  warnings.warn(

2026-02-01 23:09:11,835:WARNING:c:\Users\Shuvo\sleep_data_analysis_bracu\.venv\Lib\site-packages\sklearn\metrics\_classification.py:1561: UserWarning: Note that pos_label (set to 'Sleep Apnea') is ignored when average != 'binary' (got 'weighted'). You may use labels=[pos_label] to specify a single positive class.
  warnings.warn(

2026-02-01 23:09:11,890:WARNING:c:\Users\Shuvo\sleep_data_analysis_bracu\.venv\Lib\site-packages\sklearn\metrics\_classification.py:1561: UserWarning: Note that pos_label (set to 'Sleep Apnea') is ignored when average != 'binary' (got 'weighted'). You may use labels=[pos_label] to specify a single positive class.
  warnings.warn(

2026-02-01 23:09:11,895:WARNING:c:\Users\Shuvo\sleep_data_analysis_bracu\.venv\Lib\site-packages\sklearn\metrics\_classification.py:1561: UserWarning: Note that pos_label (set to 'Sleep Apnea') is ignored when average != 'binary' (got 'weighted'). You may use labels=[pos_label] to specify a single positive class.
  warnings.warn(

2026-02-01 23:09:11,899:WARNING:c:\Users\Shuvo\sleep_data_analysis_bracu\.venv\Lib\site-packages\sklearn\metrics\_classification.py:1561: UserWarning: Note that pos_label (set to 'Sleep Apnea') is ignored when average != 'binary' (got 'weighted'). You may use labels=[pos_label] to specify a single positive class.
  warnings.warn(

2026-02-01 23:09:11,910:WARNING:c:\Users\Shuvo\sleep_data_analysis_bracu\.venv\Lib\site-packages\sklearn\metrics\_classification.py:1561: UserWarning: Note that pos_label (set to 'Sleep Apnea') is ignored when average != 'binary' (got 'weighted'). You may use labels=[pos_label] to specify a single positive class.
  warnings.warn(

2026-02-01 23:09:11,914:WARNING:c:\Users\Shuvo\sleep_data_analysis_bracu\.venv\Lib\site-packages\sklearn\metrics\_classification.py:1561: UserWarning: Note that pos_label (set to 'Sleep Apnea') is ignored when average != 'binary' (got 'weighted'). You may use labels=[pos_label] to specify a single positive class.
  warnings.warn(

2026-02-01 23:09:11,919:WARNING:c:\Users\Shuvo\sleep_data_analysis_bracu\.venv\Lib\site-packages\sklearn\metrics\_classification.py:1561: UserWarning: Note that pos_label (set to 'Sleep Apnea') is ignored when average != 'binary' (got 'weighted'). You may use labels=[pos_label] to specify a single positive class.
  warnings.warn(

2026-02-01 23:09:11,941:WARNING:c:\Users\Shuvo\sleep_data_analysis_bracu\.venv\Lib\site-packages\sklearn\metrics\_classification.py:1561: UserWarning: Note that pos_label (set to 'Sleep Apnea') is ignored when average != 'binary' (got 'weighted'). You may use labels=[pos_label] to specify a single positive class.
  warnings.warn(

2026-02-01 23:09:11,945:WARNING:c:\Users\Shuvo\sleep_data_analysis_bracu\.venv\Lib\site-packages\sklearn\metrics\_classification.py:1561: UserWarning: Note that pos_label (set to 'Sleep Apnea') is ignored when average != 'binary' (got 'weighted'). You may use labels=[pos_label] to specify a single positive class.
  warnings.warn(

2026-02-01 23:09:11,947:WARNING:c:\Users\Shuvo\sleep_data_analysis_bracu\.venv\Lib\site-packages\sklearn\metrics\_classification.py:1561: UserWarning: Note that pos_label (set to 'Sleep Apnea') is ignored when average != 'binary' (got 'weighted'). You may use labels=[pos_label] to specify a single positive class.
  warnings.warn(

2026-02-01 23:09:11,950:WARNING:c:\Users\Shuvo\sleep_data_analysis_bracu\.venv\Lib\site-packages\sklearn\metrics\_classification.py:1561: UserWarning: Note that pos_label (set to 'Sleep Apnea') is ignored when average != 'binary' (got 'weighted'). You may use labels=[pos_label] to specify a single positive class.
  warnings.warn(

2026-02-01 23:09:11,951:WARNING:c:\Users\Shuvo\sleep_data_analysis_bracu\.venv\Lib\site-packages\sklearn\metrics\_classification.py:1561: UserWarning: Note that pos_label (set to 'Sleep Apnea') is ignored when average != 'binary' (got 'weighted'). You may use labels=[pos_label] to specify a single positive class.
  warnings.warn(

2026-02-01 23:09:11,954:WARNING:c:\Users\Shuvo\sleep_data_analysis_bracu\.venv\Lib\site-packages\sklearn\metrics\_classification.py:1561: UserWarning: Note that pos_label (set to 'Sleep Apnea') is ignored when average != 'binary' (got 'weighted'). You may use labels=[pos_label] to specify a single positive class.
  warnings.warn(

2026-02-01 23:09:11,989:WARNING:c:\Users\Shuvo\sleep_data_analysis_bracu\.venv\Lib\site-packages\sklearn\metrics\_classification.py:1561: UserWarning: Note that pos_label (set to 'Sleep Apnea') is ignored when average != 'binary' (got 'weighted'). You may use labels=[pos_label] to specify a single positive class.
  warnings.warn(

2026-02-01 23:09:11,992:WARNING:c:\Users\Shuvo\sleep_data_analysis_bracu\.venv\Lib\site-packages\sklearn\metrics\_classification.py:1561: UserWarning: Note that pos_label (set to 'Sleep Apnea') is ignored when average != 'binary' (got 'weighted'). You may use labels=[pos_label] to specify a single positive class.
  warnings.warn(

2026-02-01 23:09:11,996:WARNING:c:\Users\Shuvo\sleep_data_analysis_bracu\.venv\Lib\site-packages\sklearn\metrics\_classification.py:1561: UserWarning: Note that pos_label (set to 'Sleep Apnea') is ignored when average != 'binary' (got 'weighted'). You may use labels=[pos_label] to specify a single positive class.
  warnings.warn(

2026-02-01 23:09:12,030:WARNING:c:\Users\Shuvo\sleep_data_analysis_bracu\.venv\Lib\site-packages\sklearn\metrics\_classification.py:1561: UserWarning: Note that pos_label (set to 'Sleep Apnea') is ignored when average != 'binary' (got 'weighted'). You may use labels=[pos_label] to specify a single positive class.
  warnings.warn(

2026-02-01 23:09:12,035:WARNING:c:\Users\Shuvo\sleep_data_analysis_bracu\.venv\Lib\site-packages\sklearn\metrics\_classification.py:1561: UserWarning: Note that pos_label (set to 'Sleep Apnea') is ignored when average != 'binary' (got 'weighted'). You may use labels=[pos_label] to specify a single positive class.
  warnings.warn(

2026-02-01 23:09:12,038:WARNING:c:\Users\Shuvo\sleep_data_analysis_bracu\.venv\Lib\site-packages\sklearn\metrics\_classification.py:1561: UserWarning: Note that pos_label (set to 'Sleep Apnea') is ignored when average != 'binary' (got 'weighted'). You may use labels=[pos_label] to specify a single positive class.
  warnings.warn(

2026-02-01 23:09:12,050:INFO:Calculating mean and std
2026-02-01 23:09:12,052:INFO:Creating metrics dataframe
2026-02-01 23:09:12,056:INFO:Uploading results into container
2026-02-01 23:09:12,057:INFO:Uploading model into container now
2026-02-01 23:09:12,058:INFO:_master_model_container: 13
2026-02-01 23:09:12,058:INFO:_display_container: 2
2026-02-01 23:09:12,059:INFO:LGBMClassifier(boosting_type='gbdt', class_weight=None, colsample_bytree=1.0,
               importance_type='split', learning_rate=0.1, max_depth=-1,
               min_child_samples=20, min_child_weight=0.001, min_split_gain=0.0,
               n_estimators=100, n_jobs=-1, num_leaves=31, objective=None,
               random_state=12, reg_alpha=0.0, reg_lambda=0.0, subsample=1.0,
               subsample_for_bin=200000, subsample_freq=0)
2026-02-01 23:09:12,059:INFO:create_model() successfully completed......................................
2026-02-01 23:09:12,189:INFO:SubProcess create_model() end ==================================
2026-02-01 23:09:12,190:INFO:Creating metrics dataframe
2026-02-01 23:09:12,199:INFO:Initializing Dummy Classifier
2026-02-01 23:09:12,199:INFO:Total runtime is 0.28302968343098955 minutes
2026-02-01 23:09:12,203:INFO:SubProcess create_model() called ==================================
2026-02-01 23:09:12,204:INFO:Initializing create_model()
2026-02-01 23:09:12,204:INFO:create_model(self=<pycaret.classification.oop.ClassificationExperiment object at 0x0000027B8AE03350>, estimator=dummy, fold=StratifiedKFold(n_splits=10, random_state=None, shuffle=False), round=4, cross_validation=True, predict=True, fit_kwargs={}, groups=None, refit=False, probability_threshold=None, experiment_custom_tags=None, verbose=False, system=False, add_to_model_list=True, metrics=None, display=<pycaret.internal.display.display.CommonDisplay object at 0x0000027B8ADF7050>, model_only=True, return_train_score=False, error_score=0.0, kwargs={})
2026-02-01 23:09:12,204:INFO:Checking exceptions
2026-02-01 23:09:12,204:INFO:Importing libraries
2026-02-01 23:09:12,204:INFO:Copying training dataset
2026-02-01 23:09:12,210:INFO:Defining folds
2026-02-01 23:09:12,210:INFO:Declaring metric variables
2026-02-01 23:09:12,213:INFO:Importing untrained model
2026-02-01 23:09:12,218:INFO:Dummy Classifier Imported successfully
2026-02-01 23:09:12,225:INFO:Starting cross validation
2026-02-01 23:09:12,228:INFO:Cross validating with StratifiedKFold(n_splits=10, random_state=None, shuffle=False), n_jobs=-1
2026-02-01 23:09:12,364:WARNING:c:\Users\Shuvo\sleep_data_analysis_bracu\.venv\Lib\site-packages\sklearn\metrics\_classification.py:1561: UserWarning: Note that pos_label (set to 'Sleep Apnea') is ignored when average != 'binary' (got 'weighted'). You may use labels=[pos_label] to specify a single positive class.
  warnings.warn(

2026-02-01 23:09:12,367:WARNING:c:\Users\Shuvo\sleep_data_analysis_bracu\.venv\Lib\site-packages\sklearn\metrics\_classification.py:1561: UserWarning: Note that pos_label (set to 'Sleep Apnea') is ignored when average != 'binary' (got 'weighted'). You may use labels=[pos_label] to specify a single positive class.
  warnings.warn(

2026-02-01 23:09:12,369:WARNING:c:\Users\Shuvo\sleep_data_analysis_bracu\.venv\Lib\site-packages\sklearn\metrics\_classification.py:1561: UserWarning: Note that pos_label (set to 'Sleep Apnea') is ignored when average != 'binary' (got 'weighted'). You may use labels=[pos_label] to specify a single positive class.
  warnings.warn(

2026-02-01 23:09:12,371:WARNING:c:\Users\Shuvo\sleep_data_analysis_bracu\.venv\Lib\site-packages\sklearn\metrics\_classification.py:1509: UndefinedMetricWarning: Precision is ill-defined and being set to 0.0 in labels with no predicted samples. Use `zero_division` parameter to control this behavior.
  _warn_prf(average, modifier, f"{metric.capitalize()} is", len(result))

2026-02-01 23:09:12,371:WARNING:c:\Users\Shuvo\sleep_data_analysis_bracu\.venv\Lib\site-packages\sklearn\metrics\_classification.py:1561: UserWarning: Note that pos_label (set to 'Sleep Apnea') is ignored when average != 'binary' (got 'weighted'). You may use labels=[pos_label] to specify a single positive class.
  warnings.warn(

2026-02-01 23:09:12,374:WARNING:c:\Users\Shuvo\sleep_data_analysis_bracu\.venv\Lib\site-packages\sklearn\metrics\_classification.py:1509: UndefinedMetricWarning: Precision is ill-defined and being set to 0.0 in labels with no predicted samples. Use `zero_division` parameter to control this behavior.
  _warn_prf(average, modifier, f"{metric.capitalize()} is", len(result))

2026-02-01 23:09:12,374:WARNING:c:\Users\Shuvo\sleep_data_analysis_bracu\.venv\Lib\site-packages\sklearn\metrics\_classification.py:1561: UserWarning: Note that pos_label (set to 'Sleep Apnea') is ignored when average != 'binary' (got 'weighted'). You may use labels=[pos_label] to specify a single positive class.
  warnings.warn(

2026-02-01 23:09:12,374:WARNING:c:\Users\Shuvo\sleep_data_analysis_bracu\.venv\Lib\site-packages\sklearn\metrics\_classification.py:1561: UserWarning: Note that pos_label (set to 'Sleep Apnea') is ignored when average != 'binary' (got 'weighted'). You may use labels=[pos_label] to specify a single positive class.
  warnings.warn(

2026-02-01 23:09:12,374:WARNING:c:\Users\Shuvo\sleep_data_analysis_bracu\.venv\Lib\site-packages\sklearn\metrics\_classification.py:1561: UserWarning: Note that pos_label (set to 'Sleep Apnea') is ignored when average != 'binary' (got 'weighted'). You may use labels=[pos_label] to specify a single positive class.
  warnings.warn(

2026-02-01 23:09:12,376:WARNING:c:\Users\Shuvo\sleep_data_analysis_bracu\.venv\Lib\site-packages\sklearn\metrics\_classification.py:1561: UserWarning: Note that pos_label (set to 'Sleep Apnea') is ignored when average != 'binary' (got 'weighted'). You may use labels=[pos_label] to specify a single positive class.
  warnings.warn(

2026-02-01 23:09:12,377:WARNING:c:\Users\Shuvo\sleep_data_analysis_bracu\.venv\Lib\site-packages\sklearn\metrics\_classification.py:1561: UserWarning: Note that pos_label (set to 'Sleep Apnea') is ignored when average != 'binary' (got 'weighted'). You may use labels=[pos_label] to specify a single positive class.
  warnings.warn(

2026-02-01 23:09:12,377:WARNING:c:\Users\Shuvo\sleep_data_analysis_bracu\.venv\Lib\site-packages\sklearn\metrics\_classification.py:1561: UserWarning: Note that pos_label (set to 'Sleep Apnea') is ignored when average != 'binary' (got 'weighted'). You may use labels=[pos_label] to specify a single positive class.
  warnings.warn(

2026-02-01 23:09:12,377:WARNING:c:\Users\Shuvo\sleep_data_analysis_bracu\.venv\Lib\site-packages\sklearn\metrics\_classification.py:1509: UndefinedMetricWarning: Precision is ill-defined and being set to 0.0 in labels with no predicted samples. Use `zero_division` parameter to control this behavior.
  _warn_prf(average, modifier, f"{metric.capitalize()} is", len(result))

2026-02-01 23:09:12,378:WARNING:c:\Users\Shuvo\sleep_data_analysis_bracu\.venv\Lib\site-packages\sklearn\metrics\_classification.py:1509: UndefinedMetricWarning: Precision is ill-defined and being set to 0.0 in labels with no predicted samples. Use `zero_division` parameter to control this behavior.
  _warn_prf(average, modifier, f"{metric.capitalize()} is", len(result))

2026-02-01 23:09:12,379:WARNING:c:\Users\Shuvo\sleep_data_analysis_bracu\.venv\Lib\site-packages\sklearn\metrics\_classification.py:1561: UserWarning: Note that pos_label (set to 'Sleep Apnea') is ignored when average != 'binary' (got 'weighted'). You may use labels=[pos_label] to specify a single positive class.
  warnings.warn(

2026-02-01 23:09:12,380:WARNING:c:\Users\Shuvo\sleep_data_analysis_bracu\.venv\Lib\site-packages\sklearn\metrics\_classification.py:1561: UserWarning: Note that pos_label (set to 'Sleep Apnea') is ignored when average != 'binary' (got 'weighted'). You may use labels=[pos_label] to specify a single positive class.
  warnings.warn(

2026-02-01 23:09:12,381:WARNING:c:\Users\Shuvo\sleep_data_analysis_bracu\.venv\Lib\site-packages\sklearn\metrics\_classification.py:1561: UserWarning: Note that pos_label (set to 'Sleep Apnea') is ignored when average != 'binary' (got 'weighted'). You may use labels=[pos_label] to specify a single positive class.
  warnings.warn(

2026-02-01 23:09:12,382:WARNING:c:\Users\Shuvo\sleep_data_analysis_bracu\.venv\Lib\site-packages\sklearn\metrics\_classification.py:1561: UserWarning: Note that pos_label (set to 'Sleep Apnea') is ignored when average != 'binary' (got 'weighted'). You may use labels=[pos_label] to specify a single positive class.
  warnings.warn(

2026-02-01 23:09:12,384:WARNING:c:\Users\Shuvo\sleep_data_analysis_bracu\.venv\Lib\site-packages\sklearn\metrics\_classification.py:1561: UserWarning: Note that pos_label (set to 'Sleep Apnea') is ignored when average != 'binary' (got 'weighted'). You may use labels=[pos_label] to specify a single positive class.
  warnings.warn(

2026-02-01 23:09:12,385:WARNING:c:\Users\Shuvo\sleep_data_analysis_bracu\.venv\Lib\site-packages\sklearn\metrics\_classification.py:1561: UserWarning: Note that pos_label (set to 'Sleep Apnea') is ignored when average != 'binary' (got 'weighted'). You may use labels=[pos_label] to specify a single positive class.
  warnings.warn(

2026-02-01 23:09:12,386:WARNING:c:\Users\Shuvo\sleep_data_analysis_bracu\.venv\Lib\site-packages\sklearn\metrics\_classification.py:1509: UndefinedMetricWarning: Precision is ill-defined and being set to 0.0 in labels with no predicted samples. Use `zero_division` parameter to control this behavior.
  _warn_prf(average, modifier, f"{metric.capitalize()} is", len(result))

2026-02-01 23:09:12,387:WARNING:c:\Users\Shuvo\sleep_data_analysis_bracu\.venv\Lib\site-packages\sklearn\metrics\_classification.py:1509: UndefinedMetricWarning: Precision is ill-defined and being set to 0.0 in labels with no predicted samples. Use `zero_division` parameter to control this behavior.
  _warn_prf(average, modifier, f"{metric.capitalize()} is", len(result))

2026-02-01 23:09:12,388:WARNING:c:\Users\Shuvo\sleep_data_analysis_bracu\.venv\Lib\site-packages\sklearn\metrics\_classification.py:1561: UserWarning: Note that pos_label (set to 'Sleep Apnea') is ignored when average != 'binary' (got 'weighted'). You may use labels=[pos_label] to specify a single positive class.
  warnings.warn(

2026-02-01 23:09:12,389:WARNING:c:\Users\Shuvo\sleep_data_analysis_bracu\.venv\Lib\site-packages\sklearn\metrics\_classification.py:1561: UserWarning: Note that pos_label (set to 'Sleep Apnea') is ignored when average != 'binary' (got 'weighted'). You may use labels=[pos_label] to specify a single positive class.
  warnings.warn(

2026-02-01 23:09:12,393:WARNING:c:\Users\Shuvo\sleep_data_analysis_bracu\.venv\Lib\site-packages\sklearn\metrics\_classification.py:1561: UserWarning: Note that pos_label (set to 'Sleep Apnea') is ignored when average != 'binary' (got 'weighted'). You may use labels=[pos_label] to specify a single positive class.
  warnings.warn(

2026-02-01 23:09:12,396:WARNING:c:\Users\Shuvo\sleep_data_analysis_bracu\.venv\Lib\site-packages\sklearn\metrics\_classification.py:1561: UserWarning: Note that pos_label (set to 'Sleep Apnea') is ignored when average != 'binary' (got 'weighted'). You may use labels=[pos_label] to specify a single positive class.
  warnings.warn(

2026-02-01 23:09:12,397:WARNING:c:\Users\Shuvo\sleep_data_analysis_bracu\.venv\Lib\site-packages\sklearn\metrics\_classification.py:1509: UndefinedMetricWarning: Precision is ill-defined and being set to 0.0 in labels with no predicted samples. Use `zero_division` parameter to control this behavior.
  _warn_prf(average, modifier, f"{metric.capitalize()} is", len(result))

2026-02-01 23:09:12,398:WARNING:c:\Users\Shuvo\sleep_data_analysis_bracu\.venv\Lib\site-packages\sklearn\metrics\_classification.py:1561: UserWarning: Note that pos_label (set to 'Sleep Apnea') is ignored when average != 'binary' (got 'weighted'). You may use labels=[pos_label] to specify a single positive class.
  warnings.warn(

2026-02-01 23:09:12,408:WARNING:c:\Users\Shuvo\sleep_data_analysis_bracu\.venv\Lib\site-packages\sklearn\metrics\_classification.py:1561: UserWarning: Note that pos_label (set to 'Sleep Apnea') is ignored when average != 'binary' (got 'weighted'). You may use labels=[pos_label] to specify a single positive class.
  warnings.warn(

2026-02-01 23:09:12,409:WARNING:c:\Users\Shuvo\sleep_data_analysis_bracu\.venv\Lib\site-packages\sklearn\metrics\_classification.py:1561: UserWarning: Note that pos_label (set to 'Sleep Apnea') is ignored when average != 'binary' (got 'weighted'). You may use labels=[pos_label] to specify a single positive class.
  warnings.warn(

2026-02-01 23:09:12,410:WARNING:c:\Users\Shuvo\sleep_data_analysis_bracu\.venv\Lib\site-packages\sklearn\metrics\_classification.py:1561: UserWarning: Note that pos_label (set to 'Sleep Apnea') is ignored when average != 'binary' (got 'weighted'). You may use labels=[pos_label] to specify a single positive class.
  warnings.warn(

2026-02-01 23:09:12,411:WARNING:c:\Users\Shuvo\sleep_data_analysis_bracu\.venv\Lib\site-packages\sklearn\metrics\_classification.py:1509: UndefinedMetricWarning: Precision is ill-defined and being set to 0.0 in labels with no predicted samples. Use `zero_division` parameter to control this behavior.
  _warn_prf(average, modifier, f"{metric.capitalize()} is", len(result))

2026-02-01 23:09:12,411:WARNING:c:\Users\Shuvo\sleep_data_analysis_bracu\.venv\Lib\site-packages\sklearn\metrics\_classification.py:1561: UserWarning: Note that pos_label (set to 'Sleep Apnea') is ignored when average != 'binary' (got 'weighted'). You may use labels=[pos_label] to specify a single positive class.
  warnings.warn(

2026-02-01 23:09:12,412:WARNING:c:\Users\Shuvo\sleep_data_analysis_bracu\.venv\Lib\site-packages\sklearn\metrics\_classification.py:1509: UndefinedMetricWarning: Precision is ill-defined and being set to 0.0 in labels with no predicted samples. Use `zero_division` parameter to control this behavior.
  _warn_prf(average, modifier, f"{metric.capitalize()} is", len(result))

2026-02-01 23:09:12,413:WARNING:c:\Users\Shuvo\sleep_data_analysis_bracu\.venv\Lib\site-packages\sklearn\metrics\_classification.py:1561: UserWarning: Note that pos_label (set to 'Sleep Apnea') is ignored when average != 'binary' (got 'weighted'). You may use labels=[pos_label] to specify a single positive class.
  warnings.warn(

2026-02-01 23:09:12,414:WARNING:c:\Users\Shuvo\sleep_data_analysis_bracu\.venv\Lib\site-packages\sklearn\metrics\_classification.py:1561: UserWarning: Note that pos_label (set to 'Sleep Apnea') is ignored when average != 'binary' (got 'weighted'). You may use labels=[pos_label] to specify a single positive class.
  warnings.warn(

2026-02-01 23:09:12,414:WARNING:c:\Users\Shuvo\sleep_data_analysis_bracu\.venv\Lib\site-packages\sklearn\metrics\_classification.py:1561: UserWarning: Note that pos_label (set to 'Sleep Apnea') is ignored when average != 'binary' (got 'weighted'). You may use labels=[pos_label] to specify a single positive class.
  warnings.warn(

2026-02-01 23:09:12,416:WARNING:c:\Users\Shuvo\sleep_data_analysis_bracu\.venv\Lib\site-packages\sklearn\metrics\_classification.py:1561: UserWarning: Note that pos_label (set to 'Sleep Apnea') is ignored when average != 'binary' (got 'weighted'). You may use labels=[pos_label] to specify a single positive class.
  warnings.warn(

2026-02-01 23:09:12,417:WARNING:c:\Users\Shuvo\sleep_data_analysis_bracu\.venv\Lib\site-packages\sklearn\metrics\_classification.py:1509: UndefinedMetricWarning: Precision is ill-defined and being set to 0.0 in labels with no predicted samples. Use `zero_division` parameter to control this behavior.
  _warn_prf(average, modifier, f"{metric.capitalize()} is", len(result))

2026-02-01 23:09:12,419:WARNING:c:\Users\Shuvo\sleep_data_analysis_bracu\.venv\Lib\site-packages\sklearn\metrics\_classification.py:1561: UserWarning: Note that pos_label (set to 'Sleep Apnea') is ignored when average != 'binary' (got 'weighted'). You may use labels=[pos_label] to specify a single positive class.
  warnings.warn(

2026-02-01 23:09:12,429:INFO:Calculating mean and std
2026-02-01 23:09:12,431:INFO:Creating metrics dataframe
2026-02-01 23:09:12,433:INFO:Uploading results into container
2026-02-01 23:09:12,433:INFO:Uploading model into container now
2026-02-01 23:09:12,434:INFO:_master_model_container: 14
2026-02-01 23:09:12,434:INFO:_display_container: 2
2026-02-01 23:09:12,434:INFO:DummyClassifier(constant=None, random_state=12, strategy='prior')
2026-02-01 23:09:12,435:INFO:create_model() successfully completed......................................
2026-02-01 23:09:12,546:INFO:SubProcess create_model() end ==================================
2026-02-01 23:09:12,546:INFO:Creating metrics dataframe
2026-02-01 23:09:12,565:WARNING:c:\Users\Shuvo\sleep_data_analysis_bracu\.venv\Lib\site-packages\pycaret\internal\pycaret_experiment\supervised_experiment.py:339: FutureWarning: Styler.applymap has been deprecated. Use Styler.map instead.
  .applymap(highlight_cols, subset=["TT (Sec)"])

2026-02-01 23:09:12,574:INFO:Initializing create_model()
2026-02-01 23:09:12,574:INFO:create_model(self=<pycaret.classification.oop.ClassificationExperiment object at 0x0000027B8AE03350>, estimator=GaussianNB(priors=None, var_smoothing=1e-09), fold=StratifiedKFold(n_splits=10, random_state=None, shuffle=False), round=4, cross_validation=False, predict=False, fit_kwargs={}, groups=None, refit=True, probability_threshold=None, experiment_custom_tags=None, verbose=False, system=False, add_to_model_list=True, metrics=None, display=None, model_only=True, return_train_score=False, error_score=0.0, kwargs={})
2026-02-01 23:09:12,574:INFO:Checking exceptions
2026-02-01 23:09:12,576:INFO:Importing libraries
2026-02-01 23:09:12,577:INFO:Copying training dataset
2026-02-01 23:09:12,580:INFO:Defining folds
2026-02-01 23:09:12,580:INFO:Declaring metric variables
2026-02-01 23:09:12,580:INFO:Importing untrained model
2026-02-01 23:09:12,580:INFO:Declaring custom model
2026-02-01 23:09:12,581:INFO:Naive Bayes Imported successfully
2026-02-01 23:09:12,582:INFO:Cross validation set to False
2026-02-01 23:09:12,582:INFO:Fitting Model
2026-02-01 23:09:12,641:INFO:GaussianNB(priors=None, var_smoothing=1e-09)
2026-02-01 23:09:12,641:INFO:create_model() successfully completed......................................
2026-02-01 23:09:12,774:INFO:_master_model_container: 14
2026-02-01 23:09:12,775:INFO:_display_container: 2
2026-02-01 23:09:12,775:INFO:GaussianNB(priors=None, var_smoothing=1e-09)
2026-02-01 23:09:12,775:INFO:compare_models() successfully completed......................................
